station,year,integrated_chlorophyll_0_100,integrated_nitrate_0_50,integrated_nitrate_50_150,integrated_phosphate_0_50,integrated_phosphate_50_150,integrated_silicate_0_50,integrated_silicate_50_150,station_name,sea_surface_temperature_from_moorings,temperature_in_air
HL2,1999,68.0358454154307,84.9926392328273,914.010572568005,25.451916069979,95.3141703776041,133.32310543583,1027.935302401,Halifax,7.803,8.57
HL2,1999,68.0358454154307,84.9926392328273,914.010572568005,25.451916069979,95.3141703776041,133.32310543583,1027.935302401,St.Andrews,8.203,NA
HL2,2000,52.1824726986102,153.673783454632,1052.23513329928,30.7645912281045,106.723099652567,188.399294922001,1027.66525465074,Halifax,8.153,7.38
HL2,2000,52.1824726986102,153.673783454632,1052.23513329928,30.7645912281045,106.723099652567,188.399294922001,1027.66525465074,St.Andrews,8.104,NA
HL2,2001,68.3040374106269,149.709842663959,852.208183993538,37.9559900800039,115.867940624723,165.892718484153,847.409961010792,Halifax,7.12,7.5
HL2,2001,68.3040374106269,149.709842663959,852.208183993538,37.9559900800039,115.867940624723,165.892718484153,847.409961010792,St.Andrews,7.176,NA
HL2,2002,47.39107991266,103.19296414691,987.008223994648,31.4940617245293,112.733526636926,112.254748358715,906.011133694936,Halifax,7.428,6.89
HL2,2002,47.39107991266,103.19296414691,987.008223994648,31.4940617245293,112.733526636926,112.254748358715,906.011133694936,St.Andrews,7.91,NA
HL2,2003,96.4784422089765,150.750616846721,1043.75846586779,29.2617177615721,105.778067967364,178.090083459672,972.478221436209,Halifax,6.725,7.01
HL2,2003,96.4784422089765,150.750616846721,1043.75846586779,29.2617177615721,105.778067967364,178.090083459672,972.478221436209,St.Andrews,6.952,NA
HL2,2004,66.8230351987743,126.2664520614,857.735558684255,27.5621963934064,99.6466749561855,159.148575583219,831.497509631702,Halifax,6.886,6.31
HL2,2004,66.8230351987743,126.2664520614,857.735558684255,27.5621963934064,99.6466749561855,159.148575583219,831.497509631702,St.Andrews,6.449,NA
HL2,2005,52.5822011051371,122.874064085518,724.109542555085,28.8756114545793,95.2293097155251,153.043357192465,753.309226881897,Halifax,6.933,7.21
HL2,2005,52.5822011051371,122.874064085518,724.109542555085,28.8756114545793,95.2293097155251,153.043357192465,753.309226881897,St.Andrews,7.195,NA
HL2,2006,36.6926934787139,130.31969843666,984.917414963756,27.8637573656104,102.188281951001,167.957645850661,967.74200286777,Halifax,8.221,8.08
HL2,2006,36.6926934787139,130.31969843666,984.917414963756,27.8637573656104,102.188281951001,167.957645850661,967.74200286777,St.Andrews,8.585,NA
HL2,2007,99.644356814224,133.49843455905,841.845792707102,29.4194861264886,99.8222626304234,176.732510049341,898.85518375665,Halifax,6.881,6.5
HL2,2007,99.644356814224,133.49843455905,841.845792707102,29.4194861264886,99.8222626304234,176.732510049341,898.85518375665,St.Andrews,7.229,NA
HL2,2008,33.7920074929991,161.652186496808,964.100838972733,31.9358248693932,105.775557590726,193.550027451951,940.089287770489,Halifax,7.56,7.35
HL2,2008,33.7920074929991,161.652186496808,964.100838972733,31.9358248693932,105.775557590726,193.550027451951,940.089287770489,St.Andrews,7.443,NA
HL2,2009,74.8208850062,124.005255358422,950.361127988813,25.9379532744005,97.3461515129431,159.271455464361,920.51220250135,Halifax,7.611,6.89
HL2,2009,74.8208850062,124.005255358422,950.361127988813,25.9379532744005,97.3461515129431,159.271455464361,920.51220250135,St.Andrews,7.486,NA
HL2,2010,35.1415926143237,107.267900274148,863.907670316141,29.2405897925133,107.170632287278,154.254975020569,873.023629401051,Halifax,8.095,8.4
HL2,2010,35.1415926143237,107.267900274148,863.907670316141,29.2405897925133,107.170632287278,154.254975020569,873.023629401051,St.Andrews,8.356,NA
HL2,2011,35.5243083544716,115.05795963973,854.316388666826,29.1986403676488,109.868814736577,156.209460112223,875.509720730174,Halifax,8.284,7.58
HL2,2011,35.5243083544716,115.05795963973,854.316388666826,29.1986403676488,109.868814736577,156.209460112223,875.509720730174,St.Andrews,8.26,NA
HL2,2012,60.7461191455689,67.5599501364068,1078.07955422247,21.664298440675,105.071826783969,101.826626659791,1029.34089662055,Halifax,8.727,8.37
HL2,2012,60.7461191455689,67.5599501364068,1078.07955422247,21.664298440675,105.071826783969,101.826626659791,1029.34089662055,St.Andrews,9.163,NA
HL2,2013,23.9452679992757,147.699446559306,900.078440491202,33.7394467621045,144.181257915513,163.51350699875,842.137097039724,Halifax,7.5,7.1
HL2,2013,23.9452679992757,147.699446559306,900.078440491202,33.7394467621045,144.181257915513,163.51350699875,842.137097039724,St.Andrews,8.329,NA
HL2,2014,78.75219210416,112.100629870528,920.843279780301,24.7512084500633,94.7576466558415,130.632093444421,846.803275161809,Halifax,7.82,7.31
HL2,2014,78.75219210416,112.100629870528,920.843279780301,24.7512084500633,94.7576466558415,130.632093444421,846.803275161809,St.Andrews,7.914,NA
HL2,2015,88.6253866951207,125.624035967763,962.78655547107,25.4163192270004,98.8780454234246,150.403928553305,912.322127156331,Halifax,7.6,6.66
HL2,2015,88.6253866951207,125.624035967763,962.78655547107,25.4163192270004,98.8780454234246,150.403928553305,912.322127156331,St.Andrews,7.591,NA
HL2,2016,33.3570875535562,94.4444788042867,903.726187249306,25.8960347186634,94.5689577798009,116.77341225138,917.729112230154,Halifax,8.448,7.68
HL2,2016,33.3570875535562,94.4444788042867,903.726187249306,25.8960347186634,94.5689577798009,116.77341225138,917.729112230154,St.Andrews,8.766,NA
HL2,2017,53.2508144057257,115.283202398067,801.436959679556,25.0790227792635,89.0852741187799,143.352906367078,787.092359879118,Halifax,8.13,7.68
HL2,2017,53.2508144057257,115.283202398067,801.436959679556,25.0790227792635,89.0852741187799,143.352906367078,787.092359879118,St.Andrews,8.175,NA
HL2,2018,65.1349908498047,104.712593672717,753.468079558325,21.597590604269,78.221198436002,126.384998273875,727.263400413638,Halifax,7.795,7.57
HL2,2018,65.1349908498047,104.712593672717,753.468079558325,21.597590604269,78.221198436002,126.384998273875,727.263400413638,St.Andrews,8.36,NA
HL2,2019,56.722879727449,108.06754750556,884.948094382797,24.5417586924328,90.3129885741652,138.740983648014,842.482961216029,Halifax,7.523,6.94
HL2,2019,56.722879727449,108.06754750556,884.948094382797,24.5417586924328,90.3129885741652,138.740983648014,842.482961216029,St.Andrews,7.698,NA
P5,1999,115.880358574405,308.495429969518,322.653727004971,37.4103745607001,35.657038090896,294.267710207785,291.24262633008,Halifax,7.803,8.57
P5,1999,115.880358574405,308.495429969518,322.653727004971,37.4103745607001,35.657038090896,294.267710207785,291.24262633008,St.Andrews,8.203,NA
P5,2000,156.678652149102,339.392256507523,341.757753574168,40.7442240296629,39.5021850710813,283.230040735322,270.381316909461,Halifax,8.153,7.38
P5,2000,156.678652149102,339.392256507523,341.757753574168,40.7442240296629,39.5021850710813,283.230040735322,270.381316909461,St.Andrews,8.104,NA
P5,2001,84.7470984953831,327.806948189815,327.782529055838,43.4723651676969,40.5942375956081,317.354239848784,306.420193411399,Halifax,7.12,7.5
P5,2001,84.7470984953831,327.806948189815,327.782529055838,43.4723651676969,40.5942375956081,317.354239848784,306.420193411399,St.Andrews,7.176,NA
P5,2002,97.054481620664,385.436537256035,384.975976278558,42.4829703961139,40.0743403005305,332.555921685168,330.470808104166,Halifax,7.428,6.89
P5,2002,97.054481620664,385.436537256035,384.975976278558,42.4829703961139,40.0743403005305,332.555921685168,330.470808104166,St.Andrews,7.91,NA
P5,2003,110.006845506767,382.995860640465,385.034180623933,NA,NA,349.402442241169,328.798700544859,Halifax,6.725,7.01
P5,2003,110.006845506767,382.995860640465,385.034180623933,NA,NA,349.402442241169,328.798700544859,St.Andrews,6.952,NA
P5,2004,110.48375,354.894708333334,345.166166666667,41.0691666666666,38.9694166666667,338.756583333333,314.910541666667,Halifax,6.886,6.31
P5,2004,110.48375,354.894708333334,345.166166666667,41.0691666666666,38.9694166666667,338.756583333333,314.910541666667,St.Andrews,6.449,NA
P5,2005,79.437915741521,345.598203641913,343.584472862604,39.9707785468516,37.7034059797804,328.131769102843,325.631117491151,Halifax,6.933,7.21
P5,2005,79.437915741521,345.598203641913,343.584472862604,39.9707785468516,37.7034059797804,328.131769102843,325.631117491151,St.Andrews,7.195,NA
P5,2006,90.0484583333337,399.729125000001,386.58725,41.6835833333333,39.1383333333334,367.816208333334,335.581708333333,Halifax,8.221,8.08
P5,2006,90.0484583333337,399.729125000001,386.58725,41.6835833333333,39.1383333333334,367.816208333334,335.581708333333,St.Andrews,8.585,NA
P5,2007,110.50125,345.400916666667,344.926875,45.9204166666666,43.7268750000001,344.912791666666,330.855,Halifax,6.881,6.5
P5,2007,110.50125,345.400916666667,344.926875,45.9204166666666,43.7268750000001,344.912791666666,330.855,St.Andrews,7.229,NA
P5,2008,107.206041666667,368.018208333333,365.603416666666,40.8830833333333,39.0194583333333,379.830916666666,344.806041666666,Halifax,7.56,7.35
P5,2008,107.206041666667,368.018208333333,365.603416666666,40.8830833333333,39.0194583333333,379.830916666666,344.806041666666,St.Andrews,7.443,NA
P5,2009,68.3152864583335,398.71191674428,400.643544867542,42.0495434949301,41.2496650120777,384.720474959112,369.738133918505,Halifax,7.611,6.89
P5,2009,68.3152864583335,398.71191674428,400.643544867542,42.0495434949301,41.2496650120777,384.720474959112,369.738133918505,St.Andrews,7.486,NA
P5,2010,112.308129897302,313.7335,320.86234375,44.29275,42.5603723958333,359.545458333333,337.950596354167,Halifax,8.095,8.4
P5,2010,112.308129897302,313.7335,320.86234375,44.29275,42.5603723958333,359.545458333333,337.950596354167,St.Andrews,8.356,NA
P5,2011,77.7006666666667,366.166,340.251208333333,44.4354166666666,41.195125,370.220499999999,335.399791666667,Halifax,8.284,7.58
P5,2011,77.7006666666667,366.166,340.251208333333,44.4354166666666,41.195125,370.220499999999,335.399791666667,St.Andrews,8.26,NA
P5,2012,114.265104166667,368.983291666668,375.457125,41.7273541666667,39.0193541666667,340.532520833334,323.551958333333,Halifax,8.727,8.37
P5,2012,114.265104166667,368.983291666668,375.457125,41.7273541666667,39.0193541666667,340.532520833334,323.551958333333,St.Andrews,9.163,NA
P5,2013,NA,339.529375000001,337.918283514493,37.4695416666666,34.6062038043478,282.6575,271.37240942029,Halifax,7.5,7.1
P5,2013,NA,339.529375000001,337.918283514493,37.4695416666666,34.6062038043478,282.6575,271.37240942029,St.Andrews,8.329,NA
P5,2014,106.736813098958,347.939583333334,350.0151953125,38.1950416666666,36.6503658854167,284.956666666667,266.51734375,Halifax,7.82,7.31
P5,2014,106.736813098958,347.939583333334,350.0151953125,38.1950416666666,36.6503658854167,284.956666666667,266.51734375,St.Andrews,7.914,NA
P5,2015,140.795397785702,294.752746136294,317.892355896355,35.9562029917218,35.6077308375674,285.030273710935,284.693824574313,Halifax,7.6,6.66
P5,2015,140.795397785702,294.752746136294,317.892355896355,35.9562029917218,35.6077308375674,285.030273710935,284.693824574313,St.Andrews,7.591,NA
P5,2016,100.346011288594,303.443248707179,311.978292667385,39.3767636143231,39.0690822271827,265.534559038159,261.332385848603,Halifax,8.448,7.68
P5,2016,100.346011288594,303.443248707179,311.978292667385,39.3767636143231,39.0690822271827,265.534559038159,261.332385848603,St.Andrews,8.766,NA
P5,2017,111.520146781615,290.138693846649,275.931056922085,36.3944510843117,34.1057962872629,315.322483277396,278.500138384782,Halifax,8.13,7.68
P5,2017,111.520146781615,290.138693846649,275.931056922085,36.3944510843117,34.1057962872629,315.322483277396,278.500138384782,St.Andrews,8.175,NA
P5,2018,65.6581351907499,293.133829058303,315.604931084151,32.9549813554478,32.6574523979041,274.438818358883,286.039263325905,Halifax,7.795,7.57
P5,2018,65.6581351907499,293.133829058303,315.604931084151,32.9549813554478,32.6574523979041,274.438818358883,286.039263325905,St.Andrews,8.36,NA
P5,2019,78.7672608661869,303.647787221718,312.733132272048,34.7059505549265,33.3491524424178,295.169473860684,273.147696875714,Halifax,7.523,6.94
P5,2019,78.7672608661869,303.647787221718,312.733132272048,34.7059505549265,33.3491524424178,295.169473860684,273.147696875714,St.Andrews,7.698,NA
NA,1926,NA,NA,NA,NA,NA,NA,NA,Halifax,6.171,4.59
NA,1927,NA,NA,NA,NA,NA,NA,NA,Halifax,7.23,5.21
NA,1928,NA,NA,NA,NA,NA,NA,NA,Halifax,7.396,5.57
NA,1929,NA,NA,NA,NA,NA,NA,NA,Halifax,6.638,5.46
NA,1930,NA,NA,NA,NA,NA,NA,NA,Halifax,8.038,6.17
NA,1931,NA,NA,NA,NA,NA,NA,NA,Halifax,8.18,6.76
NA,1932,NA,NA,NA,NA,NA,NA,NA,Halifax,7.338,5.9
NA,1933,NA,NA,NA,NA,NA,NA,NA,Halifax,7.521,5.49
NA,1934,NA,NA,NA,NA,NA,NA,NA,Halifax,7.446,5.18
NA,1935,NA,NA,NA,NA,NA,NA,NA,Halifax,7.413,5.28
NA,1936,NA,NA,NA,NA,NA,NA,NA,Halifax,7.621,5.71
NA,1937,NA,NA,NA,NA,NA,NA,NA,Halifax,8.062,6.54
NA,1938,NA,NA,NA,NA,NA,NA,NA,Halifax,8.088,6.29
NA,1939,NA,NA,NA,NA,NA,NA,NA,Halifax,6.455,5.64
NA,1940,NA,NA,NA,NA,NA,NA,NA,Halifax,6.267,4.89
NA,1941,NA,NA,NA,NA,NA,NA,NA,Halifax,5.455,4.93
NA,1942,NA,NA,NA,NA,NA,NA,NA,Halifax,6.485,5.93
NA,1943,NA,NA,NA,NA,NA,NA,NA,Halifax,6.359,5.32
NA,1946,NA,NA,NA,NA,NA,NA,NA,Halifax,6.361,5.89
NA,1947,NA,NA,NA,NA,NA,NA,NA,Halifax,7.496,6.21
NA,1948,NA,NA,NA,NA,NA,NA,NA,Halifax,6.567,4.97
NA,1949,NA,NA,NA,NA,NA,NA,NA,Halifax,7.5,6.87
NA,1950,NA,NA,NA,NA,NA,NA,NA,Halifax,6.764,5.68
NA,1951,NA,NA,NA,NA,NA,NA,NA,Halifax,8.838,7.23
NA,1952,NA,NA,NA,NA,NA,NA,NA,Halifax,7.555,6.58
NA,1953,NA,NA,NA,NA,NA,NA,NA,Halifax,7.896,7.47
NA,1954,NA,NA,NA,NA,NA,NA,NA,Halifax,7.455,8.29
NA,1955,NA,NA,NA,NA,NA,NA,NA,Halifax,7.155,NA
NA,1956,NA,NA,NA,NA,NA,NA,NA,Halifax,7.071,NA
NA,1957,NA,NA,NA,NA,NA,NA,NA,Halifax,6.463,NA
NA,1958,NA,NA,NA,NA,NA,NA,NA,Halifax,7.638,NA
NA,1959,NA,NA,NA,NA,NA,NA,NA,Halifax,7.496,NA
NA,1960,NA,NA,NA,NA,NA,NA,NA,Halifax,8.013,6.61
NA,1961,NA,NA,NA,NA,NA,NA,NA,Halifax,7.721,6.48
NA,1962,NA,NA,NA,NA,NA,NA,NA,Halifax,6.93,5.73
NA,1963,NA,NA,NA,NA,NA,NA,NA,Halifax,7.021,5.9
NA,1964,NA,NA,NA,NA,NA,NA,NA,Halifax,6.555,5.98
NA,1965,NA,NA,NA,NA,NA,NA,NA,Halifax,5.846,5.57
NA,1966,NA,NA,NA,NA,NA,NA,NA,Halifax,6.596,6.89
NA,1967,NA,NA,NA,NA,NA,NA,NA,Halifax,6.546,5.98
NA,1968,NA,NA,NA,NA,NA,NA,NA,Halifax,7.388,6.38
NA,1969,NA,NA,NA,NA,NA,NA,NA,Halifax,7.921,7.22
NA,1970,NA,NA,NA,NA,NA,NA,NA,Halifax,7.321,6
NA,1971,NA,NA,NA,NA,NA,NA,NA,Halifax,7.263,6.3
NA,1972,NA,NA,NA,NA,NA,NA,NA,Halifax,6.746,5.45
NA,1973,NA,NA,NA,NA,NA,NA,NA,Halifax,7.055,6.82
NA,1974,NA,NA,NA,NA,NA,NA,NA,Halifax,7.046,5.83
NA,1975,NA,NA,NA,NA,NA,NA,NA,Halifax,7.28,6.31
NA,1976,NA,NA,NA,NA,NA,NA,NA,Halifax,7.671,6.72
NA,1977,NA,NA,NA,NA,NA,NA,NA,Halifax,7.163,6.65
NA,1978,NA,NA,NA,NA,NA,NA,NA,Halifax,7.638,5.83
NA,1979,NA,NA,NA,NA,NA,NA,NA,Halifax,7.755,7.01
NA,1980,NA,NA,NA,NA,NA,NA,NA,Halifax,8.288,5.78
NA,1981,NA,NA,NA,NA,NA,NA,NA,Halifax,8.655,7.18
NA,1982,NA,NA,NA,NA,NA,NA,NA,Halifax,8.571,6.37
NA,1983,NA,NA,NA,NA,NA,NA,NA,Halifax,9.296,7.42
NA,1984,NA,NA,NA,NA,NA,NA,NA,Halifax,7.855,7.3
NA,1985,NA,NA,NA,NA,NA,NA,NA,Halifax,7.921,5.86
NA,1986,NA,NA,NA,NA,NA,NA,NA,Halifax,7.33,5.95
NA,1987,NA,NA,NA,NA,NA,NA,NA,Halifax,7.18,6.23
NA,1988,NA,NA,NA,NA,NA,NA,NA,Halifax,6.38,6.42
NA,1989,NA,NA,NA,NA,NA,NA,NA,Halifax,7.105,5.86
NA,1990,NA,NA,NA,NA,NA,NA,NA,Halifax,7.046,7.27
NA,1991,NA,NA,NA,NA,NA,NA,NA,Halifax,6.971,7.05
NA,1992,NA,NA,NA,NA,NA,NA,NA,Halifax,6.513,5.84
NA,1993,NA,NA,NA,NA,NA,NA,NA,Halifax,6.748,5.93
NA,1994,NA,NA,NA,NA,NA,NA,NA,Halifax,6.712,6.73
NA,1995,NA,NA,NA,NA,NA,NA,NA,Halifax,7.216,6.63
NA,1996,NA,NA,NA,NA,NA,NA,NA,Halifax,7.094,6.63
NA,1997,NA,NA,NA,NA,NA,NA,NA,Halifax,6.906,5.99
NA,1998,NA,NA,NA,NA,NA,NA,NA,Halifax,7.325,7.64
NA,1921,NA,NA,NA,NA,NA,NA,NA,St.Andrews,7.002,NA
NA,1922,NA,NA,NA,NA,NA,NA,NA,St.Andrews,5.977,NA
NA,1923,NA,NA,NA,NA,NA,NA,NA,St.Andrews,5.377,NA
NA,1924,NA,NA,NA,NA,NA,NA,NA,St.Andrews,6.352,NA
NA,1925,NA,NA,NA,NA,NA,NA,NA,St.Andrews,6.169,NA
NA,1926,NA,NA,NA,NA,NA,NA,NA,St.Andrews,5.819,NA
NA,1927,NA,NA,NA,NA,NA,NA,NA,St.Andrews,6.785,NA
NA,1928,NA,NA,NA,NA,NA,NA,NA,St.Andrews,7.277,NA
NA,1929,NA,NA,NA,NA,NA,NA,NA,St.Andrews,6.702,NA
NA,1930,NA,NA,NA,NA,NA,NA,NA,St.Andrews,7.044,NA
NA,1931,NA,NA,NA,NA,NA,NA,NA,St.Andrews,7.285,NA
NA,1932,NA,NA,NA,NA,NA,NA,NA,St.Andrews,6.935,NA
NA,1933,NA,NA,NA,NA,NA,NA,NA,St.Andrews,6.677,NA
NA,1934,NA,NA,NA,NA,NA,NA,NA,St.Andrews,6.244,NA
NA,1935,NA,NA,NA,NA,NA,NA,NA,St.Andrews,6.194,NA
NA,1936,NA,NA,NA,NA,NA,NA,NA,St.Andrews,6.71,NA
NA,1937,NA,NA,NA,NA,NA,NA,NA,St.Andrews,7.61,NA
NA,1938,NA,NA,NA,NA,NA,NA,NA,St.Andrews,7.119,NA
NA,1939,NA,NA,NA,NA,NA,NA,NA,St.Andrews,6.577,NA
NA,1940,NA,NA,NA,NA,NA,NA,NA,St.Andrews,6.052,NA
NA,1941,NA,NA,NA,NA,NA,NA,NA,St.Andrews,6.352,NA
NA,1942,NA,NA,NA,NA,NA,NA,NA,St.Andrews,6.569,NA
NA,1943,NA,NA,NA,NA,NA,NA,NA,St.Andrews,6.26,NA
NA,1944,NA,NA,NA,NA,NA,NA,NA,St.Andrews,6.844,NA
NA,1945,NA,NA,NA,NA,NA,NA,NA,St.Andrews,7.144,NA
NA,1946,NA,NA,NA,NA,NA,NA,NA,St.Andrews,7.16,NA
NA,1947,NA,NA,NA,NA,NA,NA,NA,St.Andrews,7.702,NA
NA,1948,NA,NA,NA,NA,NA,NA,NA,St.Andrews,6.519,NA
NA,1949,NA,NA,NA,NA,NA,NA,NA,St.Andrews,8.277,NA
NA,1950,NA,NA,NA,NA,NA,NA,NA,St.Andrews,7.627,NA
NA,1951,NA,NA,NA,NA,NA,NA,NA,St.Andrews,8.502,NA
NA,1952,NA,NA,NA,NA,NA,NA,NA,St.Andrews,7.81,NA
NA,1953,NA,NA,NA,NA,NA,NA,NA,St.Andrews,8.369,NA
NA,1954,NA,NA,NA,NA,NA,NA,NA,St.Andrews,8.135,NA
NA,1955,NA,NA,NA,NA,NA,NA,NA,St.Andrews,7.652,NA
NA,1956,NA,NA,NA,NA,NA,NA,NA,St.Andrews,6.744,NA
NA,1957,NA,NA,NA,NA,NA,NA,NA,St.Andrews,7.394,NA
NA,1958,NA,NA,NA,NA,NA,NA,NA,St.Andrews,7.435,NA
NA,1959,NA,NA,NA,NA,NA,NA,NA,St.Andrews,6.61,NA
NA,1960,NA,NA,NA,NA,NA,NA,NA,St.Andrews,7.377,NA
NA,1961,NA,NA,NA,NA,NA,NA,NA,St.Andrews,6.71,NA
NA,1962,NA,NA,NA,NA,NA,NA,NA,St.Andrews,6.76,NA
NA,1963,NA,NA,NA,NA,NA,NA,NA,St.Andrews,7.227,NA
NA,1964,NA,NA,NA,NA,NA,NA,NA,St.Andrews,6.452,NA
NA,1965,NA,NA,NA,NA,NA,NA,NA,St.Andrews,6.235,NA
NA,1966,NA,NA,NA,NA,NA,NA,NA,St.Andrews,6.785,NA
NA,1967,NA,NA,NA,NA,NA,NA,NA,St.Andrews,6.21,NA
NA,1968,NA,NA,NA,NA,NA,NA,NA,St.Andrews,6.869,NA
NA,1969,NA,NA,NA,NA,NA,NA,NA,St.Andrews,7.56,NA
NA,1970,NA,NA,NA,NA,NA,NA,NA,St.Andrews,7.594,NA
NA,1971,NA,NA,NA,NA,NA,NA,NA,St.Andrews,7.569,NA
NA,1972,NA,NA,NA,NA,NA,NA,NA,St.Andrews,6.819,NA
NA,1973,NA,NA,NA,NA,NA,NA,NA,St.Andrews,7.31,NA
NA,1974,NA,NA,NA,NA,NA,NA,NA,St.Andrews,7.219,NA
NA,1975,NA,NA,NA,NA,NA,NA,NA,St.Andrews,6.952,NA
NA,1976,NA,NA,NA,NA,NA,NA,NA,St.Andrews,8.285,NA
NA,1977,NA,NA,NA,NA,NA,NA,NA,St.Andrews,6.96,NA
NA,1978,NA,NA,NA,NA,NA,NA,NA,St.Andrews,7.302,NA
NA,1979,NA,NA,NA,NA,NA,NA,NA,St.Andrews,7.719,NA
NA,1980,NA,NA,NA,NA,NA,NA,NA,St.Andrews,7.027,NA
NA,1981,NA,NA,NA,NA,NA,NA,NA,St.Andrews,7.319,NA
NA,1982,NA,NA,NA,NA,NA,NA,NA,St.Andrews,7.369,NA
NA,1983,NA,NA,NA,NA,NA,NA,NA,St.Andrews,7.96,NA
NA,1984,NA,NA,NA,NA,NA,NA,NA,St.Andrews,7.335,NA
NA,1985,NA,NA,NA,NA,NA,NA,NA,St.Andrews,6.705,NA
NA,1986,NA,NA,NA,NA,NA,NA,NA,St.Andrews,6.835,NA
NA,1987,NA,NA,NA,NA,NA,NA,NA,St.Andrews,6.896,NA
NA,1988,NA,NA,NA,NA,NA,NA,NA,St.Andrews,6.069,NA
NA,1989,NA,NA,NA,NA,NA,NA,NA,St.Andrews,6.477,NA
NA,1990,NA,NA,NA,NA,NA,NA,NA,St.Andrews,6.994,NA
NA,1991,NA,NA,NA,NA,NA,NA,NA,St.Andrews,7.152,NA
NA,1992,NA,NA,NA,NA,NA,NA,NA,St.Andrews,7.169,NA
NA,1993,NA,NA,NA,NA,NA,NA,NA,St.Andrews,6.677,NA
NA,1994,NA,NA,NA,NA,NA,NA,NA,St.Andrews,7.635,NA
NA,1995,NA,NA,NA,NA,NA,NA,NA,St.Andrews,7.585,NA
NA,1996,NA,NA,NA,NA,NA,NA,NA,St.Andrews,7.315,NA
NA,1997,NA,NA,NA,NA,NA,NA,NA,St.Andrews,7.227,NA
NA,1998,NA,NA,NA,NA,NA,NA,NA,St.Andrews,7.557,NA
NA,1872,NA,NA,NA,NA,NA,NA,NA,Boston,NA,8.12
NA,1873,NA,NA,NA,NA,NA,NA,NA,Boston,NA,7.83
NA,1874,NA,NA,NA,NA,NA,NA,NA,Boston,NA,8.04
NA,1875,NA,NA,NA,NA,NA,NA,NA,Boston,NA,6.95
NA,1876,NA,NA,NA,NA,NA,NA,NA,Boston,NA,7.64
NA,1877,NA,NA,NA,NA,NA,NA,NA,Boston,NA,8.84
NA,1878,NA,NA,NA,NA,NA,NA,NA,Boston,NA,8.92
NA,1879,NA,NA,NA,NA,NA,NA,NA,Boston,NA,7.93
NA,1880,NA,NA,NA,NA,NA,NA,NA,Boston,NA,8.96
NA,1881,NA,NA,NA,NA,NA,NA,NA,Boston,NA,8.58
NA,1882,NA,NA,NA,NA,NA,NA,NA,Boston,NA,8.16
NA,1883,NA,NA,NA,NA,NA,NA,NA,Boston,NA,7.65
NA,1884,NA,NA,NA,NA,NA,NA,NA,Boston,NA,8.27
NA,1885,NA,NA,NA,NA,NA,NA,NA,Boston,NA,7.55
NA,1886,NA,NA,NA,NA,NA,NA,NA,Boston,NA,7.9
NA,1887,NA,NA,NA,NA,NA,NA,NA,Boston,NA,7.99
NA,1888,NA,NA,NA,NA,NA,NA,NA,Boston,NA,7.32
NA,1889,NA,NA,NA,NA,NA,NA,NA,Boston,NA,9.19
NA,1890,NA,NA,NA,NA,NA,NA,NA,Boston,NA,8.34
NA,1891,NA,NA,NA,NA,NA,NA,NA,Boston,NA,9.03
NA,1892,NA,NA,NA,NA,NA,NA,NA,Boston,NA,8.48
NA,1893,NA,NA,NA,NA,NA,NA,NA,Boston,NA,7.22
NA,1894,NA,NA,NA,NA,NA,NA,NA,Boston,NA,8.62
NA,1895,NA,NA,NA,NA,NA,NA,NA,Boston,NA,8.33
NA,1896,NA,NA,NA,NA,NA,NA,NA,Boston,NA,7.98
NA,1897,NA,NA,NA,NA,NA,NA,NA,Boston,NA,8.39
NA,1898,NA,NA,NA,NA,NA,NA,NA,Boston,NA,8.82
NA,1899,NA,NA,NA,NA,NA,NA,NA,Boston,NA,8.49
NA,1900,NA,NA,NA,NA,NA,NA,NA,Boston,NA,8.89
NA,1901,NA,NA,NA,NA,NA,NA,NA,Boston,NA,7.85
NA,1902,NA,NA,NA,NA,NA,NA,NA,Boston,NA,8.23
NA,1903,NA,NA,NA,NA,NA,NA,NA,Boston,NA,8.11
NA,1904,NA,NA,NA,NA,NA,NA,NA,Boston,NA,6.69
NA,1905,NA,NA,NA,NA,NA,NA,NA,Boston,NA,7.81
NA,1906,NA,NA,NA,NA,NA,NA,NA,Boston,NA,8.31
NA,1907,NA,NA,NA,NA,NA,NA,NA,Boston,NA,7.39
NA,1908,NA,NA,NA,NA,NA,NA,NA,Boston,NA,8.71
NA,1909,NA,NA,NA,NA,NA,NA,NA,Boston,NA,8.35
NA,1910,NA,NA,NA,NA,NA,NA,NA,Boston,NA,8.48
NA,1911,NA,NA,NA,NA,NA,NA,NA,Boston,NA,8.56
NA,1912,NA,NA,NA,NA,NA,NA,NA,Boston,NA,8.37
NA,1913,NA,NA,NA,NA,NA,NA,NA,Boston,NA,9.33
NA,1914,NA,NA,NA,NA,NA,NA,NA,Boston,NA,7.89
NA,1915,NA,NA,NA,NA,NA,NA,NA,Boston,NA,8.73
NA,1916,NA,NA,NA,NA,NA,NA,NA,Boston,NA,7.88
NA,1917,NA,NA,NA,NA,NA,NA,NA,Boston,NA,6.92
NA,1918,NA,NA,NA,NA,NA,NA,NA,Boston,NA,7.98
NA,1919,NA,NA,NA,NA,NA,NA,NA,Boston,NA,8.67
NA,1920,NA,NA,NA,NA,NA,NA,NA,Boston,NA,8.07
NA,1921,NA,NA,NA,NA,NA,NA,NA,Boston,NA,9.37
NA,1922,NA,NA,NA,NA,NA,NA,NA,Boston,NA,8.76
NA,1923,NA,NA,NA,NA,NA,NA,NA,Boston,NA,8.23
NA,1924,NA,NA,NA,NA,NA,NA,NA,Boston,NA,8.29
NA,1925,NA,NA,NA,NA,NA,NA,NA,Boston,NA,9.01
NA,1926,NA,NA,NA,NA,NA,NA,NA,Boston,NA,7.5
NA,1927,NA,NA,NA,NA,NA,NA,NA,Boston,NA,9.05
NA,1928,NA,NA,NA,NA,NA,NA,NA,Boston,NA,8.8
NA,1929,NA,NA,NA,NA,NA,NA,NA,Boston,NA,8.78
NA,1930,NA,NA,NA,NA,NA,NA,NA,Boston,NA,9.34
NA,1931,NA,NA,NA,NA,NA,NA,NA,Boston,NA,9.7
NA,1932,NA,NA,NA,NA,NA,NA,NA,Boston,NA,9.41
NA,1933,NA,NA,NA,NA,NA,NA,NA,Boston,NA,9.18
NA,1934,NA,NA,NA,NA,NA,NA,NA,Boston,NA,8.03
NA,1935,NA,NA,NA,NA,NA,NA,NA,Boston,NA,8.05
NA,1936,NA,NA,NA,NA,NA,NA,NA,Boston,NA,9.37
NA,1937,NA,NA,NA,NA,NA,NA,NA,Boston,NA,10.29
NA,1938,NA,NA,NA,NA,NA,NA,NA,Boston,NA,10.02
NA,1939,NA,NA,NA,NA,NA,NA,NA,Boston,NA,9.42
NA,1940,NA,NA,NA,NA,NA,NA,NA,Boston,NA,8.57
NA,1941,NA,NA,NA,NA,NA,NA,NA,Boston,NA,10.02
NA,1942,NA,NA,NA,NA,NA,NA,NA,Boston,NA,10
NA,1943,NA,NA,NA,NA,NA,NA,NA,Boston,NA,9.51
NA,1944,NA,NA,NA,NA,NA,NA,NA,Boston,NA,10.11
NA,1945,NA,NA,NA,NA,NA,NA,NA,Boston,NA,10.18
NA,1946,NA,NA,NA,NA,NA,NA,NA,Boston,NA,10.27
NA,1947,NA,NA,NA,NA,NA,NA,NA,Boston,NA,10.19
NA,1948,NA,NA,NA,NA,NA,NA,NA,Boston,NA,9.68
NA,1949,NA,NA,NA,NA,NA,NA,NA,Boston,NA,11.58
NA,1950,NA,NA,NA,NA,NA,NA,NA,Boston,NA,10.02
NA,1951,NA,NA,NA,NA,NA,NA,NA,Boston,NA,10.82
NA,1952,NA,NA,NA,NA,NA,NA,NA,Boston,NA,11
NA,1953,NA,NA,NA,NA,NA,NA,NA,Boston,NA,11.37
NA,1954,NA,NA,NA,NA,NA,NA,NA,Boston,NA,10.19
NA,1955,NA,NA,NA,NA,NA,NA,NA,Boston,NA,10.54
NA,1956,NA,NA,NA,NA,NA,NA,NA,Boston,NA,9.73
NA,1957,NA,NA,NA,NA,NA,NA,NA,Boston,NA,10.76
NA,1958,NA,NA,NA,NA,NA,NA,NA,Boston,NA,9.58
NA,1959,NA,NA,NA,NA,NA,NA,NA,Boston,NA,10.46
NA,1960,NA,NA,NA,NA,NA,NA,NA,Boston,NA,10.34
NA,1961,NA,NA,NA,NA,NA,NA,NA,Boston,NA,10.01
NA,1962,NA,NA,NA,NA,NA,NA,NA,Boston,NA,9.49
NA,1963,NA,NA,NA,NA,NA,NA,NA,Boston,NA,10.01
NA,1964,NA,NA,NA,NA,NA,NA,NA,Boston,NA,9.68
NA,1965,NA,NA,NA,NA,NA,NA,NA,Boston,NA,9.3
NA,1966,NA,NA,NA,NA,NA,NA,NA,Boston,NA,10.35
NA,1967,NA,NA,NA,NA,NA,NA,NA,Boston,NA,9.28
NA,1968,NA,NA,NA,NA,NA,NA,NA,Boston,NA,9.76
NA,1969,NA,NA,NA,NA,NA,NA,NA,Boston,NA,10.25
NA,1970,NA,NA,NA,NA,NA,NA,NA,Boston,NA,10.16
NA,1971,NA,NA,NA,NA,NA,NA,NA,Boston,NA,10.11
NA,1972,NA,NA,NA,NA,NA,NA,NA,Boston,NA,9.91
NA,1973,NA,NA,NA,NA,NA,NA,NA,Boston,NA,11.19
NA,1974,NA,NA,NA,NA,NA,NA,NA,Boston,NA,10.04
NA,1975,NA,NA,NA,NA,NA,NA,NA,Boston,NA,10.44
NA,1976,NA,NA,NA,NA,NA,NA,NA,Boston,NA,10.56
NA,1977,NA,NA,NA,NA,NA,NA,NA,Boston,NA,10.41
NA,1978,NA,NA,NA,NA,NA,NA,NA,Boston,NA,9.5
NA,1979,NA,NA,NA,NA,NA,NA,NA,Boston,NA,10.65
NA,1980,NA,NA,NA,NA,NA,NA,NA,Boston,NA,10.14
NA,1981,NA,NA,NA,NA,NA,NA,NA,Boston,NA,10.54
NA,1982,NA,NA,NA,NA,NA,NA,NA,Boston,NA,9.86
NA,1983,NA,NA,NA,NA,NA,NA,NA,Boston,NA,11.46
NA,1984,NA,NA,NA,NA,NA,NA,NA,Boston,NA,10.46
NA,1985,NA,NA,NA,NA,NA,NA,NA,Boston,NA,10.3
NA,1986,NA,NA,NA,NA,NA,NA,NA,Boston,NA,10.22
NA,1987,NA,NA,NA,NA,NA,NA,NA,Boston,NA,9.88
NA,1988,NA,NA,NA,NA,NA,NA,NA,Boston,NA,10.54
NA,1989,NA,NA,NA,NA,NA,NA,NA,Boston,NA,10.19
NA,1990,NA,NA,NA,NA,NA,NA,NA,Boston,NA,11.25
NA,1991,NA,NA,NA,NA,NA,NA,NA,Boston,NA,11.67
NA,1992,NA,NA,NA,NA,NA,NA,NA,Boston,NA,9.82
NA,1993,NA,NA,NA,NA,NA,NA,NA,Boston,NA,10.66
NA,1994,NA,NA,NA,NA,NA,NA,NA,Boston,NA,10.74
NA,1995,NA,NA,NA,NA,NA,NA,NA,Boston,NA,10.57
NA,1996,NA,NA,NA,NA,NA,NA,NA,Boston,NA,10.54
NA,1997,NA,NA,NA,NA,NA,NA,NA,Boston,NA,10.81
NA,1998,NA,NA,NA,NA,NA,NA,NA,Boston,NA,11.91
NA,1999,NA,NA,NA,NA,NA,NA,NA,Boston,NA,11.71
NA,2000,NA,NA,NA,NA,NA,NA,NA,Boston,NA,10.7
NA,2001,NA,NA,NA,NA,NA,NA,NA,Boston,NA,11.42
NA,2002,NA,NA,NA,NA,NA,NA,NA,Boston,NA,12.07
NA,2003,NA,NA,NA,NA,NA,NA,NA,Boston,NA,10.19
NA,2004,NA,NA,NA,NA,NA,NA,NA,Boston,NA,10.61
NA,2005,NA,NA,NA,NA,NA,NA,NA,Boston,NA,10.77
NA,2006,NA,NA,NA,NA,NA,NA,NA,Boston,NA,11.81
NA,2007,NA,NA,NA,NA,NA,NA,NA,Boston,NA,11.12
NA,2008,NA,NA,NA,NA,NA,NA,NA,Boston,NA,11.43
NA,2009,NA,NA,NA,NA,NA,NA,NA,Boston,NA,10.64
NA,2010,NA,NA,NA,NA,NA,NA,NA,Boston,NA,12.55
NA,2011,NA,NA,NA,NA,NA,NA,NA,Boston,NA,11.87
NA,2012,NA,NA,NA,NA,NA,NA,NA,Boston,NA,12.7
NA,2013,NA,NA,NA,NA,NA,NA,NA,Boston,NA,11.46
NA,2014,NA,NA,NA,NA,NA,NA,NA,Boston,NA,11.22
NA,2015,NA,NA,NA,NA,NA,NA,NA,Boston,NA,11.48
NA,2016,NA,NA,NA,NA,NA,NA,NA,Boston,NA,12.5
NA,2017,NA,NA,NA,NA,NA,NA,NA,Boston,NA,12.03
NA,2018,NA,NA,NA,NA,NA,NA,NA,Boston,NA,12.03
NA,2019,NA,NA,NA,NA,NA,NA,NA,Boston,NA,11.83
NA,2020,NA,NA,NA,NA,NA,NA,NA,Boston,NA,12.28
NA,1871,NA,NA,NA,NA,NA,NA,NA,Halifax,NA,4.4
NA,1872,NA,NA,NA,NA,NA,NA,NA,Halifax,NA,4.78
NA,1873,NA,NA,NA,NA,NA,NA,NA,Halifax,NA,4.67
NA,1874,NA,NA,NA,NA,NA,NA,NA,Halifax,NA,4.89
NA,1875,NA,NA,NA,NA,NA,NA,NA,Halifax,NA,3.66
NA,1876,NA,NA,NA,NA,NA,NA,NA,Halifax,NA,4.46
NA,1877,NA,NA,NA,NA,NA,NA,NA,Halifax,NA,5.55
NA,1878,NA,NA,NA,NA,NA,NA,NA,Halifax,NA,6.08
NA,1879,NA,NA,NA,NA,NA,NA,NA,Halifax,NA,4.62
NA,1880,NA,NA,NA,NA,NA,NA,NA,Halifax,NA,4.88
NA,1881,NA,NA,NA,NA,NA,NA,NA,Halifax,NA,4.89
NA,1882,NA,NA,NA,NA,NA,NA,NA,Halifax,NA,4.47
NA,1883,NA,NA,NA,NA,NA,NA,NA,Halifax,NA,4.13
NA,1884,NA,NA,NA,NA,NA,NA,NA,Halifax,NA,4.62
NA,1885,NA,NA,NA,NA,NA,NA,NA,Halifax,NA,5.02
NA,1886,NA,NA,NA,NA,NA,NA,NA,Halifax,NA,5.64
NA,1887,NA,NA,NA,NA,NA,NA,NA,Halifax,NA,4.98
NA,1888,NA,NA,NA,NA,NA,NA,NA,Halifax,NA,4.22
NA,1889,NA,NA,NA,NA,NA,NA,NA,Halifax,NA,6.76
NA,1890,NA,NA,NA,NA,NA,NA,NA,Halifax,NA,4.95
NA,1891,NA,NA,NA,NA,NA,NA,NA,Halifax,NA,6.08
NA,1892,NA,NA,NA,NA,NA,NA,NA,Halifax,NA,5.82
NA,1894,NA,NA,NA,NA,NA,NA,NA,Halifax,NA,4.9
NA,1895,NA,NA,NA,NA,NA,NA,NA,Halifax,NA,5.91
NA,1896,NA,NA,NA,NA,NA,NA,NA,Halifax,NA,5.64
NA,1897,NA,NA,NA,NA,NA,NA,NA,Halifax,NA,5.63
NA,1898,NA,NA,NA,NA,NA,NA,NA,Halifax,NA,6.23
NA,1899,NA,NA,NA,NA,NA,NA,NA,Halifax,NA,5.62
NA,1900,NA,NA,NA,NA,NA,NA,NA,Halifax,NA,6.21
NA,1901,NA,NA,NA,NA,NA,NA,NA,Halifax,NA,6.48
NA,1902,NA,NA,NA,NA,NA,NA,NA,Halifax,NA,6.18
NA,1903,NA,NA,NA,NA,NA,NA,NA,Halifax,NA,5.49
NA,1904,NA,NA,NA,NA,NA,NA,NA,Halifax,NA,4
NA,1905,NA,NA,NA,NA,NA,NA,NA,Halifax,NA,4.43
NA,1906,NA,NA,NA,NA,NA,NA,NA,Halifax,NA,5.6
NA,1907,NA,NA,NA,NA,NA,NA,NA,Halifax,NA,4.48
NA,1908,NA,NA,NA,NA,NA,NA,NA,Halifax,NA,5.6
NA,1909,NA,NA,NA,NA,NA,NA,NA,Halifax,NA,5.64
NA,1910,NA,NA,NA,NA,NA,NA,NA,Halifax,NA,6
NA,1911,NA,NA,NA,NA,NA,NA,NA,Halifax,NA,5.28
NA,1912,NA,NA,NA,NA,NA,NA,NA,Halifax,NA,5.16
NA,1913,NA,NA,NA,NA,NA,NA,NA,Halifax,NA,6.29
NA,1914,NA,NA,NA,NA,NA,NA,NA,Halifax,NA,4.23
NA,1915,NA,NA,NA,NA,NA,NA,NA,Halifax,NA,6
NA,1916,NA,NA,NA,NA,NA,NA,NA,Halifax,NA,5.21
NA,1917,NA,NA,NA,NA,NA,NA,NA,Halifax,NA,4.64
NA,1918,NA,NA,NA,NA,NA,NA,NA,Halifax,NA,4.73
NA,1919,NA,NA,NA,NA,NA,NA,NA,Halifax,NA,5.45
NA,1920,NA,NA,NA,NA,NA,NA,NA,Halifax,NA,5.13
NA,1921,NA,NA,NA,NA,NA,NA,NA,Halifax,NA,5.52
NA,1922,NA,NA,NA,NA,NA,NA,NA,Halifax,NA,4.79
NA,1923,NA,NA,NA,NA,NA,NA,NA,Halifax,NA,4.49
NA,1924,NA,NA,NA,NA,NA,NA,NA,Halifax,NA,5.56
NA,1925,NA,NA,NA,NA,NA,NA,NA,Halifax,NA,5.16
NA,1944,NA,NA,NA,NA,NA,NA,NA,Halifax,NA,5.98
NA,1945,NA,NA,NA,NA,NA,NA,NA,Halifax,NA,6.02
NA,2020,NA,NA,NA,NA,NA,NA,NA,Halifax,NA,7.39
NA,1897,NA,NA,NA,NA,NA,NA,NA,Sable Island,NA,5.619
NA,1898,NA,NA,NA,NA,NA,NA,NA,Sable Island,NA,7.686
NA,1899,NA,NA,NA,NA,NA,NA,NA,Sable Island,NA,7.245
NA,1900,NA,NA,NA,NA,NA,NA,NA,Sable Island,NA,7.92
NA,1901,NA,NA,NA,NA,NA,NA,NA,Sable Island,NA,8.145
NA,1902,NA,NA,NA,NA,NA,NA,NA,Sable Island,NA,7.861
NA,1903,NA,NA,NA,NA,NA,NA,NA,Sable Island,NA,6.878
NA,1904,NA,NA,NA,NA,NA,NA,NA,Sable Island,NA,6.62
NA,1905,NA,NA,NA,NA,NA,NA,NA,Sable Island,NA,6.361
NA,1906,NA,NA,NA,NA,NA,NA,NA,Sable Island,NA,7.403
NA,1907,NA,NA,NA,NA,NA,NA,NA,Sable Island,NA,6.57
NA,1908,NA,NA,NA,NA,NA,NA,NA,Sable Island,NA,7.553
NA,1909,NA,NA,NA,NA,NA,NA,NA,Sable Island,NA,7.503
NA,1910,NA,NA,NA,NA,NA,NA,NA,Sable Island,NA,8.161
NA,1911,NA,NA,NA,NA,NA,NA,NA,Sable Island,NA,6.886
NA,1912,NA,NA,NA,NA,NA,NA,NA,Sable Island,NA,6.503
NA,1913,NA,NA,NA,NA,NA,NA,NA,Sable Island,NA,7.52
NA,1914,NA,NA,NA,NA,NA,NA,NA,Sable Island,NA,6.02
NA,1915,NA,NA,NA,NA,NA,NA,NA,Sable Island,NA,6.978
NA,1916,NA,NA,NA,NA,NA,NA,NA,Sable Island,NA,6.786
NA,1917,NA,NA,NA,NA,NA,NA,NA,Sable Island,NA,6.97
NA,1918,NA,NA,NA,NA,NA,NA,NA,Sable Island,NA,6.603
NA,1919,NA,NA,NA,NA,NA,NA,NA,Sable Island,NA,6.703
NA,1920,NA,NA,NA,NA,NA,NA,NA,Sable Island,NA,7.228
NA,1921,NA,NA,NA,NA,NA,NA,NA,Sable Island,NA,5.916
NA,1922,NA,NA,NA,NA,NA,NA,NA,Sable Island,NA,6.755
NA,1923,NA,NA,NA,NA,NA,NA,NA,Sable Island,NA,6.02
NA,1924,NA,NA,NA,NA,NA,NA,NA,Sable Island,NA,6.711
NA,1925,NA,NA,NA,NA,NA,NA,NA,Sable Island,NA,6.478
NA,1926,NA,NA,NA,NA,NA,NA,NA,Sable Island,NA,6.553
NA,1927,NA,NA,NA,NA,NA,NA,NA,Sable Island,NA,7.67
NA,1928,NA,NA,NA,NA,NA,NA,NA,Sable Island,NA,7.403
NA,1929,NA,NA,NA,NA,NA,NA,NA,Sable Island,NA,6.986
NA,1930,NA,NA,NA,NA,NA,NA,NA,Sable Island,NA,7.603
NA,1931,NA,NA,NA,NA,NA,NA,NA,Sable Island,NA,8.47
NA,1932,NA,NA,NA,NA,NA,NA,NA,Sable Island,NA,7.495
NA,1933,NA,NA,NA,NA,NA,NA,NA,Sable Island,NA,7.445
NA,1934,NA,NA,NA,NA,NA,NA,NA,Sable Island,NA,7.253
NA,1935,NA,NA,NA,NA,NA,NA,NA,Sable Island,NA,6.403
NA,1936,NA,NA,NA,NA,NA,NA,NA,Sable Island,NA,7.578
NA,1937,NA,NA,NA,NA,NA,NA,NA,Sable Island,NA,8.144
NA,1938,NA,NA,NA,NA,NA,NA,NA,Sable Island,NA,7.82
NA,1939,NA,NA,NA,NA,NA,NA,NA,Sable Island,NA,6.661
NA,1940,NA,NA,NA,NA,NA,NA,NA,Sable Island,NA,6.878
NA,1941,NA,NA,NA,NA,NA,NA,NA,Sable Island,NA,6.286
NA,1942,NA,NA,NA,NA,NA,NA,NA,Sable Island,NA,7.903
NA,1943,NA,NA,NA,NA,NA,NA,NA,Sable Island,NA,7.086
NA,1944,NA,NA,NA,NA,NA,NA,NA,Sable Island,NA,7.386
NA,1945,NA,NA,NA,NA,NA,NA,NA,Sable Island,NA,7.661
NA,1946,NA,NA,NA,NA,NA,NA,NA,Sable Island,NA,7.753
NA,1947,NA,NA,NA,NA,NA,NA,NA,Sable Island,NA,7.771
NA,1948,NA,NA,NA,NA,NA,NA,NA,Sable Island,NA,6.486
NA,1949,NA,NA,NA,NA,NA,NA,NA,Sable Island,NA,8.353
NA,1950,NA,NA,NA,NA,NA,NA,NA,Sable Island,NA,7.445
NA,1951,NA,NA,NA,NA,NA,NA,NA,Sable Island,NA,9.328
NA,1952,NA,NA,NA,NA,NA,NA,NA,Sable Island,NA,8.578
NA,1953,NA,NA,NA,NA,NA,NA,NA,Sable Island,NA,8.478
NA,1954,NA,NA,NA,NA,NA,NA,NA,Sable Island,NA,8.386
NA,1955,NA,NA,NA,NA,NA,NA,NA,Sable Island,NA,7.061
NA,1956,NA,NA,NA,NA,NA,NA,NA,Sable Island,NA,7.486
NA,1957,NA,NA,NA,NA,NA,NA,NA,Sable Island,NA,7.403
NA,1958,NA,NA,NA,NA,NA,NA,NA,Sable Island,NA,8.186
NA,1959,NA,NA,NA,NA,NA,NA,NA,Sable Island,NA,6.736
NA,1960,NA,NA,NA,NA,NA,NA,NA,Sable Island,NA,8.286
NA,1961,NA,NA,NA,NA,NA,NA,NA,Sable Island,NA,7.628
NA,1962,NA,NA,NA,NA,NA,NA,NA,Sable Island,NA,7.086
NA,1963,NA,NA,NA,NA,NA,NA,NA,Sable Island,NA,7.203
NA,1964,NA,NA,NA,NA,NA,NA,NA,Sable Island,NA,7.045
NA,1965,NA,NA,NA,NA,NA,NA,NA,Sable Island,NA,6.503
NA,1966,NA,NA,NA,NA,NA,NA,NA,Sable Island,NA,7.645
NA,1967,NA,NA,NA,NA,NA,NA,NA,Sable Island,NA,7.995
NA,1968,NA,NA,NA,NA,NA,NA,NA,Sable Island,NA,7.703
NA,1969,NA,NA,NA,NA,NA,NA,NA,Sable Island,NA,8.286
NA,1970,NA,NA,NA,NA,NA,NA,NA,Sable Island,NA,7.878
NA,1971,NA,NA,NA,NA,NA,NA,NA,Sable Island,NA,7.953
NA,1972,NA,NA,NA,NA,NA,NA,NA,Sable Island,NA,7.261
NA,1973,NA,NA,NA,NA,NA,NA,NA,Sable Island,NA,7.578
NA,1974,NA,NA,NA,NA,NA,NA,NA,Sable Island,NA,7.011
NA,1975,NA,NA,NA,NA,NA,NA,NA,Sable Island,NA,7.061
NA,1976,NA,NA,NA,NA,NA,NA,NA,Sable Island,NA,8.003
NA,1977,NA,NA,NA,NA,NA,NA,NA,Sable Island,NA,7.753
NA,1978,NA,NA,NA,NA,NA,NA,NA,Sable Island,NA,7.37
NA,1979,NA,NA,NA,NA,NA,NA,NA,Sable Island,NA,8.103
NA,1980,NA,NA,NA,NA,NA,NA,NA,Sable Island,NA,7.036
NA,1981,NA,NA,NA,NA,NA,NA,NA,Sable Island,NA,8.628
NA,1982,NA,NA,NA,NA,NA,NA,NA,Sable Island,NA,7.57
NA,1983,NA,NA,NA,NA,NA,NA,NA,Sable Island,NA,8.678
NA,1984,NA,NA,NA,NA,NA,NA,NA,Sable Island,NA,8.678
NA,1985,NA,NA,NA,NA,NA,NA,NA,Sable Island,NA,6.77
NA,1986,NA,NA,NA,NA,NA,NA,NA,Sable Island,NA,7.103
NA,1987,NA,NA,NA,NA,NA,NA,NA,Sable Island,NA,7.328
NA,1988,NA,NA,NA,NA,NA,NA,NA,Sable Island,NA,7.578
NA,1989,NA,NA,NA,NA,NA,NA,NA,Sable Island,NA,7.47
NA,1990,NA,NA,NA,NA,NA,NA,NA,Sable Island,NA,7.836
NA,1991,NA,NA,NA,NA,NA,NA,NA,Sable Island,NA,7.853
NA,1992,NA,NA,NA,NA,NA,NA,NA,Sable Island,NA,7.228
NA,1993,NA,NA,NA,NA,NA,NA,NA,Sable Island,NA,7.661
NA,1994,NA,NA,NA,NA,NA,NA,NA,Sable Island,NA,8.22
NA,1995,NA,NA,NA,NA,NA,NA,NA,Sable Island,NA,7.744
NA,1996,NA,NA,NA,NA,NA,NA,NA,Sable Island,NA,7.714
NA,1997,NA,NA,NA,NA,NA,NA,NA,Sable Island,NA,7.136
NA,1998,NA,NA,NA,NA,NA,NA,NA,Sable Island,NA,8.411
NA,1999,NA,NA,NA,NA,NA,NA,NA,Sable Island,NA,9.645
NA,2000,NA,NA,NA,NA,NA,NA,NA,Sable Island,NA,8.803
NA,2001,NA,NA,NA,NA,NA,NA,NA,Sable Island,NA,8.278
NA,2002,NA,NA,NA,NA,NA,NA,NA,Sable Island,NA,8.036
NA,2003,NA,NA,NA,NA,NA,NA,NA,Sable Island,NA,7.961
NA,2004,NA,NA,NA,NA,NA,NA,NA,Sable Island,NA,7.536
NA,2005,NA,NA,NA,NA,NA,NA,NA,Sable Island,NA,8.495
NA,2006,NA,NA,NA,NA,NA,NA,NA,Sable Island,NA,9.145
NA,2007,NA,NA,NA,NA,NA,NA,NA,Sable Island,NA,7.653
NA,2008,NA,NA,NA,NA,NA,NA,NA,Sable Island,NA,8.228
NA,2009,NA,NA,NA,NA,NA,NA,NA,Sable Island,NA,8.335
NA,2010,NA,NA,NA,NA,NA,NA,NA,Sable Island,NA,9.329
NA,2011,NA,NA,NA,NA,NA,NA,NA,Sable Island,NA,8.595
NA,2012,NA,NA,NA,NA,NA,NA,NA,Sable Island,NA,9.728
NA,2013,NA,NA,NA,NA,NA,NA,NA,Sable Island,NA,8.778
NA,2014,NA,NA,NA,NA,NA,NA,NA,Sable Island,NA,9.206
NA,2015,NA,NA,NA,NA,NA,NA,NA,Sable Island,NA,8.969
NA,2016,NA,NA,NA,NA,NA,NA,NA,Sable Island,NA,9.135
NA,2017,NA,NA,NA,NA,NA,NA,NA,Sable Island,NA,8.628
NA,2018,NA,NA,NA,NA,NA,NA,NA,Sable Island,NA,8.636
NA,2019,NA,NA,NA,NA,NA,NA,NA,Sable Island,NA,7.786
NA,2020,NA,NA,NA,NA,NA,NA,NA,Sable Island,NA,8.784
NA,1871,NA,NA,NA,NA,NA,NA,NA,Saint John,NA,3
NA,1872,NA,NA,NA,NA,NA,NA,NA,Saint John,NA,3.22
NA,1873,NA,NA,NA,NA,NA,NA,NA,Saint John,NA,3.21
NA,1874,NA,NA,NA,NA,NA,NA,NA,Saint John,NA,3.52
NA,1875,NA,NA,NA,NA,NA,NA,NA,Saint John,NA,2.35
NA,1876,NA,NA,NA,NA,NA,NA,NA,Saint John,NA,3.27
NA,1877,NA,NA,NA,NA,NA,NA,NA,Saint John,NA,4.2
NA,1878,NA,NA,NA,NA,NA,NA,NA,Saint John,NA,4.57
NA,1879,NA,NA,NA,NA,NA,NA,NA,Saint John,NA,3.07
NA,1880,NA,NA,NA,NA,NA,NA,NA,Saint John,NA,3.76
NA,1881,NA,NA,NA,NA,NA,NA,NA,Saint John,NA,3.87
NA,1882,NA,NA,NA,NA,NA,NA,NA,Saint John,NA,3.11
NA,1883,NA,NA,NA,NA,NA,NA,NA,Saint John,NA,2.98
NA,1884,NA,NA,NA,NA,NA,NA,NA,Saint John,NA,3.28
NA,1885,NA,NA,NA,NA,NA,NA,NA,Saint John,NA,3.19
NA,1886,NA,NA,NA,NA,NA,NA,NA,Saint John,NA,3.89
NA,1887,NA,NA,NA,NA,NA,NA,NA,Saint John,NA,3.33
NA,1888,NA,NA,NA,NA,NA,NA,NA,Saint John,NA,2.98
NA,1889,NA,NA,NA,NA,NA,NA,NA,Saint John,NA,4.97
NA,1890,NA,NA,NA,NA,NA,NA,NA,Saint John,NA,4
NA,1891,NA,NA,NA,NA,NA,NA,NA,Saint John,NA,5.03
NA,1892,NA,NA,NA,NA,NA,NA,NA,Saint John,NA,4.56
NA,1893,NA,NA,NA,NA,NA,NA,NA,Saint John,NA,3.85
NA,1894,NA,NA,NA,NA,NA,NA,NA,Saint John,NA,4.06
NA,1895,NA,NA,NA,NA,NA,NA,NA,Saint John,NA,4.66
NA,1896,NA,NA,NA,NA,NA,NA,NA,Saint John,NA,4.09
NA,1897,NA,NA,NA,NA,NA,NA,NA,Saint John,NA,4.28
NA,1898,NA,NA,NA,NA,NA,NA,NA,Saint John,NA,4.77
NA,1899,NA,NA,NA,NA,NA,NA,NA,Saint John,NA,4.17
NA,1900,NA,NA,NA,NA,NA,NA,NA,Saint John,NA,4.86
NA,1901,NA,NA,NA,NA,NA,NA,NA,Saint John,NA,5.07
NA,1902,NA,NA,NA,NA,NA,NA,NA,Saint John,NA,5.22
NA,1903,NA,NA,NA,NA,NA,NA,NA,Saint John,NA,4.78
NA,1904,NA,NA,NA,NA,NA,NA,NA,Saint John,NA,3.26
NA,1905,NA,NA,NA,NA,NA,NA,NA,Saint John,NA,3.87
NA,1906,NA,NA,NA,NA,NA,NA,NA,Saint John,NA,4.89
NA,1907,NA,NA,NA,NA,NA,NA,NA,Saint John,NA,3.78
NA,1908,NA,NA,NA,NA,NA,NA,NA,Saint John,NA,4.82
NA,1909,NA,NA,NA,NA,NA,NA,NA,Saint John,NA,4.97
NA,1910,NA,NA,NA,NA,NA,NA,NA,Saint John,NA,5.34
NA,1911,NA,NA,NA,NA,NA,NA,NA,Saint John,NA,4.58
NA,1912,NA,NA,NA,NA,NA,NA,NA,Saint John,NA,3.97
NA,1913,NA,NA,NA,NA,NA,NA,NA,Saint John,NA,5.14
NA,1914,NA,NA,NA,NA,NA,NA,NA,Saint John,NA,3.97
NA,1915,NA,NA,NA,NA,NA,NA,NA,Saint John,NA,5.38
NA,1916,NA,NA,NA,NA,NA,NA,NA,Saint John,NA,4.13
NA,1917,NA,NA,NA,NA,NA,NA,NA,Saint John,NA,3.31
NA,1918,NA,NA,NA,NA,NA,NA,NA,Saint John,NA,3.8
NA,1919,NA,NA,NA,NA,NA,NA,NA,Saint John,NA,4.61
NA,1920,NA,NA,NA,NA,NA,NA,NA,Saint John,NA,4.3
NA,1921,NA,NA,NA,NA,NA,NA,NA,Saint John,NA,5.12
NA,1922,NA,NA,NA,NA,NA,NA,NA,Saint John,NA,4.24
NA,1923,NA,NA,NA,NA,NA,NA,NA,Saint John,NA,3.51
NA,1924,NA,NA,NA,NA,NA,NA,NA,Saint John,NA,4.2
NA,1925,NA,NA,NA,NA,NA,NA,NA,Saint John,NA,4.26
NA,1926,NA,NA,NA,NA,NA,NA,NA,Saint John,NA,3.61
NA,1927,NA,NA,NA,NA,NA,NA,NA,Saint John,NA,5.07
NA,1928,NA,NA,NA,NA,NA,NA,NA,Saint John,NA,4.8
NA,1929,NA,NA,NA,NA,NA,NA,NA,Saint John,NA,4.53
NA,1930,NA,NA,NA,NA,NA,NA,NA,Saint John,NA,5.36
NA,1931,NA,NA,NA,NA,NA,NA,NA,Saint John,NA,5.91
NA,1932,NA,NA,NA,NA,NA,NA,NA,Saint John,NA,5.36
NA,1933,NA,NA,NA,NA,NA,NA,NA,Saint John,NA,4.75
NA,1934,NA,NA,NA,NA,NA,NA,NA,Saint John,NA,4.07
NA,1935,NA,NA,NA,NA,NA,NA,NA,Saint John,NA,4.37
NA,1936,NA,NA,NA,NA,NA,NA,NA,Saint John,NA,4.71
NA,1937,NA,NA,NA,NA,NA,NA,NA,Saint John,NA,5.95
NA,1938,NA,NA,NA,NA,NA,NA,NA,Saint John,NA,5.18
NA,1939,NA,NA,NA,NA,NA,NA,NA,Saint John,NA,4.57
NA,1940,NA,NA,NA,NA,NA,NA,NA,Saint John,NA,4.38
NA,1941,NA,NA,NA,NA,NA,NA,NA,Saint John,NA,4.77
NA,1942,NA,NA,NA,NA,NA,NA,NA,Saint John,NA,5.02
NA,1943,NA,NA,NA,NA,NA,NA,NA,Saint John,NA,4.37
NA,1944,NA,NA,NA,NA,NA,NA,NA,Saint John,NA,5.07
NA,1945,NA,NA,NA,NA,NA,NA,NA,Saint John,NA,5.12
NA,1946,NA,NA,NA,NA,NA,NA,NA,Saint John,NA,5.22
NA,1947,NA,NA,NA,NA,NA,NA,NA,Saint John,NA,4.23
NA,1948,NA,NA,NA,NA,NA,NA,NA,Saint John,NA,3.38
NA,1949,NA,NA,NA,NA,NA,NA,NA,Saint John,NA,4.81
NA,1950,NA,NA,NA,NA,NA,NA,NA,Saint John,NA,3.85
NA,1952,NA,NA,NA,NA,NA,NA,NA,Saint John,NA,5.69
NA,1953,NA,NA,NA,NA,NA,NA,NA,Saint John,NA,6.54
NA,1954,NA,NA,NA,NA,NA,NA,NA,Saint John,NA,5.37
NA,1955,NA,NA,NA,NA,NA,NA,NA,Saint John,NA,4.58
NA,1956,NA,NA,NA,NA,NA,NA,NA,Saint John,NA,4.28
NA,1957,NA,NA,NA,NA,NA,NA,NA,Saint John,NA,5.21
NA,1958,NA,NA,NA,NA,NA,NA,NA,Saint John,NA,4.77
NA,1959,NA,NA,NA,NA,NA,NA,NA,Saint John,NA,4.91
NA,1960,NA,NA,NA,NA,NA,NA,NA,Saint John,NA,5.61
NA,1961,NA,NA,NA,NA,NA,NA,NA,Saint John,NA,4.72
NA,1962,NA,NA,NA,NA,NA,NA,NA,Saint John,NA,4.32
NA,1963,NA,NA,NA,NA,NA,NA,NA,Saint John,NA,4.18
NA,1964,NA,NA,NA,NA,NA,NA,NA,Saint John,NA,4.41
NA,1965,NA,NA,NA,NA,NA,NA,NA,Saint John,NA,3.79
NA,1966,NA,NA,NA,NA,NA,NA,NA,Saint John,NA,5.21
NA,1967,NA,NA,NA,NA,NA,NA,NA,Saint John,NA,4.02
NA,1968,NA,NA,NA,NA,NA,NA,NA,Saint John,NA,4.57
NA,1969,NA,NA,NA,NA,NA,NA,NA,Saint John,NA,5.52
NA,1970,NA,NA,NA,NA,NA,NA,NA,Saint John,NA,4.47
NA,1971,NA,NA,NA,NA,NA,NA,NA,Saint John,NA,4.82
NA,1972,NA,NA,NA,NA,NA,NA,NA,Saint John,NA,3.97
NA,1973,NA,NA,NA,NA,NA,NA,NA,Saint John,NA,5.77
NA,1974,NA,NA,NA,NA,NA,NA,NA,Saint John,NA,4.59
NA,1975,NA,NA,NA,NA,NA,NA,NA,Saint John,NA,4.85
NA,1976,NA,NA,NA,NA,NA,NA,NA,Saint John,NA,4.82
NA,1977,NA,NA,NA,NA,NA,NA,NA,Saint John,NA,5.01
NA,1978,NA,NA,NA,NA,NA,NA,NA,Saint John,NA,4.3
NA,1979,NA,NA,NA,NA,NA,NA,NA,Saint John,NA,5.82
NA,1980,NA,NA,NA,NA,NA,NA,NA,Saint John,NA,4.42
NA,1981,NA,NA,NA,NA,NA,NA,NA,Saint John,NA,5.43
NA,1982,NA,NA,NA,NA,NA,NA,NA,Saint John,NA,4.53
NA,1983,NA,NA,NA,NA,NA,NA,NA,Saint John,NA,6.03
NA,1984,NA,NA,NA,NA,NA,NA,NA,Saint John,NA,5.68
NA,1985,NA,NA,NA,NA,NA,NA,NA,Saint John,NA,4.46
NA,1986,NA,NA,NA,NA,NA,NA,NA,Saint John,NA,4.62
NA,1987,NA,NA,NA,NA,NA,NA,NA,Saint John,NA,4.89
NA,1988,NA,NA,NA,NA,NA,NA,NA,Saint John,NA,4.97
NA,1989,NA,NA,NA,NA,NA,NA,NA,Saint John,NA,4.2
NA,1990,NA,NA,NA,NA,NA,NA,NA,Saint John,NA,5.94
NA,1991,NA,NA,NA,NA,NA,NA,NA,Saint John,NA,5.46
NA,1992,NA,NA,NA,NA,NA,NA,NA,Saint John,NA,4.32
NA,1993,NA,NA,NA,NA,NA,NA,NA,Saint John,NA,4.6
NA,1994,NA,NA,NA,NA,NA,NA,NA,Saint John,NA,4.97
NA,1995,NA,NA,NA,NA,NA,NA,NA,Saint John,NA,5.37
NA,1996,NA,NA,NA,NA,NA,NA,NA,Saint John,NA,5.27
NA,1997,NA,NA,NA,NA,NA,NA,NA,Saint John,NA,4.59
NA,1998,NA,NA,NA,NA,NA,NA,NA,Saint John,NA,6.43
NA,1999,NA,NA,NA,NA,NA,NA,NA,Saint John,NA,7.09
NA,2000,NA,NA,NA,NA,NA,NA,NA,Saint John,NA,5.67
NA,2001,NA,NA,NA,NA,NA,NA,NA,Saint John,NA,5.8
NA,2002,NA,NA,NA,NA,NA,NA,NA,Saint John,NA,5.53
NA,2003,NA,NA,NA,NA,NA,NA,NA,Saint John,NA,5.07
NA,2004,NA,NA,NA,NA,NA,NA,NA,Saint John,NA,4.67
NA,2005,NA,NA,NA,NA,NA,NA,NA,Saint John,NA,5.82
NA,2006,NA,NA,NA,NA,NA,NA,NA,Saint John,NA,7.02
NA,2007,NA,NA,NA,NA,NA,NA,NA,Saint John,NA,5.21
NA,2008,NA,NA,NA,NA,NA,NA,NA,Saint John,NA,6.07
NA,2009,NA,NA,NA,NA,NA,NA,NA,Saint John,NA,5.39
NA,2010,NA,NA,NA,NA,NA,NA,NA,Saint John,NA,7.2
NA,2011,NA,NA,NA,NA,NA,NA,NA,Saint John,NA,6.32
NA,2012,NA,NA,NA,NA,NA,NA,NA,Saint John,NA,7
NA,2013,NA,NA,NA,NA,NA,NA,NA,Saint John,NA,5.77
NA,2014,NA,NA,NA,NA,NA,NA,NA,Saint John,NA,5.62
NA,2015,NA,NA,NA,NA,NA,NA,NA,Saint John,NA,5.06
NA,2016,NA,NA,NA,NA,NA,NA,NA,Saint John,NA,6.4
NA,2017,NA,NA,NA,NA,NA,NA,NA,Saint John,NA,6.28
NA,2018,NA,NA,NA,NA,NA,NA,NA,Saint John,NA,5.87
NA,2019,NA,NA,NA,NA,NA,NA,NA,Saint John,NA,5.37
NA,2020,NA,NA,NA,NA,NA,NA,NA,Saint John,NA,6.18
NA,1870,NA,NA,NA,NA,NA,NA,NA,Sydney,NA,5.502
NA,1872,NA,NA,NA,NA,NA,NA,NA,Sydney,NA,3.935
NA,1873,NA,NA,NA,NA,NA,NA,NA,Sydney,NA,3.766
NA,1874,NA,NA,NA,NA,NA,NA,NA,Sydney,NA,4.035
NA,1875,NA,NA,NA,NA,NA,NA,NA,Sydney,NA,2.91
NA,1876,NA,NA,NA,NA,NA,NA,NA,Sydney,NA,4.16
NA,1877,NA,NA,NA,NA,NA,NA,NA,Sydney,NA,4.643
NA,1878,NA,NA,NA,NA,NA,NA,NA,Sydney,NA,5.659
NA,1879,NA,NA,NA,NA,NA,NA,NA,Sydney,NA,4.193
NA,1880,NA,NA,NA,NA,NA,NA,NA,Sydney,NA,4.102
NA,1881,NA,NA,NA,NA,NA,NA,NA,Sydney,NA,4.427
NA,1882,NA,NA,NA,NA,NA,NA,NA,Sydney,NA,4.085
NA,1883,NA,NA,NA,NA,NA,NA,NA,Sydney,NA,3.952
NA,1884,NA,NA,NA,NA,NA,NA,NA,Sydney,NA,4.202
NA,1885,NA,NA,NA,NA,NA,NA,NA,Sydney,NA,4.535
NA,1886,NA,NA,NA,NA,NA,NA,NA,Sydney,NA,5.685
NA,1887,NA,NA,NA,NA,NA,NA,NA,Sydney,NA,4.818
NA,1888,NA,NA,NA,NA,NA,NA,NA,Sydney,NA,4.477
NA,1889,NA,NA,NA,NA,NA,NA,NA,Sydney,NA,6.618
NA,1890,NA,NA,NA,NA,NA,NA,NA,Sydney,NA,4.718
NA,1891,NA,NA,NA,NA,NA,NA,NA,Sydney,NA,5.518
NA,1892,NA,NA,NA,NA,NA,NA,NA,Sydney,NA,5.893
NA,1893,NA,NA,NA,NA,NA,NA,NA,Sydney,NA,5.107
NA,1894,NA,NA,NA,NA,NA,NA,NA,Sydney,NA,4.435
NA,1895,NA,NA,NA,NA,NA,NA,NA,Sydney,NA,5.493
NA,1896,NA,NA,NA,NA,NA,NA,NA,Sydney,NA,4.902
NA,1897,NA,NA,NA,NA,NA,NA,NA,Sydney,NA,4.818
NA,1898,NA,NA,NA,NA,NA,NA,NA,Sydney,NA,5.635
NA,1899,NA,NA,NA,NA,NA,NA,NA,Sydney,NA,4.868
NA,1900,NA,NA,NA,NA,NA,NA,NA,Sydney,NA,5.518
NA,1901,NA,NA,NA,NA,NA,NA,NA,Sydney,NA,6.385
NA,1902,NA,NA,NA,NA,NA,NA,NA,Sydney,NA,6.002
NA,1903,NA,NA,NA,NA,NA,NA,NA,Sydney,NA,4.652
NA,1904,NA,NA,NA,NA,NA,NA,NA,Sydney,NA,4.177
NA,1905,NA,NA,NA,NA,NA,NA,NA,Sydney,NA,4.118
NA,1906,NA,NA,NA,NA,NA,NA,NA,Sydney,NA,5.502
NA,1907,NA,NA,NA,NA,NA,NA,NA,Sydney,NA,4.093
NA,1908,NA,NA,NA,NA,NA,NA,NA,Sydney,NA,5.627
NA,1909,NA,NA,NA,NA,NA,NA,NA,Sydney,NA,5.81
NA,1910,NA,NA,NA,NA,NA,NA,NA,Sydney,NA,6.252
NA,1911,NA,NA,NA,NA,NA,NA,NA,Sydney,NA,5.093
NA,1912,NA,NA,NA,NA,NA,NA,NA,Sydney,NA,4.885
NA,1913,NA,NA,NA,NA,NA,NA,NA,Sydney,NA,5.91
NA,1914,NA,NA,NA,NA,NA,NA,NA,Sydney,NA,4.468
NA,1915,NA,NA,NA,NA,NA,NA,NA,Sydney,NA,5.81
NA,1916,NA,NA,NA,NA,NA,NA,NA,Sydney,NA,5.452
NA,1917,NA,NA,NA,NA,NA,NA,NA,Sydney,NA,5.193
NA,1918,NA,NA,NA,NA,NA,NA,NA,Sydney,NA,4.81
NA,1919,NA,NA,NA,NA,NA,NA,NA,Sydney,NA,5.618
NA,1920,NA,NA,NA,NA,NA,NA,NA,Sydney,NA,5.46
NA,1921,NA,NA,NA,NA,NA,NA,NA,Sydney,NA,5.302
NA,1922,NA,NA,NA,NA,NA,NA,NA,Sydney,NA,4.552
NA,1923,NA,NA,NA,NA,NA,NA,NA,Sydney,NA,4.16
NA,1924,NA,NA,NA,NA,NA,NA,NA,Sydney,NA,5.343
NA,1925,NA,NA,NA,NA,NA,NA,NA,Sydney,NA,4.535
NA,1926,NA,NA,NA,NA,NA,NA,NA,Sydney,NA,4.427
NA,1927,NA,NA,NA,NA,NA,NA,NA,Sydney,NA,5.743
NA,1928,NA,NA,NA,NA,NA,NA,NA,Sydney,NA,5.56
NA,1929,NA,NA,NA,NA,NA,NA,NA,Sydney,NA,5.193
NA,1930,NA,NA,NA,NA,NA,NA,NA,Sydney,NA,6.41
NA,1931,NA,NA,NA,NA,NA,NA,NA,Sydney,NA,6.752
NA,1932,NA,NA,NA,NA,NA,NA,NA,Sydney,NA,5.835
NA,1933,NA,NA,NA,NA,NA,NA,NA,Sydney,NA,5.468
NA,1934,NA,NA,NA,NA,NA,NA,NA,Sydney,NA,5.068
NA,1935,NA,NA,NA,NA,NA,NA,NA,Sydney,NA,5.135
NA,1936,NA,NA,NA,NA,NA,NA,NA,Sydney,NA,5.96
NA,1937,NA,NA,NA,NA,NA,NA,NA,Sydney,NA,6.752
NA,1938,NA,NA,NA,NA,NA,NA,NA,Sydney,NA,6.102
NA,1939,NA,NA,NA,NA,NA,NA,NA,Sydney,NA,5.193
NA,1940,NA,NA,NA,NA,NA,NA,NA,Sydney,NA,4.993
NA,1941,NA,NA,NA,NA,NA,NA,NA,Sydney,NA,4.785
NA,1942,NA,NA,NA,NA,NA,NA,NA,Sydney,NA,6.402
NA,1943,NA,NA,NA,NA,NA,NA,NA,Sydney,NA,5.168
NA,1944,NA,NA,NA,NA,NA,NA,NA,Sydney,NA,6.302
NA,1945,NA,NA,NA,NA,NA,NA,NA,Sydney,NA,6.485
NA,1946,NA,NA,NA,NA,NA,NA,NA,Sydney,NA,6.268
NA,1947,NA,NA,NA,NA,NA,NA,NA,Sydney,NA,6.243
NA,1948,NA,NA,NA,NA,NA,NA,NA,Sydney,NA,5.252
NA,1949,NA,NA,NA,NA,NA,NA,NA,Sydney,NA,6.635
NA,1950,NA,NA,NA,NA,NA,NA,NA,Sydney,NA,5.802
NA,1951,NA,NA,NA,NA,NA,NA,NA,Sydney,NA,7.293
NA,1952,NA,NA,NA,NA,NA,NA,NA,Sydney,NA,6.818
NA,1953,NA,NA,NA,NA,NA,NA,NA,Sydney,NA,7.01
NA,1954,NA,NA,NA,NA,NA,NA,NA,Sydney,NA,6.485
NA,1955,NA,NA,NA,NA,NA,NA,NA,Sydney,NA,5.868
NA,1956,NA,NA,NA,NA,NA,NA,NA,Sydney,NA,5.785
NA,1957,NA,NA,NA,NA,NA,NA,NA,Sydney,NA,5.743
NA,1958,NA,NA,NA,NA,NA,NA,NA,Sydney,NA,6.368
NA,1959,NA,NA,NA,NA,NA,NA,NA,Sydney,NA,5.51
NA,1960,NA,NA,NA,NA,NA,NA,NA,Sydney,NA,6.76
NA,1961,NA,NA,NA,NA,NA,NA,NA,Sydney,NA,6.152
NA,1962,NA,NA,NA,NA,NA,NA,NA,Sydney,NA,5.352
NA,1963,NA,NA,NA,NA,NA,NA,NA,Sydney,NA,5.727
NA,1964,NA,NA,NA,NA,NA,NA,NA,Sydney,NA,5.168
NA,1965,NA,NA,NA,NA,NA,NA,NA,Sydney,NA,5.027
NA,1966,NA,NA,NA,NA,NA,NA,NA,Sydney,NA,6.76
NA,1967,NA,NA,NA,NA,NA,NA,NA,Sydney,NA,6.193
NA,1968,NA,NA,NA,NA,NA,NA,NA,Sydney,NA,5.835
NA,1969,NA,NA,NA,NA,NA,NA,NA,Sydney,NA,6.902
NA,1970,NA,NA,NA,NA,NA,NA,NA,Sydney,NA,5.918
NA,1971,NA,NA,NA,NA,NA,NA,NA,Sydney,NA,6.185
NA,1972,NA,NA,NA,NA,NA,NA,NA,Sydney,NA,4.835
NA,1973,NA,NA,NA,NA,NA,NA,NA,Sydney,NA,5.843
NA,1974,NA,NA,NA,NA,NA,NA,NA,Sydney,NA,4.752
NA,1975,NA,NA,NA,NA,NA,NA,NA,Sydney,NA,5.268
NA,1976,NA,NA,NA,NA,NA,NA,NA,Sydney,NA,5.668
NA,1977,NA,NA,NA,NA,NA,NA,NA,Sydney,NA,5.852
NA,1978,NA,NA,NA,NA,NA,NA,NA,Sydney,NA,5.352
NA,1979,NA,NA,NA,NA,NA,NA,NA,Sydney,NA,6.568
NA,1980,NA,NA,NA,NA,NA,NA,NA,Sydney,NA,5.06
NA,1981,NA,NA,NA,NA,NA,NA,NA,Sydney,NA,6.693
NA,1982,NA,NA,NA,NA,NA,NA,NA,Sydney,NA,5.435
NA,1983,NA,NA,NA,NA,NA,NA,NA,Sydney,NA,6.785
NA,1984,NA,NA,NA,NA,NA,NA,NA,Sydney,NA,6.452
NA,1985,NA,NA,NA,NA,NA,NA,NA,Sydney,NA,4.902
NA,1986,NA,NA,NA,NA,NA,NA,NA,Sydney,NA,4.843
NA,1987,NA,NA,NA,NA,NA,NA,NA,Sydney,NA,5.685
NA,1988,NA,NA,NA,NA,NA,NA,NA,Sydney,NA,5.768
NA,1989,NA,NA,NA,NA,NA,NA,NA,Sydney,NA,5.402
NA,1990,NA,NA,NA,NA,NA,NA,NA,Sydney,NA,6.227
NA,1991,NA,NA,NA,NA,NA,NA,NA,Sydney,NA,5.86
NA,1992,NA,NA,NA,NA,NA,NA,NA,Sydney,NA,5.068
NA,1993,NA,NA,NA,NA,NA,NA,NA,Sydney,NA,5.177
NA,1994,NA,NA,NA,NA,NA,NA,NA,Sydney,NA,5.935
NA,1995,NA,NA,NA,NA,NA,NA,NA,Sydney,NA,5.993
NA,1996,NA,NA,NA,NA,NA,NA,NA,Sydney,NA,6.243
NA,1997,NA,NA,NA,NA,NA,NA,NA,Sydney,NA,5.143
NA,1998,NA,NA,NA,NA,NA,NA,NA,Sydney,NA,6.96
NA,1999,NA,NA,NA,NA,NA,NA,NA,Sydney,NA,7.952
NA,2000,NA,NA,NA,NA,NA,NA,NA,Sydney,NA,6.677
NA,2001,NA,NA,NA,NA,NA,NA,NA,Sydney,NA,6.752
NA,2002,NA,NA,NA,NA,NA,NA,NA,Sydney,NA,6.043
NA,2003,NA,NA,NA,NA,NA,NA,NA,Sydney,NA,6.143
NA,2004,NA,NA,NA,NA,NA,NA,NA,Sydney,NA,5.902
NA,2005,NA,NA,NA,NA,NA,NA,NA,Sydney,NA,6.91
NA,2006,NA,NA,NA,NA,NA,NA,NA,Sydney,NA,7.735
NA,2007,NA,NA,NA,NA,NA,NA,NA,Sydney,NA,6.035
NA,2008,NA,NA,NA,NA,NA,NA,NA,Sydney,NA,6.652
NA,2009,NA,NA,NA,NA,NA,NA,NA,Sydney,NA,6.377
NA,2010,NA,NA,NA,NA,NA,NA,NA,Sydney,NA,7.652
NA,2011,NA,NA,NA,NA,NA,NA,NA,Sydney,NA,6.702
NA,2012,NA,NA,NA,NA,NA,NA,NA,Sydney,NA,7.827
NA,2013,NA,NA,NA,NA,NA,NA,NA,Sydney,NA,6.677
NA,2014,NA,NA,NA,NA,NA,NA,NA,Sydney,NA,6.477
NA,2015,NA,NA,NA,NA,NA,NA,NA,Sydney,NA,5.868
NA,2016,NA,NA,NA,NA,NA,NA,NA,Sydney,NA,7.2
NA,2017,NA,NA,NA,NA,NA,NA,NA,Sydney,NA,6.968
NA,2018,NA,NA,NA,NA,NA,NA,NA,Sydney,NA,6.56
NA,2019,NA,NA,NA,NA,NA,NA,NA,Sydney,NA,6.052
NA,2020,NA,NA,NA,NA,NA,NA,NA,Sydney,NA,6.382
NA,1879,NA,NA,NA,NA,NA,NA,NA,Yarmouth,NA,6.115
NA,1880,NA,NA,NA,NA,NA,NA,NA,Yarmouth,NA,6.696
NA,1881,NA,NA,NA,NA,NA,NA,NA,Yarmouth,NA,6.539
NA,1882,NA,NA,NA,NA,NA,NA,NA,Yarmouth,NA,5.503
NA,1883,NA,NA,NA,NA,NA,NA,NA,Yarmouth,NA,5.462
NA,1884,NA,NA,NA,NA,NA,NA,NA,Yarmouth,NA,6.237
NA,1885,NA,NA,NA,NA,NA,NA,NA,Yarmouth,NA,6.465
NA,1886,NA,NA,NA,NA,NA,NA,NA,Yarmouth,NA,6.715
NA,1887,NA,NA,NA,NA,NA,NA,NA,Yarmouth,NA,6.246
NA,1888,NA,NA,NA,NA,NA,NA,NA,Yarmouth,NA,5.704
NA,1889,NA,NA,NA,NA,NA,NA,NA,Yarmouth,NA,7.921
NA,1890,NA,NA,NA,NA,NA,NA,NA,Yarmouth,NA,6.787
NA,1891,NA,NA,NA,NA,NA,NA,NA,Yarmouth,NA,7.446
NA,1892,NA,NA,NA,NA,NA,NA,NA,Yarmouth,NA,6.804
NA,1893,NA,NA,NA,NA,NA,NA,NA,Yarmouth,NA,6.104
NA,1894,NA,NA,NA,NA,NA,NA,NA,Yarmouth,NA,6.504
NA,1895,NA,NA,NA,NA,NA,NA,NA,Yarmouth,NA,6.987
NA,1896,NA,NA,NA,NA,NA,NA,NA,Yarmouth,NA,6.412
NA,1897,NA,NA,NA,NA,NA,NA,NA,Yarmouth,NA,6.496
NA,1898,NA,NA,NA,NA,NA,NA,NA,Yarmouth,NA,6.821
NA,1899,NA,NA,NA,NA,NA,NA,NA,Yarmouth,NA,6.679
NA,1900,NA,NA,NA,NA,NA,NA,NA,Yarmouth,NA,7.254
NA,1901,NA,NA,NA,NA,NA,NA,NA,Yarmouth,NA,7.137
NA,1902,NA,NA,NA,NA,NA,NA,NA,Yarmouth,NA,6.996
NA,1903,NA,NA,NA,NA,NA,NA,NA,Yarmouth,NA,6.987
NA,1904,NA,NA,NA,NA,NA,NA,NA,Yarmouth,NA,5.396
NA,1905,NA,NA,NA,NA,NA,NA,NA,Yarmouth,NA,5.704
NA,1906,NA,NA,NA,NA,NA,NA,NA,Yarmouth,NA,6.662
NA,1907,NA,NA,NA,NA,NA,NA,NA,Yarmouth,NA,5.637
NA,1908,NA,NA,NA,NA,NA,NA,NA,Yarmouth,NA,6.771
NA,1909,NA,NA,NA,NA,NA,NA,NA,Yarmouth,NA,6.821
NA,1910,NA,NA,NA,NA,NA,NA,NA,Yarmouth,NA,7.312
NA,1911,NA,NA,NA,NA,NA,NA,NA,Yarmouth,NA,6.729
NA,1912,NA,NA,NA,NA,NA,NA,NA,Yarmouth,NA,6.362
NA,1913,NA,NA,NA,NA,NA,NA,NA,Yarmouth,NA,7.554
NA,1914,NA,NA,NA,NA,NA,NA,NA,Yarmouth,NA,5.921
NA,1915,NA,NA,NA,NA,NA,NA,NA,Yarmouth,NA,6.979
NA,1916,NA,NA,NA,NA,NA,NA,NA,Yarmouth,NA,5.954
NA,1917,NA,NA,NA,NA,NA,NA,NA,Yarmouth,NA,5.512
NA,1918,NA,NA,NA,NA,NA,NA,NA,Yarmouth,NA,6.087
NA,1919,NA,NA,NA,NA,NA,NA,NA,Yarmouth,NA,6.812
NA,1920,NA,NA,NA,NA,NA,NA,NA,Yarmouth,NA,6.429
NA,1921,NA,NA,NA,NA,NA,NA,NA,Yarmouth,NA,7.104
NA,1922,NA,NA,NA,NA,NA,NA,NA,Yarmouth,NA,6.548
NA,1923,NA,NA,NA,NA,NA,NA,NA,Yarmouth,NA,5.658
NA,1924,NA,NA,NA,NA,NA,NA,NA,Yarmouth,NA,6.354
NA,1925,NA,NA,NA,NA,NA,NA,NA,Yarmouth,NA,6.212
NA,1926,NA,NA,NA,NA,NA,NA,NA,Yarmouth,NA,5.737
NA,1927,NA,NA,NA,NA,NA,NA,NA,Yarmouth,NA,7.029
NA,1928,NA,NA,NA,NA,NA,NA,NA,Yarmouth,NA,6.946
NA,1929,NA,NA,NA,NA,NA,NA,NA,Yarmouth,NA,6.646
NA,1930,NA,NA,NA,NA,NA,NA,NA,Yarmouth,NA,7.479
NA,1931,NA,NA,NA,NA,NA,NA,NA,Yarmouth,NA,8.079
NA,1932,NA,NA,NA,NA,NA,NA,NA,Yarmouth,NA,7.354
NA,1933,NA,NA,NA,NA,NA,NA,NA,Yarmouth,NA,7.012
NA,1934,NA,NA,NA,NA,NA,NA,NA,Yarmouth,NA,6.646
NA,1935,NA,NA,NA,NA,NA,NA,NA,Yarmouth,NA,6.771
NA,1936,NA,NA,NA,NA,NA,NA,NA,Yarmouth,NA,7.187
NA,1937,NA,NA,NA,NA,NA,NA,NA,Yarmouth,NA,7.962
NA,1938,NA,NA,NA,NA,NA,NA,NA,Yarmouth,NA,7.246
NA,1939,NA,NA,NA,NA,NA,NA,NA,Yarmouth,NA,6.746
NA,1940,NA,NA,NA,NA,NA,NA,NA,Yarmouth,NA,6.146
NA,1941,NA,NA,NA,NA,NA,NA,NA,Yarmouth,NA,6.396
NA,1942,NA,NA,NA,NA,NA,NA,NA,Yarmouth,NA,6.862
NA,1943,NA,NA,NA,NA,NA,NA,NA,Yarmouth,NA,6.829
NA,1944,NA,NA,NA,NA,NA,NA,NA,Yarmouth,NA,7.204
NA,1945,NA,NA,NA,NA,NA,NA,NA,Yarmouth,NA,7.221
NA,1946,NA,NA,NA,NA,NA,NA,NA,Yarmouth,NA,7.146
NA,1947,NA,NA,NA,NA,NA,NA,NA,Yarmouth,NA,7.487
NA,1948,NA,NA,NA,NA,NA,NA,NA,Yarmouth,NA,6.612
NA,1949,NA,NA,NA,NA,NA,NA,NA,Yarmouth,NA,8.021
NA,1950,NA,NA,NA,NA,NA,NA,NA,Yarmouth,NA,7.037
NA,1951,NA,NA,NA,NA,NA,NA,NA,Yarmouth,NA,8.354
NA,1952,NA,NA,NA,NA,NA,NA,NA,Yarmouth,NA,7.654
NA,1953,NA,NA,NA,NA,NA,NA,NA,Yarmouth,NA,8.304
NA,1954,NA,NA,NA,NA,NA,NA,NA,Yarmouth,NA,7.321
NA,1955,NA,NA,NA,NA,NA,NA,NA,Yarmouth,NA,6.846
NA,1956,NA,NA,NA,NA,NA,NA,NA,Yarmouth,NA,6.679
NA,1957,NA,NA,NA,NA,NA,NA,NA,Yarmouth,NA,7.304
NA,1958,NA,NA,NA,NA,NA,NA,NA,Yarmouth,NA,6.904
NA,1959,NA,NA,NA,NA,NA,NA,NA,Yarmouth,NA,6.996
NA,1960,NA,NA,NA,NA,NA,NA,NA,Yarmouth,NA,7.412
NA,1961,NA,NA,NA,NA,NA,NA,NA,Yarmouth,NA,6.896
NA,1962,NA,NA,NA,NA,NA,NA,NA,Yarmouth,NA,6.454
NA,1963,NA,NA,NA,NA,NA,NA,NA,Yarmouth,NA,6.654
NA,1964,NA,NA,NA,NA,NA,NA,NA,Yarmouth,NA,6.479
NA,1965,NA,NA,NA,NA,NA,NA,NA,Yarmouth,NA,5.854
NA,1966,NA,NA,NA,NA,NA,NA,NA,Yarmouth,NA,6.912
NA,1967,NA,NA,NA,NA,NA,NA,NA,Yarmouth,NA,6.429
NA,1968,NA,NA,NA,NA,NA,NA,NA,Yarmouth,NA,6.971
NA,1969,NA,NA,NA,NA,NA,NA,NA,Yarmouth,NA,7.679
NA,1970,NA,NA,NA,NA,NA,NA,NA,Yarmouth,NA,6.787
NA,1971,NA,NA,NA,NA,NA,NA,NA,Yarmouth,NA,7.037
NA,1972,NA,NA,NA,NA,NA,NA,NA,Yarmouth,NA,6.496
NA,1973,NA,NA,NA,NA,NA,NA,NA,Yarmouth,NA,7.654
NA,1974,NA,NA,NA,NA,NA,NA,NA,Yarmouth,NA,6.629
NA,1975,NA,NA,NA,NA,NA,NA,NA,Yarmouth,NA,7.054
NA,1976,NA,NA,NA,NA,NA,NA,NA,Yarmouth,NA,7.221
NA,1977,NA,NA,NA,NA,NA,NA,NA,Yarmouth,NA,7.012
NA,1978,NA,NA,NA,NA,NA,NA,NA,Yarmouth,NA,6.387
NA,1979,NA,NA,NA,NA,NA,NA,NA,Yarmouth,NA,7.648
NA,1980,NA,NA,NA,NA,NA,NA,NA,Yarmouth,NA,6.654
NA,1981,NA,NA,NA,NA,NA,NA,NA,Yarmouth,NA,7.529
NA,1982,NA,NA,NA,NA,NA,NA,NA,Yarmouth,NA,7.012
NA,1983,NA,NA,NA,NA,NA,NA,NA,Yarmouth,NA,7.746
NA,1984,NA,NA,NA,NA,NA,NA,NA,Yarmouth,NA,7.762
NA,1985,NA,NA,NA,NA,NA,NA,NA,Yarmouth,NA,6.829
NA,1986,NA,NA,NA,NA,NA,NA,NA,Yarmouth,NA,7.054
NA,1987,NA,NA,NA,NA,NA,NA,NA,Yarmouth,NA,6.987
NA,1988,NA,NA,NA,NA,NA,NA,NA,Yarmouth,NA,7.137
NA,1989,NA,NA,NA,NA,NA,NA,NA,Yarmouth,NA,6.762
NA,1990,NA,NA,NA,NA,NA,NA,NA,Yarmouth,NA,8.021
NA,1991,NA,NA,NA,NA,NA,NA,NA,Yarmouth,NA,7.579
NA,1992,NA,NA,NA,NA,NA,NA,NA,Yarmouth,NA,6.212
NA,1993,NA,NA,NA,NA,NA,NA,NA,Yarmouth,NA,6.821
NA,1994,NA,NA,NA,NA,NA,NA,NA,Yarmouth,NA,7.262
NA,1995,NA,NA,NA,NA,NA,NA,NA,Yarmouth,NA,7.387
NA,1996,NA,NA,NA,NA,NA,NA,NA,Yarmouth,NA,6.921
NA,1997,NA,NA,NA,NA,NA,NA,NA,Yarmouth,NA,6.787
NA,1998,NA,NA,NA,NA,NA,NA,NA,Yarmouth,NA,7.879
NA,1999,NA,NA,NA,NA,NA,NA,NA,Yarmouth,NA,8.729
NA,2000,NA,NA,NA,NA,NA,NA,NA,Yarmouth,NA,7.737
NA,2001,NA,NA,NA,NA,NA,NA,NA,Yarmouth,NA,7.604
NA,2002,NA,NA,NA,NA,NA,NA,NA,Yarmouth,NA,7.796
NA,2003,NA,NA,NA,NA,NA,NA,NA,Yarmouth,NA,7.179
NA,2004,NA,NA,NA,NA,NA,NA,NA,Yarmouth,NA,6.496
NA,2005,NA,NA,NA,NA,NA,NA,NA,Yarmouth,NA,7.504
NA,2006,NA,NA,NA,NA,NA,NA,NA,Yarmouth,NA,8.454
NA,2007,NA,NA,NA,NA,NA,NA,NA,Yarmouth,NA,7.029
NA,2008,NA,NA,NA,NA,NA,NA,NA,Yarmouth,NA,7.879
NA,2009,NA,NA,NA,NA,NA,NA,NA,Yarmouth,NA,7.554
NA,2010,NA,NA,NA,NA,NA,NA,NA,Yarmouth,NA,8.654
NA,2011,NA,NA,NA,NA,NA,NA,NA,Yarmouth,NA,8.496
NA,2012,NA,NA,NA,NA,NA,NA,NA,Yarmouth,NA,9.542
NA,2013,NA,NA,NA,NA,NA,NA,NA,Yarmouth,NA,8.037
NA,2014,NA,NA,NA,NA,NA,NA,NA,Yarmouth,NA,8.162
NA,2015,NA,NA,NA,NA,NA,NA,NA,Yarmouth,NA,7.587
NA,2016,NA,NA,NA,NA,NA,NA,NA,Yarmouth,NA,8.746
NA,2017,NA,NA,NA,NA,NA,NA,NA,Yarmouth,NA,8.144
NA,2018,NA,NA,NA,NA,NA,NA,NA,Yarmouth,NA,8.337
NA,2019,NA,NA,NA,NA,NA,NA,NA,Yarmouth,NA,7.437
NA,2020,NA,NA,NA,NA,NA,NA,NA,Yarmouth,NA,8.307
