year,area,density_gradient_0_50,sea_temperature_0,salinity_0,temperature_at_sea_floor,cold_intermediate_layer_volume,minimum_temperature_in_cold_intermediate_layer,north_atlantic_oscillation,sea_surface_temperature_from_satellite
1948,scotian_shelf_box,-0.00139,-1.4360000000000002,0.118,NA,NA,NA,NA,NA
1949,scotian_shelf_box,-0.00968,0.505,0.302,NA,NA,NA,NA,NA
1950,scotian_shelf_box,-0.01883,-0.41300000000000003,0.5609999999999999,NA,NA,NA,NA,NA
1951,scotian_shelf_box,-9.2e-4,1.3239999999999998,0.13,NA,NA,NA,NA,NA
1952,scotian_shelf_box,0.00155,0.4600000000000001,0.007000000000000006,NA,NA,NA,NA,NA
1953,scotian_shelf_box,-0.00313,0.208,0.109,NA,NA,NA,NA,NA
1954,scotian_shelf_box,-0.0081,-0.61,0.316,NA,NA,NA,NA,NA
1955,scotian_shelf_box,0.00138,-0.371,-0.11800000000000001,NA,NA,NA,NA,NA
1956,scotian_shelf_box,-0.0107,-0.163,0.5579999999999999,NA,NA,NA,NA,NA
1957,scotian_shelf_box,0.00166,-0.20400000000000001,-0.135,NA,NA,NA,NA,NA
1958,scotian_shelf_box,-0.01261,-1.034,0.187,NA,NA,NA,NA,NA
1959,scotian_shelf_box,-0.0045,-0.602,0.186,NA,NA,NA,NA,NA
1960,scotian_shelf_box,-0.00675,-0.948,0.536,NA,NA,NA,NA,NA
1961,scotian_shelf_box,-0.00554,-1.2240000000000002,0.189,NA,NA,NA,NA,NA
1962,scotian_shelf_box,-0.00914,-1.8230000000000002,0.20800000000000002,NA,NA,NA,NA,NA
1963,scotian_shelf_box,-0.00468,0.253,0.342,NA,NA,NA,NA,NA
1964,scotian_shelf_box,-0.0063,-1.822,0.36100000000000004,NA,NA,NA,NA,NA
1965,scotian_shelf_box,-0.00599,-1.631,0.368,NA,NA,NA,NA,NA
1966,scotian_shelf_box,-0.00485,-0.43500000000000005,0.443,NA,NA,NA,NA,NA
1967,scotian_shelf_box,-0.00387,-1.091,0.242,NA,NA,NA,NA,NA
1968,scotian_shelf_box,-0.00841,-0.592,0.402,NA,NA,NA,NA,NA
1969,scotian_shelf_box,-0.00674,-0.125,0.427,NA,NA,NA,NA,NA
1970,scotian_shelf_box,-0.00289,0.204,0.026000000000000002,NA,NA,NA,NA,NA
1971,scotian_shelf_box,-0.00294,-1.043,-0.126,NA,NA,NA,NA,NA
1972,scotian_shelf_box,-0.00578,-0.093,0.385,NA,NA,NA,NA,NA
1973,scotian_shelf_box,-0.00339,-0.709,-0.08600000000000001,NA,NA,NA,NA,NA
1974,scotian_shelf_box,-0.01529,-1.498,0.467,NA,NA,NA,NA,NA
1975,scotian_shelf_box,-0.00859,-0.725,0.21500000000000002,NA,NA,NA,NA,NA
1976,scotian_shelf_box,-0.00662,-0.41900000000000004,0.291,NA,NA,NA,NA,NA
1977,scotian_shelf_box,-0.00272,-0.902,0.323,NA,NA,NA,NA,NA
1978,scotian_shelf_box,4.4e-4,0.01899999999999999,-0.078,NA,NA,NA,NA,NA
1979,scotian_shelf_box,-0.00531,-0.08800000000000001,0.257,NA,NA,NA,NA,NA
1980,scotian_shelf_box,-0.00796,-0.767,0.309,NA,NA,NA,NA,NA
1981,scotian_shelf_box,-0.0014,-0.07600000000000001,0.121,NA,NA,NA,NA,NA
1982,scotian_shelf_box,-0.00486,0.063,0.325,NA,NA,NA,NA,NA
1983,scotian_shelf_box,0.00265,0.875,0.013999999999999999,NA,NA,NA,NA,NA
1984,scotian_shelf_box,-0.00276,-0.010000000000000009,-0.117,NA,NA,NA,NA,NA
1985,scotian_shelf_box,-0.01193,-1.895,0.22099999999999997,NA,NA,NA,NA,NA
1986,scotian_shelf_box,-0.00847,-0.9209999999999999,0.192,NA,NA,NA,NA,NA
1987,scotian_shelf_box,-0.00121,0.30799999999999994,0.332,NA,NA,NA,NA,NA
1988,scotian_shelf_box,-1.7e-4,-0.133,0.138,NA,NA,NA,NA,NA
1989,scotian_shelf_box,-0.00493,-0.29100000000000004,0.34400000000000003,NA,NA,NA,NA,NA
1990,scotian_shelf_box,-0.00486,-0.611,0.455,NA,NA,NA,NA,NA
1991,scotian_shelf_box,0.00107,-0.45599999999999996,-0.126,NA,NA,NA,NA,NA
1992,scotian_shelf_box,-0.00285,-0.996,0.077,NA,NA,NA,NA,NA
1993,scotian_shelf_box,-6.7e-4,-0.755,0.14800000000000002,NA,NA,NA,NA,NA
1994,scotian_shelf_box,0.0065,0.254,-0.27199999999999996,NA,NA,NA,NA,NA
1995,scotian_shelf_box,-2e-5,-0.476,-0.08600000000000001,NA,NA,NA,NA,NA
1996,scotian_shelf_box,-0.0013,-0.955,0.017,NA,NA,NA,NA,NA
1997,scotian_shelf_box,-3.7e-4,-0.615,-0.09000000000000001,NA,NA,NA,NA,NA
1998,scotian_shelf_box,0.01015,0.07199999999999998,-0.365,NA,NA,NA,NA,NA
1999,scotian_shelf_box,0.00394,0.8330000000000001,0.073,NA,NA,NA,NA,NA
2000,scotian_shelf_box,-1.4e-4,0.8150000000000001,0.191,NA,NA,NA,NA,NA
2001,scotian_shelf_box,-0.00224,-0.20700000000000002,0.163,NA,NA,NA,NA,NA
2002,scotian_shelf_box,-0.00478,-0.406,0.164,NA,NA,NA,NA,NA
2003,scotian_shelf_box,9e-4,-0.096,0.397,NA,NA,NA,NA,NA
2004,scotian_shelf_box,-0.00396,-0.754,0.237,NA,NA,NA,NA,NA
2005,scotian_shelf_box,6.8e-4,0.04099999999999998,0.14100000000000001,NA,NA,NA,NA,NA
2006,scotian_shelf_box,0.00374,0.547,0.0030000000000000027,NA,NA,NA,NA,NA
2007,scotian_shelf_box,0.00153,-0.545,0.09,NA,NA,NA,NA,NA
2008,scotian_shelf_box,0.00379,0.30899999999999994,0.03,NA,NA,NA,NA,NA
2009,scotian_shelf_box,-0.00242,0.10999999999999999,0.176,NA,NA,NA,NA,NA
2010,scotian_shelf_box,0.00594,1.6969999999999998,0.059,NA,NA,NA,NA,NA
2011,scotian_shelf_box,-0.00529,-0.502,-0.018000000000000002,NA,NA,NA,NA,NA
2012,scotian_shelf_box,0.00596,2.1959999999999997,-0.037000000000000005,NA,NA,NA,NA,NA
2013,scotian_shelf_box,0.00603,0.842,-0.044,NA,NA,NA,NA,NA
2014,scotian_shelf_box,0.00143,1.138,0.317,NA,NA,NA,NA,NA
2015,scotian_shelf_box,-0.00128,0.32699999999999996,0.256,NA,NA,NA,NA,NA
2016,scotian_shelf_box,0.00391,1.297,0.065,NA,NA,NA,NA,NA
2017,scotian_shelf_box,0.00281,0.951,-0.09100000000000001,NA,NA,NA,NA,NA
2018,scotian_shelf_box,-0.00271,0.537,0.098,NA,NA,NA,NA,NA
2019,scotian_shelf_box,2.7e-4,-0.081,-0.27099999999999996,NA,NA,NA,NA,NA
2020,scotian_shelf_box,-0.0037200000000000002,0.8250000000000001,0.42200000000000004,NA,NA,NA,NA,NA
1952,Cabot Strait,NA,NA,NA,4.872,NA,NA,NA,NA
1953,Cabot Strait,NA,NA,NA,5.054,NA,NA,NA,NA
1954,Cabot Strait,NA,NA,NA,5.362,NA,NA,NA,NA
1955,Cabot Strait,NA,NA,NA,4.777,NA,NA,NA,NA
1956,Cabot Strait,NA,NA,NA,4.867,NA,NA,NA,NA
1957,Cabot Strait,NA,NA,NA,5.495,NA,NA,NA,NA
1959,Cabot Strait,NA,NA,NA,4.772,NA,NA,NA,NA
1960,Cabot Strait,NA,NA,NA,4.662,NA,NA,NA,NA
1961,Cabot Strait,NA,NA,NA,4.9,NA,NA,NA,NA
1962,Cabot Strait,NA,NA,NA,4.878,NA,NA,NA,NA
1964,Cabot Strait,NA,NA,NA,4.409000000000001,NA,NA,NA,NA
1965,Cabot Strait,NA,NA,NA,4.073,NA,NA,NA,NA
1966,Cabot Strait,NA,NA,NA,4.018000000000001,NA,NA,NA,NA
1967,Cabot Strait,NA,NA,NA,4.258,NA,NA,NA,NA
1968,Cabot Strait,NA,NA,NA,4.591,NA,NA,NA,NA
1969,Cabot Strait,NA,NA,NA,4.98,NA,NA,NA,NA
1970,Cabot Strait,NA,NA,NA,5.299,NA,NA,NA,NA
1971,Cabot Strait,NA,NA,NA,5.283,NA,NA,NA,NA
1972,Cabot Strait,NA,NA,NA,5.188000000000001,NA,NA,NA,NA
1973,Cabot Strait,NA,NA,NA,5.2490000000000006,NA,NA,NA,NA
1974,Cabot Strait,NA,NA,NA,5.397,NA,NA,NA,NA
1975,Cabot Strait,NA,NA,NA,5.284,NA,NA,NA,NA
1976,Cabot Strait,NA,NA,NA,5.901,NA,NA,NA,NA
1977,Cabot Strait,NA,NA,NA,5.848,NA,NA,NA,NA
1978,Cabot Strait,NA,NA,NA,6.105,NA,NA,NA,NA
1979,Cabot Strait,NA,NA,NA,6.473,NA,NA,NA,NA
1980,Cabot Strait,NA,NA,NA,5.979,NA,NA,NA,NA
1981,Cabot Strait,NA,NA,NA,5.721,NA,NA,NA,NA
1982,Cabot Strait,NA,NA,NA,5.5120000000000005,NA,NA,NA,NA
1983,Cabot Strait,NA,NA,NA,5.785,NA,NA,NA,NA
1984,Cabot Strait,NA,NA,NA,5.856,NA,NA,NA,NA
1985,Cabot Strait,NA,NA,NA,6.151,NA,NA,NA,NA
1986,Cabot Strait,NA,NA,NA,6.081,NA,NA,NA,NA
1987,Cabot Strait,NA,NA,NA,5.761,NA,NA,NA,NA
1988,Cabot Strait,NA,NA,NA,5.679,NA,NA,NA,NA
1989,Cabot Strait,NA,NA,NA,5.654,NA,NA,NA,NA
1990,Cabot Strait,NA,NA,NA,5.344,NA,NA,NA,NA
1991,Cabot Strait,NA,NA,NA,4.521,NA,NA,NA,NA
1992,Cabot Strait,NA,NA,NA,5.25,NA,NA,NA,NA
1993,Cabot Strait,NA,NA,NA,6.1610000000000005,NA,NA,NA,NA
1994,Cabot Strait,NA,NA,NA,5.61,NA,NA,NA,NA
1995,Cabot Strait,NA,NA,NA,5.522,NA,NA,NA,NA
1996,Cabot Strait,NA,NA,NA,5.469,NA,NA,NA,NA
1997,Cabot Strait,NA,NA,NA,5.769,NA,NA,NA,NA
1998,Cabot Strait,NA,NA,NA,5.3260000000000005,NA,NA,NA,NA
1999,Cabot Strait,NA,NA,NA,5.892,NA,NA,NA,NA
2000,Cabot Strait,NA,NA,NA,5.705,NA,NA,NA,NA
2001,Cabot Strait,NA,NA,NA,5.8340000000000005,NA,NA,NA,NA
2002,Cabot Strait,NA,NA,NA,5.973,NA,NA,NA,NA
2003,Cabot Strait,NA,NA,NA,5.8260000000000005,NA,NA,NA,NA
2004,Cabot Strait,NA,NA,NA,5.832,NA,NA,NA,NA
2005,Cabot Strait,NA,NA,NA,5.751,NA,NA,NA,NA
2006,Cabot Strait,NA,NA,NA,5.734,NA,NA,NA,NA
2007,Cabot Strait,NA,NA,NA,5.487,NA,NA,NA,NA
2008,Cabot Strait,NA,NA,NA,5.522,NA,NA,NA,NA
2009,Cabot Strait,NA,NA,NA,5.165,NA,NA,NA,NA
2010,Cabot Strait,NA,NA,NA,5.933,NA,NA,NA,NA
2011,Cabot Strait,NA,NA,NA,6.2170000000000005,NA,NA,NA,NA
2012,Cabot Strait,NA,NA,NA,6.599,NA,NA,NA,NA
2013,Cabot Strait,NA,NA,NA,5.805,NA,NA,NA,NA
2014,Cabot Strait,NA,NA,NA,6.4990000000000006,NA,NA,NA,NA
2015,Cabot Strait,NA,NA,NA,6.48,NA,NA,NA,NA
2016,Cabot Strait,NA,NA,NA,6.798,NA,NA,NA,NA
2017,Cabot Strait,NA,NA,NA,6.8,NA,NA,NA,NA
2018,Cabot Strait,NA,NA,NA,6.574,NA,NA,NA,NA
2019,Cabot Strait,NA,NA,NA,7.252000000000001,NA,NA,NA,NA
2020,Cabot Strait,NA,NA,NA,7.743,NA,NA,NA,NA
1950,E Georges Bank,NA,NA,NA,8.049999999999999,NA,NA,NA,NA
1951,E Georges Bank,NA,NA,NA,9.41,NA,NA,NA,NA
1952,E Georges Bank,NA,NA,NA,8.35,NA,NA,NA,NA
1953,E Georges Bank,NA,NA,NA,8.28,NA,NA,NA,NA
1954,E Georges Bank,NA,NA,NA,9.57,NA,NA,NA,NA
1955,E Georges Bank,NA,NA,NA,8.31,NA,NA,NA,NA
1956,E Georges Bank,NA,NA,NA,7.58,NA,NA,NA,NA
1957,E Georges Bank,NA,NA,NA,8.03,NA,NA,NA,NA
1958,E Georges Bank,NA,NA,NA,7.81,NA,NA,NA,NA
1959,E Georges Bank,NA,NA,NA,7.409999999999999,NA,NA,NA,NA
1960,E Georges Bank,NA,NA,NA,6.84,NA,NA,NA,NA
1961,E Georges Bank,NA,NA,NA,6.1899999999999995,NA,NA,NA,NA
1962,E Georges Bank,NA,NA,NA,6.25,NA,NA,NA,NA
1963,E Georges Bank,NA,NA,NA,7.029999999999999,NA,NA,NA,NA
1964,E Georges Bank,NA,NA,NA,6.38,NA,NA,NA,NA
1965,E Georges Bank,NA,NA,NA,6.38,NA,NA,NA,NA
1966,E Georges Bank,NA,NA,NA,6,NA,NA,NA,NA
1967,E Georges Bank,NA,NA,NA,6.97,NA,NA,NA,NA
1968,E Georges Bank,NA,NA,NA,6.869999999999999,NA,NA,NA,NA
1969,E Georges Bank,NA,NA,NA,7.739999999999999,NA,NA,NA,NA
1970,E Georges Bank,NA,NA,NA,6.789999999999999,NA,NA,NA,NA
1971,E Georges Bank,NA,NA,NA,7.34,NA,NA,NA,NA
1972,E Georges Bank,NA,NA,NA,7.43,NA,NA,NA,NA
1973,E Georges Bank,NA,NA,NA,8.48,NA,NA,NA,NA
1974,E Georges Bank,NA,NA,NA,8.78,NA,NA,NA,NA
1975,E Georges Bank,NA,NA,NA,7.8999999999999995,NA,NA,NA,NA
1976,E Georges Bank,NA,NA,NA,8.44,NA,NA,NA,NA
1977,E Georges Bank,NA,NA,NA,7.77,NA,NA,NA,NA
1978,E Georges Bank,NA,NA,NA,7.569999999999999,NA,NA,NA,NA
1979,E Georges Bank,NA,NA,NA,8.39,NA,NA,NA,NA
1980,E Georges Bank,NA,NA,NA,8.62,NA,NA,NA,NA
1981,E Georges Bank,NA,NA,NA,7.6499999999999995,NA,NA,NA,NA
1982,E Georges Bank,NA,NA,NA,7.16,NA,NA,NA,NA
1983,E Georges Bank,NA,NA,NA,8.12,NA,NA,NA,NA
1984,E Georges Bank,NA,NA,NA,8.209999999999999,NA,NA,NA,NA
1985,E Georges Bank,NA,NA,NA,8.78,NA,NA,NA,NA
1986,E Georges Bank,NA,NA,NA,8.07,NA,NA,NA,NA
1987,E Georges Bank,NA,NA,NA,7.069999999999999,NA,NA,NA,NA
1988,E Georges Bank,NA,NA,NA,7.8,NA,NA,NA,NA
1989,E Georges Bank,NA,NA,NA,7.25,NA,NA,NA,NA
1990,E Georges Bank,NA,NA,NA,8.11,NA,NA,NA,NA
1991,E Georges Bank,NA,NA,NA,8.34,NA,NA,NA,NA
1992,E Georges Bank,NA,NA,NA,7.46,NA,NA,NA,NA
1993,E Georges Bank,NA,NA,NA,7.529999999999999,NA,NA,NA,NA
1994,E Georges Bank,NA,NA,NA,8.26,NA,NA,NA,NA
1995,E Georges Bank,NA,NA,NA,8.19,NA,NA,NA,NA
1996,E Georges Bank,NA,NA,NA,7.58,NA,NA,NA,NA
1997,E Georges Bank,NA,NA,NA,8.15,NA,NA,NA,NA
1998,E Georges Bank,NA,NA,NA,7.51,NA,NA,NA,NA
1999,E Georges Bank,NA,NA,NA,8.52,NA,NA,NA,NA
2000,E Georges Bank,NA,NA,NA,8.549999999999999,NA,NA,NA,NA
2001,E Georges Bank,NA,NA,NA,8.69,NA,NA,NA,NA
2002,E Georges Bank,NA,NA,NA,8.7,NA,NA,NA,NA
2003,E Georges Bank,NA,NA,NA,7.43,NA,NA,NA,NA
2004,E Georges Bank,NA,NA,NA,6.47,NA,NA,NA,NA
2005,E Georges Bank,NA,NA,NA,6.9399999999999995,NA,NA,NA,NA
2006,E Georges Bank,NA,NA,NA,7.9799999999999995,NA,NA,NA,NA
2007,E Georges Bank,NA,NA,NA,7.029999999999999,NA,NA,NA,NA
2008,E Georges Bank,NA,NA,NA,7.819999999999999,NA,NA,NA,NA
2009,E Georges Bank,NA,NA,NA,8.049999999999999,NA,NA,NA,NA
2010,E Georges Bank,NA,NA,NA,8.48,NA,NA,NA,NA
2011,E Georges Bank,NA,NA,NA,8.08,NA,NA,NA,NA
2012,E Georges Bank,NA,NA,NA,9.65,NA,NA,NA,NA
2013,E Georges Bank,NA,NA,NA,8.34,NA,NA,NA,NA
2014,E Georges Bank,NA,NA,NA,8.7,NA,NA,NA,NA
2015,E Georges Bank,NA,NA,NA,8.76,NA,NA,NA,NA
2016,E Georges Bank,NA,NA,NA,8.75,NA,NA,NA,NA
2017,E Georges Bank,NA,NA,NA,9.41,NA,NA,NA,NA
2018,E Georges Bank,NA,NA,NA,8.33,NA,NA,NA,NA
2019,E Georges Bank,NA,NA,NA,7.81,NA,NA,NA,NA
2020,E Georges Bank,NA,NA,NA,8.79,NA,NA,NA,NA
1950,Emerald Basin,NA,NA,NA,7.5200000000000005,NA,NA,NA,NA
1951,Emerald Basin,NA,NA,NA,9,NA,NA,NA,NA
1952,Emerald Basin,NA,NA,NA,8,NA,NA,NA,NA
1953,Emerald Basin,NA,NA,NA,7.91,NA,NA,NA,NA
1954,Emerald Basin,NA,NA,NA,8.91,NA,NA,NA,NA
1955,Emerald Basin,NA,NA,NA,8.34,NA,NA,NA,NA
1956,Emerald Basin,NA,NA,NA,8.370000000000001,NA,NA,NA,NA
1957,Emerald Basin,NA,NA,NA,8.75,NA,NA,NA,NA
1958,Emerald Basin,NA,NA,NA,8.16,NA,NA,NA,NA
1959,Emerald Basin,NA,NA,NA,5.870000000000001,NA,NA,NA,NA
1960,Emerald Basin,NA,NA,NA,7.15,NA,NA,NA,NA
1961,Emerald Basin,NA,NA,NA,7.470000000000001,NA,NA,NA,NA
1962,Emerald Basin,NA,NA,NA,7.9,NA,NA,NA,NA
1963,Emerald Basin,NA,NA,NA,7.62,NA,NA,NA,NA
1964,Emerald Basin,NA,NA,NA,5.8500000000000005,NA,NA,NA,NA
1965,Emerald Basin,NA,NA,NA,5.82,NA,NA,NA,NA
1966,Emerald Basin,NA,NA,NA,4.83,NA,NA,NA,NA
1967,Emerald Basin,NA,NA,NA,6.0200000000000005,NA,NA,NA,NA
1968,Emerald Basin,NA,NA,NA,7.6000000000000005,NA,NA,NA,NA
1969,Emerald Basin,NA,NA,NA,8.51,NA,NA,NA,NA
1970,Emerald Basin,NA,NA,NA,8.51,NA,NA,NA,NA
1971,Emerald Basin,NA,NA,NA,8.540000000000001,NA,NA,NA,NA
1972,Emerald Basin,NA,NA,NA,8.790000000000001,NA,NA,NA,NA
1973,Emerald Basin,NA,NA,NA,9.38,NA,NA,NA,NA
1974,Emerald Basin,NA,NA,NA,9.6,NA,NA,NA,NA
1975,Emerald Basin,NA,NA,NA,10.05,NA,NA,NA,NA
1976,Emerald Basin,NA,NA,NA,8.66,NA,NA,NA,NA
1977,Emerald Basin,NA,NA,NA,9.13,NA,NA,NA,NA
1978,Emerald Basin,NA,NA,NA,7.36,NA,NA,NA,NA
1979,Emerald Basin,NA,NA,NA,9.33,NA,NA,NA,NA
1980,Emerald Basin,NA,NA,NA,8.99,NA,NA,NA,NA
1981,Emerald Basin,NA,NA,NA,8.950000000000001,NA,NA,NA,NA
1982,Emerald Basin,NA,NA,NA,7.42,NA,NA,NA,NA
1983,Emerald Basin,NA,NA,NA,8.38,NA,NA,NA,NA
1984,Emerald Basin,NA,NA,NA,9.33,NA,NA,NA,NA
1985,Emerald Basin,NA,NA,NA,10.1,NA,NA,NA,NA
1986,Emerald Basin,NA,NA,NA,10.290000000000001,NA,NA,NA,NA
1987,Emerald Basin,NA,NA,NA,9.610000000000001,NA,NA,NA,NA
1988,Emerald Basin,NA,NA,NA,8.66,NA,NA,NA,NA
1989,Emerald Basin,NA,NA,NA,9.39,NA,NA,NA,NA
1990,Emerald Basin,NA,NA,NA,9.530000000000001,NA,NA,NA,NA
1991,Emerald Basin,NA,NA,NA,9.25,NA,NA,NA,NA
1992,Emerald Basin,NA,NA,NA,9.35,NA,NA,NA,NA
1993,Emerald Basin,NA,NA,NA,9.98,NA,NA,NA,NA
1994,Emerald Basin,NA,NA,NA,9.88,NA,NA,NA,NA
1995,Emerald Basin,NA,NA,NA,9.59,NA,NA,NA,NA
1996,Emerald Basin,NA,NA,NA,9.83,NA,NA,NA,NA
1997,Emerald Basin,NA,NA,NA,9.5,NA,NA,NA,NA
1998,Emerald Basin,NA,NA,NA,6.970000000000001,NA,NA,NA,NA
1999,Emerald Basin,NA,NA,NA,8.89,NA,NA,NA,NA
2000,Emerald Basin,NA,NA,NA,9.38,NA,NA,NA,NA
2001,Emerald Basin,NA,NA,NA,9.21,NA,NA,NA,NA
2002,Emerald Basin,NA,NA,NA,9.27,NA,NA,NA,NA
2003,Emerald Basin,NA,NA,NA,9.21,NA,NA,NA,NA
2004,Emerald Basin,NA,NA,NA,9.620000000000001,NA,NA,NA,NA
2005,Emerald Basin,NA,NA,NA,9.39,NA,NA,NA,NA
2006,Emerald Basin,NA,NA,NA,9.55,NA,NA,NA,NA
2007,Emerald Basin,NA,NA,NA,7.33,NA,NA,NA,NA
2008,Emerald Basin,NA,NA,NA,8.290000000000001,NA,NA,NA,NA
2009,Emerald Basin,NA,NA,NA,7.91,NA,NA,NA,NA
2010,Emerald Basin,NA,NA,NA,9.780000000000001,NA,NA,NA,NA
2011,Emerald Basin,NA,NA,NA,9.99,NA,NA,NA,NA
2012,Emerald Basin,NA,NA,NA,9.870000000000001,NA,NA,NA,NA
2013,Emerald Basin,NA,NA,NA,9.74,NA,NA,NA,NA
2014,Emerald Basin,NA,NA,NA,10.51,NA,NA,NA,NA
2015,Emerald Basin,NA,NA,NA,10.31,NA,NA,NA,NA
2016,Emerald Basin,NA,NA,NA,10.76,NA,NA,NA,NA
2017,Emerald Basin,NA,NA,NA,10.63,NA,NA,NA,NA
2018,Emerald Basin,NA,NA,NA,10.75,NA,NA,NA,NA
2019,Emerald Basin,NA,NA,NA,10.97,NA,NA,NA,NA
2020,Emerald Basin,NA,NA,NA,10.73,NA,NA,NA,NA
1950,Georges Basin,NA,NA,NA,6.93,NA,NA,NA,NA
1951,Georges Basin,NA,NA,NA,7.51,NA,NA,NA,NA
1953,Georges Basin,NA,NA,NA,7.57,NA,NA,NA,NA
1954,Georges Basin,NA,NA,NA,7.67,NA,NA,NA,NA
1955,Georges Basin,NA,NA,NA,7.4799999999999995,NA,NA,NA,NA
1956,Georges Basin,NA,NA,NA,7.7299999999999995,NA,NA,NA,NA
1957,Georges Basin,NA,NA,NA,8,NA,NA,NA,NA
1958,Georges Basin,NA,NA,NA,7.6499999999999995,NA,NA,NA,NA
1959,Georges Basin,NA,NA,NA,6.38,NA,NA,NA,NA
1960,Georges Basin,NA,NA,NA,8.01,NA,NA,NA,NA
1961,Georges Basin,NA,NA,NA,6.699999999999999,NA,NA,NA,NA
1962,Georges Basin,NA,NA,NA,7.06,NA,NA,NA,NA
1963,Georges Basin,NA,NA,NA,7.66,NA,NA,NA,NA
1964,Georges Basin,NA,NA,NA,5.88,NA,NA,NA,NA
1965,Georges Basin,NA,NA,NA,5.98,NA,NA,NA,NA
1966,Georges Basin,NA,NA,NA,5.99,NA,NA,NA,NA
1967,Georges Basin,NA,NA,NA,6.37,NA,NA,NA,NA
1968,Georges Basin,NA,NA,NA,7.09,NA,NA,NA,NA
1969,Georges Basin,NA,NA,NA,7.359999999999999,NA,NA,NA,NA
1970,Georges Basin,NA,NA,NA,7.41,NA,NA,NA,NA
1971,Georges Basin,NA,NA,NA,8.08,NA,NA,NA,NA
1972,Georges Basin,NA,NA,NA,8.48,NA,NA,NA,NA
1973,Georges Basin,NA,NA,NA,8.5,NA,NA,NA,NA
1974,Georges Basin,NA,NA,NA,8.76,NA,NA,NA,NA
1975,Georges Basin,NA,NA,NA,8.57,NA,NA,NA,NA
1976,Georges Basin,NA,NA,NA,8.62,NA,NA,NA,NA
1977,Georges Basin,NA,NA,NA,7.57,NA,NA,NA,NA
1978,Georges Basin,NA,NA,NA,7.359999999999999,NA,NA,NA,NA
1979,Georges Basin,NA,NA,NA,8.31,NA,NA,NA,NA
1980,Georges Basin,NA,NA,NA,8.04,NA,NA,NA,NA
1981,Georges Basin,NA,NA,NA,7.5,NA,NA,NA,NA
1982,Georges Basin,NA,NA,NA,7.18,NA,NA,NA,NA
1983,Georges Basin,NA,NA,NA,8.32,NA,NA,NA,NA
1984,Georges Basin,NA,NA,NA,8.39,NA,NA,NA,NA
1985,Georges Basin,NA,NA,NA,9,NA,NA,NA,NA
1986,Georges Basin,NA,NA,NA,8.69,NA,NA,NA,NA
1987,Georges Basin,NA,NA,NA,8.04,NA,NA,NA,NA
1988,Georges Basin,NA,NA,NA,8.1,NA,NA,NA,NA
1989,Georges Basin,NA,NA,NA,7.96,NA,NA,NA,NA
1990,Georges Basin,NA,NA,NA,8.02,NA,NA,NA,NA
1991,Georges Basin,NA,NA,NA,8.19,NA,NA,NA,NA
1992,Georges Basin,NA,NA,NA,8.36,NA,NA,NA,NA
1993,Georges Basin,NA,NA,NA,8.39,NA,NA,NA,NA
1994,Georges Basin,NA,NA,NA,8.73,NA,NA,NA,NA
1995,Georges Basin,NA,NA,NA,8.879999999999999,NA,NA,NA,NA
1996,Georges Basin,NA,NA,NA,8.76,NA,NA,NA,NA
1997,Georges Basin,NA,NA,NA,8.42,NA,NA,NA,NA
1998,Georges Basin,NA,NA,NA,6.87,NA,NA,NA,NA
1999,Georges Basin,NA,NA,NA,8.76,NA,NA,NA,NA
2000,Georges Basin,NA,NA,NA,8.79,NA,NA,NA,NA
2001,Georges Basin,NA,NA,NA,8.34,NA,NA,NA,NA
2002,Georges Basin,NA,NA,NA,8.44,NA,NA,NA,NA
2003,Georges Basin,NA,NA,NA,8.7,NA,NA,NA,NA
2004,Georges Basin,NA,NA,NA,8.27,NA,NA,NA,NA
2005,Georges Basin,NA,NA,NA,8.07,NA,NA,NA,NA
2006,Georges Basin,NA,NA,NA,8.52,NA,NA,NA,NA
2007,Georges Basin,NA,NA,NA,7.5,NA,NA,NA,NA
2008,Georges Basin,NA,NA,NA,7.68,NA,NA,NA,NA
2009,Georges Basin,NA,NA,NA,8.209999999999999,NA,NA,NA,NA
2010,Georges Basin,NA,NA,NA,9.209999999999999,NA,NA,NA,NA
2011,Georges Basin,NA,NA,NA,8.8,NA,NA,NA,NA
2012,Georges Basin,NA,NA,NA,8.78,NA,NA,NA,NA
2013,Georges Basin,NA,NA,NA,9.31,NA,NA,NA,NA
2014,Georges Basin,NA,NA,NA,9.43,NA,NA,NA,NA
2015,Georges Basin,NA,NA,NA,9.28,NA,NA,NA,NA
2016,Georges Basin,NA,NA,NA,9.66,NA,NA,NA,NA
2017,Georges Basin,NA,NA,NA,9.79,NA,NA,NA,NA
2018,Georges Basin,NA,NA,NA,10.18,NA,NA,NA,NA
2019,Georges Basin,NA,NA,NA,9.99,NA,NA,NA,NA
2020,Georges Basin,NA,NA,NA,9.39,NA,NA,NA,NA
1950,Lurcher Shoal,NA,NA,NA,6.91,NA,NA,NA,NA
1951,Lurcher Shoal,NA,NA,NA,7.313,NA,NA,NA,NA
1952,Lurcher Shoal,NA,NA,NA,6.14,NA,NA,NA,NA
1953,Lurcher Shoal,NA,NA,NA,6.923,NA,NA,NA,NA
1954,Lurcher Shoal,NA,NA,NA,6.455,NA,NA,NA,NA
1955,Lurcher Shoal,NA,NA,NA,6.515,NA,NA,NA,NA
1956,Lurcher Shoal,NA,NA,NA,6.267,NA,NA,NA,NA
1957,Lurcher Shoal,NA,NA,NA,6.274,NA,NA,NA,NA
1958,Lurcher Shoal,NA,NA,NA,6.446,NA,NA,NA,NA
1959,Lurcher Shoal,NA,NA,NA,5.689,NA,NA,NA,NA
1960,Lurcher Shoal,NA,NA,NA,5.718,NA,NA,NA,NA
1961,Lurcher Shoal,NA,NA,NA,5.583,NA,NA,NA,NA
1962,Lurcher Shoal,NA,NA,NA,5.898,NA,NA,NA,NA
1963,Lurcher Shoal,NA,NA,NA,6.65,NA,NA,NA,NA
1964,Lurcher Shoal,NA,NA,NA,4.948,NA,NA,NA,NA
1965,Lurcher Shoal,NA,NA,NA,4.904,NA,NA,NA,NA
1966,Lurcher Shoal,NA,NA,NA,5.1129999999999995,NA,NA,NA,NA
1967,Lurcher Shoal,NA,NA,NA,5.29,NA,NA,NA,NA
1968,Lurcher Shoal,NA,NA,NA,5.988,NA,NA,NA,NA
1969,Lurcher Shoal,NA,NA,NA,6.7,NA,NA,NA,NA
1970,Lurcher Shoal,NA,NA,NA,6.566,NA,NA,NA,NA
1971,Lurcher Shoal,NA,NA,NA,6.856,NA,NA,NA,NA
1972,Lurcher Shoal,NA,NA,NA,6.769,NA,NA,NA,NA
1973,Lurcher Shoal,NA,NA,NA,6.656,NA,NA,NA,NA
1974,Lurcher Shoal,NA,NA,NA,7.498,NA,NA,NA,NA
1975,Lurcher Shoal,NA,NA,NA,6.66,NA,NA,NA,NA
1976,Lurcher Shoal,NA,NA,NA,8.142,NA,NA,NA,NA
1977,Lurcher Shoal,NA,NA,NA,6.189,NA,NA,NA,NA
1978,Lurcher Shoal,NA,NA,NA,6.103,NA,NA,NA,NA
1979,Lurcher Shoal,NA,NA,NA,7.421,NA,NA,NA,NA
1980,Lurcher Shoal,NA,NA,NA,6.63,NA,NA,NA,NA
1981,Lurcher Shoal,NA,NA,NA,6.433,NA,NA,NA,NA
1982,Lurcher Shoal,NA,NA,NA,6.789,NA,NA,NA,NA
1983,Lurcher Shoal,NA,NA,NA,6.672,NA,NA,NA,NA
1984,Lurcher Shoal,NA,NA,NA,7.051,NA,NA,NA,NA
1985,Lurcher Shoal,NA,NA,NA,6.739,NA,NA,NA,NA
1986,Lurcher Shoal,NA,NA,NA,7.3,NA,NA,NA,NA
1987,Lurcher Shoal,NA,NA,NA,5.487,NA,NA,NA,NA
1988,Lurcher Shoal,NA,NA,NA,5.224,NA,NA,NA,NA
1989,Lurcher Shoal,NA,NA,NA,5.954,NA,NA,NA,NA
1990,Lurcher Shoal,NA,NA,NA,6.6370000000000005,NA,NA,NA,NA
1991,Lurcher Shoal,NA,NA,NA,5.417,NA,NA,NA,NA
1992,Lurcher Shoal,NA,NA,NA,5.266,NA,NA,NA,NA
1993,Lurcher Shoal,NA,NA,NA,5.984,NA,NA,NA,NA
1994,Lurcher Shoal,NA,NA,NA,6.321,NA,NA,NA,NA
1995,Lurcher Shoal,NA,NA,NA,6.176,NA,NA,NA,NA
1996,Lurcher Shoal,NA,NA,NA,5.667,NA,NA,NA,NA
1997,Lurcher Shoal,NA,NA,NA,6.493,NA,NA,NA,NA
1998,Lurcher Shoal,NA,NA,NA,5.346,NA,NA,NA,NA
1999,Lurcher Shoal,NA,NA,NA,7.319,NA,NA,NA,NA
2000,Lurcher Shoal,NA,NA,NA,7.841,NA,NA,NA,NA
2001,Lurcher Shoal,NA,NA,NA,5.793,NA,NA,NA,NA
2002,Lurcher Shoal,NA,NA,NA,7.38,NA,NA,NA,NA
2003,Lurcher Shoal,NA,NA,NA,6.898,NA,NA,NA,NA
2004,Lurcher Shoal,NA,NA,NA,5.5280000000000005,NA,NA,NA,NA
2005,Lurcher Shoal,NA,NA,NA,5.987,NA,NA,NA,NA
2006,Lurcher Shoal,NA,NA,NA,7.65,NA,NA,NA,NA
2007,Lurcher Shoal,NA,NA,NA,5.355,NA,NA,NA,NA
2008,Lurcher Shoal,NA,NA,NA,6.457,NA,NA,NA,NA
2009,Lurcher Shoal,NA,NA,NA,7.5280000000000005,NA,NA,NA,NA
2010,Lurcher Shoal,NA,NA,NA,6.4350000000000005,NA,NA,NA,NA
2011,Lurcher Shoal,NA,NA,NA,7.63,NA,NA,NA,NA
2012,Lurcher Shoal,NA,NA,NA,9.462,NA,NA,NA,NA
2013,Lurcher Shoal,NA,NA,NA,7.377,NA,NA,NA,NA
2014,Lurcher Shoal,NA,NA,NA,8.066,NA,NA,NA,NA
2015,Lurcher Shoal,NA,NA,NA,7.4510000000000005,NA,NA,NA,NA
2016,Lurcher Shoal,NA,NA,NA,7.296,NA,NA,NA,NA
2018,Lurcher Shoal,NA,NA,NA,8.612,NA,NA,NA,NA
2019,Lurcher Shoal,NA,NA,NA,6.6450000000000005,NA,NA,NA,NA
2020,Lurcher Shoal,NA,NA,NA,7.895,NA,NA,NA,NA
1950,Misaine Bank,NA,NA,NA,1.7553,NA,NA,NA,NA
1951,Misaine Bank,NA,NA,NA,2.5359,NA,NA,NA,NA
1952,Misaine Bank,NA,NA,NA,2.7611,NA,NA,NA,NA
1953,Misaine Bank,NA,NA,NA,2.1154,NA,NA,NA,NA
1954,Misaine Bank,NA,NA,NA,2.1021,NA,NA,NA,NA
1955,Misaine Bank,NA,NA,NA,1.9474,NA,NA,NA,NA
1956,Misaine Bank,NA,NA,NA,1.9161000000000001,NA,NA,NA,NA
1957,Misaine Bank,NA,NA,NA,1.109,NA,NA,NA,NA
1958,Misaine Bank,NA,NA,NA,2.12,NA,NA,NA,NA
1959,Misaine Bank,NA,NA,NA,0.7352,NA,NA,NA,NA
1960,Misaine Bank,NA,NA,NA,2.0899,NA,NA,NA,NA
1961,Misaine Bank,NA,NA,NA,0.7997,NA,NA,NA,NA
1962,Misaine Bank,NA,NA,NA,1.4636,NA,NA,NA,NA
1963,Misaine Bank,NA,NA,NA,1.9534,NA,NA,NA,NA
1964,Misaine Bank,NA,NA,NA,1.4924,NA,NA,NA,NA
1965,Misaine Bank,NA,NA,NA,1.2272,NA,NA,NA,NA
1966,Misaine Bank,NA,NA,NA,1.43,NA,NA,NA,NA
1967,Misaine Bank,NA,NA,NA,1.8195000000000001,NA,NA,NA,NA
1968,Misaine Bank,NA,NA,NA,1.8344,NA,NA,NA,NA
1969,Misaine Bank,NA,NA,NA,1.7233,NA,NA,NA,NA
1970,Misaine Bank,NA,NA,NA,2.1623,NA,NA,NA,NA
1971,Misaine Bank,NA,NA,NA,2.1875999999999998,NA,NA,NA,NA
1972,Misaine Bank,NA,NA,NA,1.6897,NA,NA,NA,NA
1973,Misaine Bank,NA,NA,NA,1.1339000000000001,NA,NA,NA,NA
1974,Misaine Bank,NA,NA,NA,1.3109,NA,NA,NA,NA
1975,Misaine Bank,NA,NA,NA,1.7013,NA,NA,NA,NA
1976,Misaine Bank,NA,NA,NA,1.6989,NA,NA,NA,NA
1977,Misaine Bank,NA,NA,NA,2.6363000000000003,NA,NA,NA,NA
1978,Misaine Bank,NA,NA,NA,2.1538,NA,NA,NA,NA
1979,Misaine Bank,NA,NA,NA,1.9180000000000001,NA,NA,NA,NA
1980,Misaine Bank,NA,NA,NA,1.953,NA,NA,NA,NA
1981,Misaine Bank,NA,NA,NA,2.4551,NA,NA,NA,NA
1982,Misaine Bank,NA,NA,NA,0.9407,NA,NA,NA,NA
1983,Misaine Bank,NA,NA,NA,1.574,NA,NA,NA,NA
1984,Misaine Bank,NA,NA,NA,3.072,NA,NA,NA,NA
1985,Misaine Bank,NA,NA,NA,1.2133,NA,NA,NA,NA
1986,Misaine Bank,NA,NA,NA,0.5272,NA,NA,NA,NA
1987,Misaine Bank,NA,NA,NA,0.936,NA,NA,NA,NA
1988,Misaine Bank,NA,NA,NA,1.9343,NA,NA,NA,NA
1989,Misaine Bank,NA,NA,NA,0.9186,NA,NA,NA,NA
1990,Misaine Bank,NA,NA,NA,0.4586000000000001,NA,NA,NA,NA
1991,Misaine Bank,NA,NA,NA,0.7353000000000001,NA,NA,NA,NA
1992,Misaine Bank,NA,NA,NA,0.9,NA,NA,NA,NA
1993,Misaine Bank,NA,NA,NA,1.3797,NA,NA,NA,NA
1994,Misaine Bank,NA,NA,NA,1.4498,NA,NA,NA,NA
1995,Misaine Bank,NA,NA,NA,1.189,NA,NA,NA,NA
1996,Misaine Bank,NA,NA,NA,1.3039,NA,NA,NA,NA
1997,Misaine Bank,NA,NA,NA,1.5204,NA,NA,NA,NA
1998,Misaine Bank,NA,NA,NA,1.6686,NA,NA,NA,NA
1999,Misaine Bank,NA,NA,NA,2.1498,NA,NA,NA,NA
2000,Misaine Bank,NA,NA,NA,2.5021,NA,NA,NA,NA
2001,Misaine Bank,NA,NA,NA,1.5150000000000001,NA,NA,NA,NA
2002,Misaine Bank,NA,NA,NA,1.6927,NA,NA,NA,NA
2003,Misaine Bank,NA,NA,NA,0.6261,NA,NA,NA,NA
2004,Misaine Bank,NA,NA,NA,0.9588,NA,NA,NA,NA
2005,Misaine Bank,NA,NA,NA,1.7339,NA,NA,NA,NA
2006,Misaine Bank,NA,NA,NA,2.2449,NA,NA,NA,NA
2007,Misaine Bank,NA,NA,NA,1.2126000000000001,NA,NA,NA,NA
2008,Misaine Bank,NA,NA,NA,1.5548,NA,NA,NA,NA
2009,Misaine Bank,NA,NA,NA,1.9258,NA,NA,NA,NA
2010,Misaine Bank,NA,NA,NA,1.954,NA,NA,NA,NA
2011,Misaine Bank,NA,NA,NA,2.2734,NA,NA,NA,NA
2012,Misaine Bank,NA,NA,NA,2.8033,NA,NA,NA,NA
2013,Misaine Bank,NA,NA,NA,1.9178,NA,NA,NA,NA
2014,Misaine Bank,NA,NA,NA,2.1184000000000003,NA,NA,NA,NA
2015,Misaine Bank,NA,NA,NA,2.5404999999999998,NA,NA,NA,NA
2016,Misaine Bank,NA,NA,NA,2.7416,NA,NA,NA,NA
2017,Misaine Bank,NA,NA,NA,1.9393,NA,NA,NA,NA
2018,Misaine Bank,NA,NA,NA,2.0625999999999998,NA,NA,NA,NA
2019,Misaine Bank,NA,NA,NA,1.3149,NA,NA,NA,NA
2020,Misaine Bank,NA,NA,NA,2.1135,NA,NA,NA,NA
1970,scotian_shelf_grid,NA,NA,NA,NA,3724,2.9,NA,NA
1971,scotian_shelf_grid,NA,NA,NA,NA,4377,2.3,NA,NA
1972,scotian_shelf_grid,NA,NA,NA,NA,4711,2.2,NA,NA
1973,scotian_shelf_grid,NA,NA,NA,NA,5257,1.8,NA,NA
1974,scotian_shelf_grid,NA,NA,NA,NA,4257,2.0,NA,NA
1975,scotian_shelf_grid,NA,NA,NA,NA,4802,2.0,NA,NA
1976,scotian_shelf_grid,NA,NA,NA,NA,3249,2.0,NA,NA
1977,scotian_shelf_grid,NA,NA,NA,NA,4168,2.2,NA,NA
1978,scotian_shelf_grid,NA,NA,NA,NA,4453,2.3,NA,NA
1979,scotian_shelf_grid,NA,NA,NA,NA,3119,2.4,NA,NA
1980,scotian_shelf_grid,NA,NA,NA,NA,2796,2.4,NA,NA
1981,scotian_shelf_grid,NA,NA,NA,NA,3640,2.3,NA,NA
1982,scotian_shelf_grid,NA,NA,NA,NA,4612,2.1,NA,NA
1983,scotian_shelf_grid,NA,NA,NA,NA,4482,2.1,NA,NA
1984,scotian_shelf_grid,NA,NA,NA,NA,2724,2.9,NA,NA
1985,scotian_shelf_grid,NA,NA,NA,NA,4840,1.3,NA,NA
1986,scotian_shelf_grid,NA,NA,NA,NA,3426,2.1,NA,NA
1987,scotian_shelf_grid,NA,NA,NA,NA,5473,1.6,NA,NA
1988,scotian_shelf_grid,NA,NA,NA,NA,4283,2.1,NA,NA
1989,scotian_shelf_grid,NA,NA,NA,NA,4702,1.8,NA,NA
1990,scotian_shelf_grid,NA,NA,NA,NA,5769,1.7,NA,NA
1991,scotian_shelf_grid,NA,NA,NA,NA,6460,1.6,NA,NA
1992,scotian_shelf_grid,NA,NA,NA,NA,  NA, NA,NA,NA
1993,scotian_shelf_grid,NA,NA,NA,NA,6198,1.7,NA,NA
1994,scotian_shelf_grid,NA,NA,NA,NA,5763,1.9,NA,NA
1995,scotian_shelf_grid,NA,NA,NA,NA,5882,1.7,NA,NA
1996,scotian_shelf_grid,NA,NA,NA,NA,5199,2.2,NA,NA
1997,scotian_shelf_grid,NA,NA,NA,NA,6226,2.1,NA,NA
1998,scotian_shelf_grid,NA,NA,NA,NA,7235,1.9,NA,NA
1999,scotian_shelf_grid,NA,NA,NA,NA,4806,2.7,NA,NA
2000,scotian_shelf_grid,NA,NA,NA,NA,3217,2.6,NA,NA
2001,scotian_shelf_grid,NA,NA,NA,NA,6717,2.3,NA,NA
2002,scotian_shelf_grid,NA,NA,NA,NA,5004,2.4,NA,NA
2003,scotian_shelf_grid,NA,NA,NA,NA,6638,1.4,NA,NA
2004,scotian_shelf_grid,NA,NA,NA,NA,8026,1.8,NA,NA
2005,scotian_shelf_grid,NA,NA,NA,NA,4891,2.4,NA,NA
2006,scotian_shelf_grid,NA,NA,NA,NA,3698,2.6,NA,NA
2007,scotian_shelf_grid,NA,NA,NA,NA,6602,2.2,NA,NA
2008,scotian_shelf_grid,NA,NA,NA,NA,6634,2.2,NA,NA
2009,scotian_shelf_grid,NA,NA,NA,NA,4584,2.3,NA,NA
2010,scotian_shelf_grid,NA,NA,NA,NA,4618,2.6,NA,NA
2011,scotian_shelf_grid,NA,NA,NA,NA,4684,2.9,NA,NA
2012,scotian_shelf_grid,NA,NA,NA,NA,2696,2.9,NA,NA
2013,scotian_shelf_grid,NA,NA,NA,NA,4864,2.5,NA,NA
2014,scotian_shelf_grid,NA,NA,NA,NA,3276,2.5,NA,NA
2015,scotian_shelf_grid,NA,NA,NA,NA,3942,2.2,NA,NA
2016,scotian_shelf_grid,NA,NA,NA,NA,3763,2.6,NA,NA
2017,scotian_shelf_grid,NA,NA,NA,NA,4192,2.5,NA,NA
2018,scotian_shelf_grid,NA,NA,NA,NA,  NA, NA,NA,NA
2019,scotian_shelf_grid,NA,NA,NA,NA,5091,2.4,NA,NA
2020,scotian_shelf_grid,NA,NA,NA,NA,4536,2.5,NA,NA
2021,scotian_shelf_grid,NA,NA,NA,NA,  NA, NA,NA,NA
2022,scotian_shelf_grid,NA,NA,NA,NA,  NA, NA,NA,NA
1970,4Vn,NA,NA,NA,3.59,NA,NA,NA,NA
1971,4Vn,NA,NA,NA,3.5,NA,NA,NA,NA
1972,4Vn,NA,NA,NA,3.5,NA,NA,NA,NA
1973,4Vn,NA,NA,NA,3.41,NA,NA,NA,NA
1974,4Vn,NA,NA,NA,2.41,NA,NA,NA,NA
1975,4Vn,NA,NA,NA,3.4899999999999998,NA,NA,NA,NA
1976,4Vn,NA,NA,NA,2.17,NA,NA,NA,NA
1977,4Vn,NA,NA,NA,3.58,NA,NA,NA,NA
1978,4Vn,NA,NA,NA,3.8,NA,NA,NA,NA
1979,4Vn,NA,NA,NA,4.72,NA,NA,NA,NA
1980,4Vn,NA,NA,NA,3.05,NA,NA,NA,NA
1981,4Vn,NA,NA,NA,4.64,NA,NA,NA,NA
1982,4Vn,NA,NA,NA,2.87,NA,NA,NA,NA
1983,4Vn,NA,NA,NA,2.61,NA,NA,NA,NA
1984,4Vn,NA,NA,NA,3.9099999999999997,NA,NA,NA,NA
1985,4Vn,NA,NA,NA,3.7399999999999998,NA,NA,NA,NA
1986,4Vn,NA,NA,NA,4.07,NA,NA,NA,NA
1987,4Vn,NA,NA,NA,2.51,NA,NA,NA,NA
1988,4Vn,NA,NA,NA,3.5,NA,NA,NA,NA
1989,4Vn,NA,NA,NA,2,NA,NA,NA,NA
1990,4Vn,NA,NA,NA,2.7,NA,NA,NA,NA
1991,4Vn,NA,NA,NA,2.32,NA,NA,NA,NA
1992,4Vn,NA,NA,NA,NA,NA,NA,NA,NA
1993,4Vn,NA,NA,NA,3.4299999999999997,NA,NA,NA,NA
1994,4Vn,NA,NA,NA,3.4299999999999997,NA,NA,NA,NA
1995,4Vn,NA,NA,NA,3.08,NA,NA,NA,NA
1996,4Vn,NA,NA,NA,2.46,NA,NA,NA,NA
1997,4Vn,NA,NA,NA,4.09,NA,NA,NA,NA
1998,4Vn,NA,NA,NA,2.41,NA,NA,NA,NA
1999,4Vn,NA,NA,NA,4.2299999999999995,NA,NA,NA,NA
2000,4Vn,NA,NA,NA,3.82,NA,NA,NA,NA
2001,4Vn,NA,NA,NA,4.05,NA,NA,NA,NA
2002,4Vn,NA,NA,NA,3.67,NA,NA,NA,NA
2003,4Vn,NA,NA,NA,3.0999999999999996,NA,NA,NA,NA
2004,4Vn,NA,NA,NA,3.12,NA,NA,NA,NA
2005,4Vn,NA,NA,NA,3.8899999999999997,NA,NA,NA,NA
2006,4Vn,NA,NA,NA,4.5,NA,NA,NA,NA
2007,4Vn,NA,NA,NA,3.78,NA,NA,NA,NA
2008,4Vn,NA,NA,NA,3.57,NA,NA,NA,NA
2009,4Vn,NA,NA,NA,3.44,NA,NA,NA,NA
2010,4Vn,NA,NA,NA,3.4299999999999997,NA,NA,NA,NA
2011,4Vn,NA,NA,NA,4.2299999999999995,NA,NA,NA,NA
2012,4Vn,NA,NA,NA,4.59,NA,NA,NA,NA
2013,4Vn,NA,NA,NA,3.81,NA,NA,NA,NA
2014,4Vn,NA,NA,NA,5.09,NA,NA,NA,NA
2015,4Vn,NA,NA,NA,4.88,NA,NA,NA,NA
2016,4Vn,NA,NA,NA,4.93,NA,NA,NA,NA
2017,4Vn,NA,NA,NA,4.88,NA,NA,NA,NA
2018,4Vn,NA,NA,NA,NA,NA,NA,NA,NA
2019,4Vn,NA,NA,NA,5.15,NA,NA,NA,NA
2020,4Vn,NA,NA,NA,5.27,NA,NA,NA,NA
2021,4Vn,NA,NA,NA,NA,NA,NA,NA,NA
2022,4Vn,NA,NA,NA,NA,NA,NA,NA,NA
1970,4Vs,NA,NA,NA,3.22,NA,NA,NA,NA
1971,4Vs,NA,NA,NA,2.97,NA,NA,NA,NA
1972,4Vs,NA,NA,NA,3.1500000000000004,NA,NA,NA,NA
1973,4Vs,NA,NA,NA,2.63,NA,NA,NA,NA
1974,4Vs,NA,NA,NA,2.2700000000000005,NA,NA,NA,NA
1975,4Vs,NA,NA,NA,2.2300000000000004,NA,NA,NA,NA
1976,4Vs,NA,NA,NA,2.89,NA,NA,NA,NA
1977,4Vs,NA,NA,NA,3.7,NA,NA,NA,NA
1978,4Vs,NA,NA,NA,3.31,NA,NA,NA,NA
1979,4Vs,NA,NA,NA,3.3400000000000003,NA,NA,NA,NA
1980,4Vs,NA,NA,NA,3.3000000000000003,NA,NA,NA,NA
1981,4Vs,NA,NA,NA,3.83,NA,NA,NA,NA
1982,4Vs,NA,NA,NA,2.7300000000000004,NA,NA,NA,NA
1983,4Vs,NA,NA,NA,3.2600000000000002,NA,NA,NA,NA
1984,4Vs,NA,NA,NA,4.59,NA,NA,NA,NA
1985,4Vs,NA,NA,NA,1.9800000000000002,NA,NA,NA,NA
1986,4Vs,NA,NA,NA,3.39,NA,NA,NA,NA
1987,4Vs,NA,NA,NA,1.6900000000000002,NA,NA,NA,NA
1988,4Vs,NA,NA,NA,3.2800000000000002,NA,NA,NA,NA
1989,4Vs,NA,NA,NA,1.4200000000000004,NA,NA,NA,NA
1990,4Vs,NA,NA,NA,1.3900000000000001,NA,NA,NA,NA
1991,4Vs,NA,NA,NA,1.7300000000000002,NA,NA,NA,NA
1992,4Vs,NA,NA,NA,NA,NA,NA,NA,NA
1993,4Vs,NA,NA,NA,2.66,NA,NA,NA,NA
1994,4Vs,NA,NA,NA,2.22,NA,NA,NA,NA
1995,4Vs,NA,NA,NA,2.68,NA,NA,NA,NA
1996,4Vs,NA,NA,NA,2.54,NA,NA,NA,NA
1997,4Vs,NA,NA,NA,3.0100000000000002,NA,NA,NA,NA
1998,4Vs,NA,NA,NA,3.21,NA,NA,NA,NA
1999,4Vs,NA,NA,NA,3.5,NA,NA,NA,NA
2000,4Vs,NA,NA,NA,4.05,NA,NA,NA,NA
2001,4Vs,NA,NA,NA,3.0100000000000002,NA,NA,NA,NA
2002,4Vs,NA,NA,NA,3.5100000000000002,NA,NA,NA,NA
2003,4Vs,NA,NA,NA,2,NA,NA,NA,NA
2004,4Vs,NA,NA,NA,2.4000000000000004,NA,NA,NA,NA
2005,4Vs,NA,NA,NA,3.8200000000000003,NA,NA,NA,NA
2006,4Vs,NA,NA,NA,3.67,NA,NA,NA,NA
2007,4Vs,NA,NA,NA,2.5,NA,NA,NA,NA
2008,4Vs,NA,NA,NA,3.1,NA,NA,NA,NA
2009,4Vs,NA,NA,NA,3.47,NA,NA,NA,NA
2010,4Vs,NA,NA,NA,3.45,NA,NA,NA,NA
2011,4Vs,NA,NA,NA,3.8200000000000003,NA,NA,NA,NA
2012,4Vs,NA,NA,NA,4.79,NA,NA,NA,NA
2013,4Vs,NA,NA,NA,3.8200000000000003,NA,NA,NA,NA
2014,4Vs,NA,NA,NA,4.41,NA,NA,NA,NA
2015,4Vs,NA,NA,NA,5.0200000000000005,NA,NA,NA,NA
2016,4Vs,NA,NA,NA,4.76,NA,NA,NA,NA
2017,4Vs,NA,NA,NA,4.6,NA,NA,NA,NA
2018,4Vs,NA,NA,NA,NA,NA,NA,NA,NA
2019,4Vs,NA,NA,NA,3.9800000000000004,NA,NA,NA,NA
2020,4Vs,NA,NA,NA,4.3100000000000005,NA,NA,NA,NA
2021,4Vs,NA,NA,NA,NA,NA,NA,NA,NA
2022,4Vs,NA,NA,NA,NA,NA,NA,NA,NA
1970,4W,NA,NA,NA,5.744,NA,NA,NA,NA
1971,4W,NA,NA,NA,6.3149999999999995,NA,NA,NA,NA
1972,4W,NA,NA,NA,6.903,NA,NA,NA,NA
1973,4W,NA,NA,NA,6.381,NA,NA,NA,NA
1974,4W,NA,NA,NA,7.324,NA,NA,NA,NA
1975,4W,NA,NA,NA,5.75,NA,NA,NA,NA
1976,4W,NA,NA,NA,7.028,NA,NA,NA,NA
1977,4W,NA,NA,NA,7.327,NA,NA,NA,NA
1978,4W,NA,NA,NA,5.918,NA,NA,NA,NA
1979,4W,NA,NA,NA,6.463,NA,NA,NA,NA
1980,4W,NA,NA,NA,7.196,NA,NA,NA,NA
1981,4W,NA,NA,NA,6.986,NA,NA,NA,NA
1982,4W,NA,NA,NA,5.886,NA,NA,NA,NA
1983,4W,NA,NA,NA,5.574999999999999,NA,NA,NA,NA
1984,4W,NA,NA,NA,8.175,NA,NA,NA,NA
1985,4W,NA,NA,NA,7.423,NA,NA,NA,NA
1986,4W,NA,NA,NA,7.253,NA,NA,NA,NA
1987,4W,NA,NA,NA,5.444,NA,NA,NA,NA
1988,4W,NA,NA,NA,5.894,NA,NA,NA,NA
1989,4W,NA,NA,NA,5.366,NA,NA,NA,NA
1990,4W,NA,NA,NA,5.827,NA,NA,NA,NA
1991,4W,NA,NA,NA,5.604,NA,NA,NA,NA
1992,4W,NA,NA,NA,7.808,NA,NA,NA,NA
1993,4W,NA,NA,NA,6.43,NA,NA,NA,NA
1994,4W,NA,NA,NA,6.686,NA,NA,NA,NA
1995,4W,NA,NA,NA,6.9719999999999995,NA,NA,NA,NA
1996,4W,NA,NA,NA,5.902,NA,NA,NA,NA
1997,4W,NA,NA,NA,6.24,NA,NA,NA,NA
1998,4W,NA,NA,NA,4.936999999999999,NA,NA,NA,NA
1999,4W,NA,NA,NA,6.74,NA,NA,NA,NA
2000,4W,NA,NA,NA,7.592,NA,NA,NA,NA
2001,4W,NA,NA,NA,5.702999999999999,NA,NA,NA,NA
2002,4W,NA,NA,NA,6.819,NA,NA,NA,NA
2003,4W,NA,NA,NA,5.8389999999999995,NA,NA,NA,NA
2004,4W,NA,NA,NA,4.734999999999999,NA,NA,NA,NA
2005,4W,NA,NA,NA,6.754,NA,NA,NA,NA
2006,4W,NA,NA,NA,7.367,NA,NA,NA,NA
2007,4W,NA,NA,NA,5.902,NA,NA,NA,NA
2008,4W,NA,NA,NA,5.284,NA,NA,NA,NA
2009,4W,NA,NA,NA,6.901,NA,NA,NA,NA
2010,4W,NA,NA,NA,6.9559999999999995,NA,NA,NA,NA
2011,4W,NA,NA,NA,6.51,NA,NA,NA,NA
2012,4W,NA,NA,NA,8.108,NA,NA,NA,NA
2013,4W,NA,NA,NA,6.901,NA,NA,NA,NA
2014,4W,NA,NA,NA,8.077,NA,NA,NA,NA
2015,4W,NA,NA,NA,8.14,NA,NA,NA,NA
2016,4W,NA,NA,NA,8.356,NA,NA,NA,NA
2017,4W,NA,NA,NA,7.6209999999999996,NA,NA,NA,NA
2018,4W,NA,NA,NA,NA,NA,NA,NA,NA
2019,4W,NA,NA,NA,7.316,NA,NA,NA,NA
2020,4W,NA,NA,NA,7.840999999999999,NA,NA,NA,NA
2021,4W,NA,NA,NA,NA,NA,NA,NA,NA
2022,4W,NA,NA,NA,9.272,NA,NA,NA,NA
1970,4X,NA,NA,NA,6.25,NA,NA,NA,NA
1971,4X,NA,NA,NA,7.09,NA,NA,NA,NA
1972,4X,NA,NA,NA,7.31,NA,NA,NA,NA
1973,4X,NA,NA,NA,8.05,NA,NA,NA,NA
1974,4X,NA,NA,NA,7.67,NA,NA,NA,NA
1975,4X,NA,NA,NA,7.13,NA,NA,NA,NA
1976,4X,NA,NA,NA,8.58,NA,NA,NA,NA
1977,4X,NA,NA,NA,6.4399999999999995,NA,NA,NA,NA
1978,4X,NA,NA,NA,6.74,NA,NA,NA,NA
1979,4X,NA,NA,NA,7.1899999999999995,NA,NA,NA,NA
1980,4X,NA,NA,NA,7.07,NA,NA,NA,NA
1981,4X,NA,NA,NA,6.87,NA,NA,NA,NA
1982,4X,NA,NA,NA,6.88,NA,NA,NA,NA
1983,4X,NA,NA,NA,NA,NA,NA,NA,NA
1984,4X,NA,NA,NA,7.25,NA,NA,NA,NA
1985,4X,NA,NA,NA,9.469999999999999,NA,NA,NA,NA
1986,4X,NA,NA,NA,7.75,NA,NA,NA,NA
1987,4X,NA,NA,NA,6.359999999999999,NA,NA,NA,NA
1988,4X,NA,NA,NA,5.92,NA,NA,NA,NA
1989,4X,NA,NA,NA,7.38,NA,NA,NA,NA
1990,4X,NA,NA,NA,7.33,NA,NA,NA,NA
1991,4X,NA,NA,NA,6.92,NA,NA,NA,NA
1992,4X,NA,NA,NA,6.67,NA,NA,NA,NA
1993,4X,NA,NA,NA,7.14,NA,NA,NA,NA
1994,4X,NA,NA,NA,8.16,NA,NA,NA,NA
1995,4X,NA,NA,NA,7.42,NA,NA,NA,NA
1996,4X,NA,NA,NA,8.129999999999999,NA,NA,NA,NA
1997,4X,NA,NA,NA,7.62,NA,NA,NA,NA
1998,4X,NA,NA,NA,5.449999999999999,NA,NA,NA,NA
1999,4X,NA,NA,NA,8.14,NA,NA,NA,NA
2000,4X,NA,NA,NA,8.37,NA,NA,NA,NA
2001,4X,NA,NA,NA,6.95,NA,NA,NA,NA
2002,4X,NA,NA,NA,8.379999999999999,NA,NA,NA,NA
2003,4X,NA,NA,NA,7.67,NA,NA,NA,NA
2004,4X,NA,NA,NA,6.45,NA,NA,NA,NA
2005,4X,NA,NA,NA,7.54,NA,NA,NA,NA
2006,4X,NA,NA,NA,8.32,NA,NA,NA,NA
2007,4X,NA,NA,NA,6.4399999999999995,NA,NA,NA,NA
2008,4X,NA,NA,NA,6.97,NA,NA,NA,NA
2009,4X,NA,NA,NA,7.41,NA,NA,NA,NA
2010,4X,NA,NA,NA,7.859999999999999,NA,NA,NA,NA
2011,4X,NA,NA,NA,8,NA,NA,NA,NA
2012,4X,NA,NA,NA,9.53,NA,NA,NA,NA
2013,4X,NA,NA,NA,8.49,NA,NA,NA,NA
2014,4X,NA,NA,NA,9.1,NA,NA,NA,NA
2015,4X,NA,NA,NA,8.22,NA,NA,NA,NA
2016,4X,NA,NA,NA,9.17,NA,NA,NA,NA
2017,4X,NA,NA,NA,9.04,NA,NA,NA,NA
2018,4X,NA,NA,NA,8.72,NA,NA,NA,NA
2019,4X,NA,NA,NA,8.629999999999999,NA,NA,NA,NA
2020,4X,NA,NA,NA,8.29,NA,NA,NA,NA
2021,4X,NA,NA,NA,NA,NA,NA,NA,NA
2022,4X,NA,NA,NA,9.53,NA,NA,NA,NA
1951,NA,NA,NA,NA,NA,NA,NA,0.02999999999999997,NA
1952,NA,NA,NA,NA,NA,NA,NA,0.32999999999999996,NA
1953,NA,NA,NA,NA,NA,NA,NA,0.18999999999999997,NA
1954,NA,NA,NA,NA,NA,NA,NA,0.3,NA
1955,NA,NA,NA,NA,NA,NA,NA,-0.35,NA
1956,NA,NA,NA,NA,NA,NA,NA,0.03999999999999998,NA
1957,NA,NA,NA,NA,NA,NA,NA,0.35,NA
1958,NA,NA,NA,NA,NA,NA,NA,-0.51,NA
1959,NA,NA,NA,NA,NA,NA,NA,0.08999999999999997,NA
1960,NA,NA,NA,NA,NA,NA,NA,-0.4600000000000001,NA
1961,NA,NA,NA,NA,NA,NA,NA,0.72,NA
1962,NA,NA,NA,NA,NA,NA,NA,-0.35,NA
1963,NA,NA,NA,NA,NA,NA,NA,-0.86,NA
1964,NA,NA,NA,NA,NA,NA,NA,-1.0299999999999998,NA
1965,NA,NA,NA,NA,NA,NA,NA,-0.48,NA
1966,NA,NA,NA,NA,NA,NA,NA,0.04999999999999999,NA
1967,NA,NA,NA,NA,NA,NA,NA,0.73,NA
1968,NA,NA,NA,NA,NA,NA,NA,0.04999999999999999,NA
1969,NA,NA,NA,NA,NA,NA,NA,-0.9800000000000001,NA
1970,NA,NA,NA,NA,NA,NA,NA,-0.17000000000000004,NA
1971,NA,NA,NA,NA,NA,NA,NA,-0.38,NA
1972,NA,NA,NA,NA,NA,NA,NA,0.83,NA
1973,NA,NA,NA,NA,NA,NA,NA,0.69,NA
1974,NA,NA,NA,NA,NA,NA,NA,0.72,NA
1975,NA,NA,NA,NA,NA,NA,NA,0.5599999999999999,NA
1976,NA,NA,NA,NA,NA,NA,NA,0.71,NA
1977,NA,NA,NA,NA,NA,NA,NA,-0.64,NA
1978,NA,NA,NA,NA,NA,NA,NA,-0.11000000000000004,NA
1979,NA,NA,NA,NA,NA,NA,NA,-0.36,NA
1980,NA,NA,NA,NA,NA,NA,NA,0.35,NA
1981,NA,NA,NA,NA,NA,NA,NA,0.57,NA
1982,NA,NA,NA,NA,NA,NA,NA,0.7,NA
1983,NA,NA,NA,NA,NA,NA,NA,1.2999999999999998,NA
1984,NA,NA,NA,NA,NA,NA,NA,0.9299999999999999,NA
1985,NA,NA,NA,NA,NA,NA,NA,-0.13,NA
1986,NA,NA,NA,NA,NA,NA,NA,0.86,NA
1987,NA,NA,NA,NA,NA,NA,NA,0.15999999999999998,NA
1988,NA,NA,NA,NA,NA,NA,NA,0.83,NA
1989,NA,NA,NA,NA,NA,NA,NA,1.7599999999999998,NA
1990,NA,NA,NA,NA,NA,NA,NA,1.04,NA
1991,NA,NA,NA,NA,NA,NA,NA,0.83,NA
1992,NA,NA,NA,NA,NA,NA,NA,0.9199999999999999,NA
1993,NA,NA,NA,NA,NA,NA,NA,1.1600000000000001,NA
1994,NA,NA,NA,NA,NA,NA,NA,1.4300000000000002,NA
1995,NA,NA,NA,NA,NA,NA,NA,1.6800000000000002,NA
1996,NA,NA,NA,NA,NA,NA,NA,-0.17000000000000004,NA
1997,NA,NA,NA,NA,NA,NA,NA,0.6699999999999999,NA
1998,NA,NA,NA,NA,NA,NA,NA,0.39999999999999997,NA
1999,NA,NA,NA,NA,NA,NA,NA,0.89,NA
2000,NA,NA,NA,NA,NA,NA,NA,1.52,NA
2001,NA,NA,NA,NA,NA,NA,NA,0.06999999999999995,NA
2002,NA,NA,NA,NA,NA,NA,NA,0.7,NA
2003,NA,NA,NA,NA,NA,NA,NA,0.38999999999999996,NA
2004,NA,NA,NA,NA,NA,NA,NA,0.6599999999999999,NA
2005,NA,NA,NA,NA,NA,NA,NA,0.5599999999999999,NA
2006,NA,NA,NA,NA,NA,NA,NA,0.10999999999999999,NA
2007,NA,NA,NA,NA,NA,NA,NA,0.98,NA
2008,NA,NA,NA,NA,NA,NA,NA,0.86,NA
2009,NA,NA,NA,NA,NA,NA,NA,0.43,NA
2010,NA,NA,NA,NA,NA,NA,NA,-1.13,NA
2011,NA,NA,NA,NA,NA,NA,NA,-0.010000000000000009,NA
2012,NA,NA,NA,NA,NA,NA,NA,1.69,NA
2013,NA,NA,NA,NA,NA,NA,NA,-0.030000000000000027,NA
2014,NA,NA,NA,NA,NA,NA,NA,1.19,NA
2015,NA,NA,NA,NA,NA,NA,NA,1.9500000000000002,NA
2016,NA,NA,NA,NA,NA,NA,NA,1.52,NA
2017,NA,NA,NA,NA,NA,NA,NA,1.03,NA
2018,NA,NA,NA,NA,NA,NA,NA,1.0899999999999999,NA
2019,NA,NA,NA,NA,NA,NA,NA,1.03,NA
2020,NA,NA,NA,NA,NA,NA,NA,1.5499999999999998,NA
1981,4Vn,NA,NA,NA,NA,NA,NA,NA,5.867
1982,4Vn,NA,NA,NA,NA,NA,NA,NA,6.128
1983,4Vn,NA,NA,NA,NA,NA,NA,NA,6.902
1984,4Vn,NA,NA,NA,NA,NA,NA,NA,6.37
1985,4Vn,NA,NA,NA,NA,NA,NA,NA,5.742
1986,4Vn,NA,NA,NA,NA,NA,NA,NA,5.8870000000000005
1987,4Vn,NA,NA,NA,NA,NA,NA,NA,6.381
1988,4Vn,NA,NA,NA,NA,NA,NA,NA,5.956
1989,4Vn,NA,NA,NA,NA,NA,NA,NA,5.691
1990,4Vn,NA,NA,NA,NA,NA,NA,NA,5.639
1991,4Vn,NA,NA,NA,NA,NA,NA,NA,5.678
1992,4Vn,NA,NA,NA,NA,NA,NA,NA,5.447
1993,4Vn,NA,NA,NA,NA,NA,NA,NA,6.15
1994,4Vn,NA,NA,NA,NA,NA,NA,NA,6.851
1995,4Vn,NA,NA,NA,NA,NA,NA,NA,6.479
1996,4Vn,NA,NA,NA,NA,NA,NA,NA,6.51
1997,4Vn,NA,NA,NA,NA,NA,NA,NA,5.904
1998,4Vn,NA,NA,NA,NA,NA,NA,NA,6.7330000000000005
1999,4Vn,NA,NA,NA,NA,NA,NA,NA,7.172
2000,4Vn,NA,NA,NA,NA,NA,NA,NA,6.6850000000000005
2001,4Vn,NA,NA,NA,NA,NA,NA,NA,6.912
2002,4Vn,NA,NA,NA,NA,NA,NA,NA,5.898
2003,4Vn,NA,NA,NA,NA,NA,NA,NA,6.551
2004,4Vn,NA,NA,NA,NA,NA,NA,NA,6.216
2005,4Vn,NA,NA,NA,NA,NA,NA,NA,6.673
2006,4Vn,NA,NA,NA,NA,NA,NA,NA,7.0920000000000005
2007,4Vn,NA,NA,NA,NA,NA,NA,NA,6.249
2008,4Vn,NA,NA,NA,NA,NA,NA,NA,6.493
2009,4Vn,NA,NA,NA,NA,NA,NA,NA,6.327
2010,4Vn,NA,NA,NA,NA,NA,NA,NA,6.788
2011,4Vn,NA,NA,NA,NA,NA,NA,NA,6.479
2012,4Vn,NA,NA,NA,NA,NA,NA,NA,7.55
2013,4Vn,NA,NA,NA,NA,NA,NA,NA,6.925
2014,4Vn,NA,NA,NA,NA,NA,NA,NA,6.384
2015,4Vn,NA,NA,NA,NA,NA,NA,NA,6.345
2016,4Vn,NA,NA,NA,NA,NA,NA,NA,6.767
2017,4Vn,NA,NA,NA,NA,NA,NA,NA,6.909
2018,4Vn,NA,NA,NA,NA,NA,NA,NA,5.969
2019,4Vn,NA,NA,NA,NA,NA,NA,NA,5.728
2020,4Vn,NA,NA,NA,NA,NA,NA,NA,6.388
1981,4Vs,NA,NA,NA,NA,NA,NA,NA,7.17
1982,4Vs,NA,NA,NA,NA,NA,NA,NA,6.62
1983,4Vs,NA,NA,NA,NA,NA,NA,NA,7.88
1984,4Vs,NA,NA,NA,NA,NA,NA,NA,7.97
1985,4Vs,NA,NA,NA,NA,NA,NA,NA,6.24
1986,4Vs,NA,NA,NA,NA,NA,NA,NA,6.52
1987,4Vs,NA,NA,NA,NA,NA,NA,NA,7.26
1988,4Vs,NA,NA,NA,NA,NA,NA,NA,6.97
1989,4Vs,NA,NA,NA,NA,NA,NA,NA,6.97
1990,4Vs,NA,NA,NA,NA,NA,NA,NA,6.37
1991,4Vs,NA,NA,NA,NA,NA,NA,NA,6.62
1992,4Vs,NA,NA,NA,NA,NA,NA,NA,6.7
1993,4Vs,NA,NA,NA,NA,NA,NA,NA,7.41
1994,4Vs,NA,NA,NA,NA,NA,NA,NA,7.86
1995,4Vs,NA,NA,NA,NA,NA,NA,NA,7.44
1996,4Vs,NA,NA,NA,NA,NA,NA,NA,7.23
1997,4Vs,NA,NA,NA,NA,NA,NA,NA,6.85
1998,4Vs,NA,NA,NA,NA,NA,NA,NA,7.890000000000001
1999,4Vs,NA,NA,NA,NA,NA,NA,NA,8.43
2000,4Vs,NA,NA,NA,NA,NA,NA,NA,8.11
2001,4Vs,NA,NA,NA,NA,NA,NA,NA,7.67
2002,4Vs,NA,NA,NA,NA,NA,NA,NA,7.07
2003,4Vs,NA,NA,NA,NA,NA,NA,NA,7.47
2004,4Vs,NA,NA,NA,NA,NA,NA,NA,7.16
2005,4Vs,NA,NA,NA,NA,NA,NA,NA,8.04
2006,4Vs,NA,NA,NA,NA,NA,NA,NA,8.03
2007,4Vs,NA,NA,NA,NA,NA,NA,NA,7.21
2008,4Vs,NA,NA,NA,NA,NA,NA,NA,7.21
2009,4Vs,NA,NA,NA,NA,NA,NA,NA,7.41
2010,4Vs,NA,NA,NA,NA,NA,NA,NA,7.82
2011,4Vs,NA,NA,NA,NA,NA,NA,NA,7.46
2012,4Vs,NA,NA,NA,NA,NA,NA,NA,8.73
2013,4Vs,NA,NA,NA,NA,NA,NA,NA,8.24
2014,4Vs,NA,NA,NA,NA,NA,NA,NA,7.97
2015,4Vs,NA,NA,NA,NA,NA,NA,NA,7.86
2016,4Vs,NA,NA,NA,NA,NA,NA,NA,8.29
2017,4Vs,NA,NA,NA,NA,NA,NA,NA,7.83
2018,4Vs,NA,NA,NA,NA,NA,NA,NA,7.3100000000000005
2019,4Vs,NA,NA,NA,NA,NA,NA,NA,6.7
2020,4Vs,NA,NA,NA,NA,NA,NA,NA,7.95
1981,4W,NA,NA,NA,NA,NA,NA,NA,8.07
1982,4W,NA,NA,NA,NA,NA,NA,NA,7.63
1983,4W,NA,NA,NA,NA,NA,NA,NA,8.78
1984,4W,NA,NA,NA,NA,NA,NA,NA,8.75
1985,4W,NA,NA,NA,NA,NA,NA,NA,7.45
1986,4W,NA,NA,NA,NA,NA,NA,NA,7.46
1987,4W,NA,NA,NA,NA,NA,NA,NA,8.12
1988,4W,NA,NA,NA,NA,NA,NA,NA,7.72
1989,4W,NA,NA,NA,NA,NA,NA,NA,7.8
1990,4W,NA,NA,NA,NA,NA,NA,NA,7.45
1991,4W,NA,NA,NA,NA,NA,NA,NA,7.82
1992,4W,NA,NA,NA,NA,NA,NA,NA,7.72
1993,4W,NA,NA,NA,NA,NA,NA,NA,8.53
1994,4W,NA,NA,NA,NA,NA,NA,NA,9.14
1995,4W,NA,NA,NA,NA,NA,NA,NA,8.56
1996,4W,NA,NA,NA,NA,NA,NA,NA,8.22
1997,4W,NA,NA,NA,NA,NA,NA,NA,7.92
1998,4W,NA,NA,NA,NA,NA,NA,NA,8.55
1999,4W,NA,NA,NA,NA,NA,NA,NA,9.56
2000,4W,NA,NA,NA,NA,NA,NA,NA,9.18
2001,4W,NA,NA,NA,NA,NA,NA,NA,8.64
2002,4W,NA,NA,NA,NA,NA,NA,NA,8.38
2003,4W,NA,NA,NA,NA,NA,NA,NA,8.48
2004,4W,NA,NA,NA,NA,NA,NA,NA,8.09
2005,4W,NA,NA,NA,NA,NA,NA,NA,8.870000000000001
2006,4W,NA,NA,NA,NA,NA,NA,NA,9.120000000000001
2007,4W,NA,NA,NA,NA,NA,NA,NA,8.09
2008,4W,NA,NA,NA,NA,NA,NA,NA,8.22
2009,4W,NA,NA,NA,NA,NA,NA,NA,8.41
2010,4W,NA,NA,NA,NA,NA,NA,NA,8.95
2011,4W,NA,NA,NA,NA,NA,NA,NA,8.6
2012,4W,NA,NA,NA,NA,NA,NA,NA,9.86
2013,4W,NA,NA,NA,NA,NA,NA,NA,9.31
2014,4W,NA,NA,NA,NA,NA,NA,NA,9.120000000000001
2015,4W,NA,NA,NA,NA,NA,NA,NA,8.98
2016,4W,NA,NA,NA,NA,NA,NA,NA,9.370000000000001
2017,4W,NA,NA,NA,NA,NA,NA,NA,8.97
2018,4W,NA,NA,NA,NA,NA,NA,NA,8.97
2019,4W,NA,NA,NA,NA,NA,NA,NA,7.84
2020,4W,NA,NA,NA,NA,NA,NA,NA,8.8
1981,4XeGoM+BoF,NA,NA,NA,NA,NA,NA,NA,7.53
1982,4XeGoM+BoF,NA,NA,NA,NA,NA,NA,NA,7.34
1983,4XeGoM+BoF,NA,NA,NA,NA,NA,NA,NA,7.86
1984,4XeGoM+BoF,NA,NA,NA,NA,NA,NA,NA,8.09
1985,4XeGoM+BoF,NA,NA,NA,NA,NA,NA,NA,7.62
1986,4XeGoM+BoF,NA,NA,NA,NA,NA,NA,NA,7.76
1987,4XeGoM+BoF,NA,NA,NA,NA,NA,NA,NA,7.09
1988,4XeGoM+BoF,NA,NA,NA,NA,NA,NA,NA,7.19
1989,4XeGoM+BoF,NA,NA,NA,NA,NA,NA,NA,7.08
1990,4XeGoM+BoF,NA,NA,NA,NA,NA,NA,NA,7.33
1991,4XeGoM+BoF,NA,NA,NA,NA,NA,NA,NA,7.26
1992,4XeGoM+BoF,NA,NA,NA,NA,NA,NA,NA,6.53
1993,4XeGoM+BoF,NA,NA,NA,NA,NA,NA,NA,7.62
1994,4XeGoM+BoF,NA,NA,NA,NA,NA,NA,NA,8.92
1995,4XeGoM+BoF,NA,NA,NA,NA,NA,NA,NA,8.1
1996,4XeGoM+BoF,NA,NA,NA,NA,NA,NA,NA,7.63
1997,4XeGoM+BoF,NA,NA,NA,NA,NA,NA,NA,7.95
1998,4XeGoM+BoF,NA,NA,NA,NA,NA,NA,NA,7.66
1999,4XeGoM+BoF,NA,NA,NA,NA,NA,NA,NA,8.8
2000,4XeGoM+BoF,NA,NA,NA,NA,NA,NA,NA,8.69
2001,4XeGoM+BoF,NA,NA,NA,NA,NA,NA,NA,7.84
2002,4XeGoM+BoF,NA,NA,NA,NA,NA,NA,NA,8.5
2003,4XeGoM+BoF,NA,NA,NA,NA,NA,NA,NA,7.63
2004,4XeGoM+BoF,NA,NA,NA,NA,NA,NA,NA,7.22
2005,4XeGoM+BoF,NA,NA,NA,NA,NA,NA,NA,7.6
2006,4XeGoM+BoF,NA,NA,NA,NA,NA,NA,NA,8.54
2007,4XeGoM+BoF,NA,NA,NA,NA,NA,NA,NA,7.62
2008,4XeGoM+BoF,NA,NA,NA,NA,NA,NA,NA,7.94
2009,4XeGoM+BoF,NA,NA,NA,NA,NA,NA,NA,8.15
2010,4XeGoM+BoF,NA,NA,NA,NA,NA,NA,NA,8.42
2011,4XeGoM+BoF,NA,NA,NA,NA,NA,NA,NA,8.38
2012,4XeGoM+BoF,NA,NA,NA,NA,NA,NA,NA,9.56
2013,4XeGoM+BoF,NA,NA,NA,NA,NA,NA,NA,8.75
2014,4XeGoM+BoF,NA,NA,NA,NA,NA,NA,NA,8.64
2015,4XeGoM+BoF,NA,NA,NA,NA,NA,NA,NA,8.41
2016,4XeGoM+BoF,NA,NA,NA,NA,NA,NA,NA,9.23
2017,4XeGoM+BoF,NA,NA,NA,NA,NA,NA,NA,8.55
2018,4XeGoM+BoF,NA,NA,NA,NA,NA,NA,NA,8.91
2019,4XeGoM+BoF,NA,NA,NA,NA,NA,NA,NA,7.92
2020,4XeGoM+BoF,NA,NA,NA,NA,NA,NA,NA,8.51
1981,4XSS,NA,NA,NA,NA,NA,NA,NA,8.4
1982,4XSS,NA,NA,NA,NA,NA,NA,NA,7.539999999999999
1983,4XSS,NA,NA,NA,NA,NA,NA,NA,8.99
1984,4XSS,NA,NA,NA,NA,NA,NA,NA,8.23
1985,4XSS,NA,NA,NA,NA,NA,NA,NA,7.3
1986,4XSS,NA,NA,NA,NA,NA,NA,NA,7.56
1987,4XSS,NA,NA,NA,NA,NA,NA,NA,7.6
1988,4XSS,NA,NA,NA,NA,NA,NA,NA,7.06
1989,4XSS,NA,NA,NA,NA,NA,NA,NA,7.4399999999999995
1990,4XSS,NA,NA,NA,NA,NA,NA,NA,7.6
1991,4XSS,NA,NA,NA,NA,NA,NA,NA,7.449999999999999
1992,4XSS,NA,NA,NA,NA,NA,NA,NA,7.119999999999999
1993,4XSS,NA,NA,NA,NA,NA,NA,NA,8.129999999999999
1994,4XSS,NA,NA,NA,NA,NA,NA,NA,8.57
1995,4XSS,NA,NA,NA,NA,NA,NA,NA,8.49
1996,4XSS,NA,NA,NA,NA,NA,NA,NA,7.869999999999999
1997,4XSS,NA,NA,NA,NA,NA,NA,NA,7.77
1998,4XSS,NA,NA,NA,NA,NA,NA,NA,8.03
1999,4XSS,NA,NA,NA,NA,NA,NA,NA,8.84
2000,4XSS,NA,NA,NA,NA,NA,NA,NA,8.809999999999999
2001,4XSS,NA,NA,NA,NA,NA,NA,NA,8.19
2002,4XSS,NA,NA,NA,NA,NA,NA,NA,8.43
2003,4XSS,NA,NA,NA,NA,NA,NA,NA,7.779999999999999
2004,4XSS,NA,NA,NA,NA,NA,NA,NA,7.909999999999999
2005,4XSS,NA,NA,NA,NA,NA,NA,NA,8.25
2006,4XSS,NA,NA,NA,NA,NA,NA,NA,8.68
2007,4XSS,NA,NA,NA,NA,NA,NA,NA,7.67
2008,4XSS,NA,NA,NA,NA,NA,NA,NA,8.16
2009,4XSS,NA,NA,NA,NA,NA,NA,NA,8.23
2010,4XSS,NA,NA,NA,NA,NA,NA,NA,8.66
2011,4XSS,NA,NA,NA,NA,NA,NA,NA,8.53
2012,4XSS,NA,NA,NA,NA,NA,NA,NA,9.77
2013,4XSS,NA,NA,NA,NA,NA,NA,NA,8.61
2014,4XSS,NA,NA,NA,NA,NA,NA,NA,8.49
2015,4XSS,NA,NA,NA,NA,NA,NA,NA,8.709999999999999
2016,4XSS,NA,NA,NA,NA,NA,NA,NA,9.16
2017,4XSS,NA,NA,NA,NA,NA,NA,NA,8.86
2018,4XSS,NA,NA,NA,NA,NA,NA,NA,8.76
2019,4XSS,NA,NA,NA,NA,NA,NA,NA,7.779999999999999
2020,4XSS,NA,NA,NA,NA,NA,NA,NA,8.26
