station,year,integrated_chlorophyll_0_100,integrated_nitrate_0_50,integrated_nitrate_50_150,integrated_phosphate_0_50,integrated_phosphate_50_150,integrated_silicate_0_50,integrated_silicate_50_150,temperature_in_air,sea_surface_temperature_from_moorings
HL2,1999,68.0358454154307,84.9926392328273,914.010572568005,25.451916069979,95.3141703776041,133.32310543583,1027.935302401,NA,NA
HL2,2000,52.1824726986102,153.673783454632,1052.23513329928,30.7645912281045,106.723099652567,188.399294922001,1027.66525465074,NA,NA
HL2,2001,68.3040374106269,149.709842663959,852.208183993538,37.9559900800039,115.867940624723,165.892718484153,847.409961010792,NA,NA
HL2,2002,47.39107991266,103.19296414691,987.008223994648,31.4940617245293,112.733526636926,112.254748358715,906.011133694936,NA,NA
HL2,2003,96.4784422089765,150.750616846721,1043.75846586779,29.2617177615721,105.778067967364,178.090083459672,972.478221436209,NA,NA
HL2,2004,66.8230351987743,126.2664520614,857.735558684255,27.5621963934064,99.6466749561855,159.148575583219,831.497509631702,NA,NA
HL2,2005,52.5822011051371,122.874064085518,724.109542555085,28.8756114545793,95.2293097155251,153.043357192465,753.309226881897,NA,NA
HL2,2006,36.6926934787139,130.31969843666,984.917414963756,27.8637573656104,102.188281951001,167.957645850661,967.74200286777,NA,NA
HL2,2007,99.644356814224,133.49843455905,841.845792707102,29.4194861264886,99.8222626304234,176.732510049341,898.85518375665,NA,NA
HL2,2008,33.7920074929991,161.652186496808,964.100838972733,31.9358248693932,105.775557590726,193.550027451951,940.089287770489,NA,NA
HL2,2009,74.8208850062,124.005255358422,950.361127988813,25.9379532744005,97.3461515129431,159.271455464361,920.51220250135,NA,NA
HL2,2010,35.1415926143237,107.267900274148,863.907670316141,29.2405897925133,107.170632287278,154.254975020569,873.023629401051,NA,NA
HL2,2011,35.5243083544716,115.05795963973,854.316388666826,29.1986403676488,109.868814736577,156.209460112223,875.509720730174,NA,NA
HL2,2012,60.7461191455689,67.5599501364068,1078.07955422247,21.664298440675,105.071826783969,101.826626659791,1029.34089662055,NA,NA
HL2,2013,23.9452679992757,147.699446559306,900.078440491202,33.7394467621045,144.181257915513,163.51350699875,842.137097039724,NA,NA
HL2,2014,78.75219210416,112.100629870528,920.843279780301,24.7512084500633,94.7576466558415,130.632093444421,846.803275161809,NA,NA
HL2,2015,88.6253866951207,125.624035967763,962.78655547107,25.4163192270004,98.8780454234246,150.403928553305,912.322127156331,NA,NA
HL2,2016,33.3570875535562,94.4444788042867,903.726187249306,25.8960347186634,94.5689577798009,116.77341225138,917.729112230154,NA,NA
HL2,2017,53.2508144057257,115.283202398067,801.436959679556,25.0790227792635,89.0852741187799,143.352906367078,787.092359879118,NA,NA
HL2,2018,65.1349908498047,104.712593672717,753.468079558325,21.597590604269,78.221198436002,126.384998273875,727.263400413638,NA,NA
HL2,2019,56.722879727449,108.06754750556,884.948094382797,24.5417586924328,90.3129885741652,138.740983648014,842.482961216029,NA,NA
P5,1999,115.880358574405,308.495429969518,322.653727004971,37.4103745607001,35.657038090896,294.267710207785,291.24262633008,NA,NA
P5,2000,156.678652149102,339.392256507523,341.757753574168,40.7442240296629,39.5021850710813,283.230040735322,270.381316909461,NA,NA
P5,2001,84.7470984953831,327.806948189815,327.782529055838,43.4723651676969,40.5942375956081,317.354239848784,306.420193411399,NA,NA
P5,2002,97.054481620664,385.436537256035,384.975976278558,42.4829703961139,40.0743403005305,332.555921685168,330.470808104166,NA,NA
P5,2003,110.006845506767,382.995860640465,385.034180623933,NA,NA,349.402442241169,328.798700544859,NA,NA
P5,2004,110.48375,354.894708333334,345.166166666667,41.0691666666666,38.9694166666667,338.756583333333,314.910541666667,NA,NA
P5,2005,79.437915741521,345.598203641913,343.584472862604,39.9707785468516,37.7034059797804,328.131769102843,325.631117491151,NA,NA
P5,2006,90.0484583333337,399.729125000001,386.58725,41.6835833333333,39.1383333333334,367.816208333334,335.581708333333,NA,NA
P5,2007,110.50125,345.400916666667,344.926875,45.9204166666666,43.7268750000001,344.912791666666,330.855,NA,NA
P5,2008,107.206041666667,368.018208333333,365.603416666666,40.8830833333333,39.0194583333333,379.830916666666,344.806041666666,NA,NA
P5,2009,68.3152864583335,398.71191674428,400.643544867542,42.0495434949301,41.2496650120777,384.720474959112,369.738133918505,NA,NA
P5,2010,112.308129897302,313.7335,320.86234375,44.29275,42.5603723958333,359.545458333333,337.950596354167,NA,NA
P5,2011,77.7006666666667,366.166,340.251208333333,44.4354166666666,41.195125,370.220499999999,335.399791666667,NA,NA
P5,2012,114.265104166667,368.983291666668,375.457125,41.7273541666667,39.0193541666667,340.532520833334,323.551958333333,NA,NA
P5,2013,NA,339.529375000001,337.918283514493,37.4695416666666,34.6062038043478,282.6575,271.37240942029,NA,NA
P5,2014,106.736813098958,347.939583333334,350.0151953125,38.1950416666666,36.6503658854167,284.956666666667,266.51734375,NA,NA
P5,2015,140.795397785702,294.752746136294,317.892355896355,35.9562029917218,35.6077308375674,285.030273710935,284.693824574313,NA,NA
P5,2016,100.346011288594,303.443248707179,311.978292667385,39.3767636143231,39.0690822271827,265.534559038159,261.332385848603,NA,NA
P5,2017,111.520146781615,290.138693846649,275.931056922085,36.3944510843117,34.1057962872629,315.322483277396,278.500138384782,NA,NA
P5,2018,65.6581351907499,293.133829058303,315.604931084151,32.9549813554478,32.6574523979041,274.438818358883,286.039263325905,NA,NA
P5,2019,78.7672608661869,303.647787221718,312.733132272048,34.7059505549265,33.3491524424178,295.169473860684,273.147696875714,NA,NA
Boston,1872,NA,NA,NA,NA,NA,NA,NA,8.12,NA
Boston,1873,NA,NA,NA,NA,NA,NA,NA,7.83,NA
Boston,1874,NA,NA,NA,NA,NA,NA,NA,8.04,NA
Boston,1875,NA,NA,NA,NA,NA,NA,NA,6.95,NA
Boston,1876,NA,NA,NA,NA,NA,NA,NA,7.64,NA
Boston,1877,NA,NA,NA,NA,NA,NA,NA,8.84,NA
Boston,1878,NA,NA,NA,NA,NA,NA,NA,8.92,NA
Boston,1879,NA,NA,NA,NA,NA,NA,NA,7.93,NA
Boston,1880,NA,NA,NA,NA,NA,NA,NA,8.96,NA
Boston,1881,NA,NA,NA,NA,NA,NA,NA,8.58,NA
Boston,1882,NA,NA,NA,NA,NA,NA,NA,8.16,NA
Boston,1883,NA,NA,NA,NA,NA,NA,NA,7.65,NA
Boston,1884,NA,NA,NA,NA,NA,NA,NA,8.27,NA
Boston,1885,NA,NA,NA,NA,NA,NA,NA,7.55,NA
Boston,1886,NA,NA,NA,NA,NA,NA,NA,7.9,NA
Boston,1887,NA,NA,NA,NA,NA,NA,NA,7.99,NA
Boston,1888,NA,NA,NA,NA,NA,NA,NA,7.32,NA
Boston,1889,NA,NA,NA,NA,NA,NA,NA,9.19,NA
Boston,1890,NA,NA,NA,NA,NA,NA,NA,8.34,NA
Boston,1891,NA,NA,NA,NA,NA,NA,NA,9.03,NA
Boston,1892,NA,NA,NA,NA,NA,NA,NA,8.48,NA
Boston,1893,NA,NA,NA,NA,NA,NA,NA,7.22,NA
Boston,1894,NA,NA,NA,NA,NA,NA,NA,8.62,NA
Boston,1895,NA,NA,NA,NA,NA,NA,NA,8.33,NA
Boston,1896,NA,NA,NA,NA,NA,NA,NA,7.98,NA
Boston,1897,NA,NA,NA,NA,NA,NA,NA,8.39,NA
Boston,1898,NA,NA,NA,NA,NA,NA,NA,8.82,NA
Boston,1899,NA,NA,NA,NA,NA,NA,NA,8.49,NA
Boston,1900,NA,NA,NA,NA,NA,NA,NA,8.89,NA
Boston,1901,NA,NA,NA,NA,NA,NA,NA,7.85,NA
Boston,1902,NA,NA,NA,NA,NA,NA,NA,8.23,NA
Boston,1903,NA,NA,NA,NA,NA,NA,NA,8.11,NA
Boston,1904,NA,NA,NA,NA,NA,NA,NA,6.69,NA
Boston,1905,NA,NA,NA,NA,NA,NA,NA,7.81,NA
Boston,1906,NA,NA,NA,NA,NA,NA,NA,8.31,NA
Boston,1907,NA,NA,NA,NA,NA,NA,NA,7.39,NA
Boston,1908,NA,NA,NA,NA,NA,NA,NA,8.71,NA
Boston,1909,NA,NA,NA,NA,NA,NA,NA,8.35,NA
Boston,1910,NA,NA,NA,NA,NA,NA,NA,8.48,NA
Boston,1911,NA,NA,NA,NA,NA,NA,NA,8.56,NA
Boston,1912,NA,NA,NA,NA,NA,NA,NA,8.37,NA
Boston,1913,NA,NA,NA,NA,NA,NA,NA,9.33,NA
Boston,1914,NA,NA,NA,NA,NA,NA,NA,7.89,NA
Boston,1915,NA,NA,NA,NA,NA,NA,NA,8.73,NA
Boston,1916,NA,NA,NA,NA,NA,NA,NA,7.88,NA
Boston,1917,NA,NA,NA,NA,NA,NA,NA,6.92,NA
Boston,1918,NA,NA,NA,NA,NA,NA,NA,7.98,NA
Boston,1919,NA,NA,NA,NA,NA,NA,NA,8.67,NA
Boston,1920,NA,NA,NA,NA,NA,NA,NA,8.07,NA
Boston,1921,NA,NA,NA,NA,NA,NA,NA,9.37,NA
Boston,1922,NA,NA,NA,NA,NA,NA,NA,8.76,NA
Boston,1923,NA,NA,NA,NA,NA,NA,NA,8.23,NA
Boston,1924,NA,NA,NA,NA,NA,NA,NA,8.29,NA
Boston,1925,NA,NA,NA,NA,NA,NA,NA,9.01,NA
Boston,1926,NA,NA,NA,NA,NA,NA,NA,7.5,NA
Boston,1927,NA,NA,NA,NA,NA,NA,NA,9.05,NA
Boston,1928,NA,NA,NA,NA,NA,NA,NA,8.8,NA
Boston,1929,NA,NA,NA,NA,NA,NA,NA,8.78,NA
Boston,1930,NA,NA,NA,NA,NA,NA,NA,9.34,NA
Boston,1931,NA,NA,NA,NA,NA,NA,NA,9.7,NA
Boston,1932,NA,NA,NA,NA,NA,NA,NA,9.41,NA
Boston,1933,NA,NA,NA,NA,NA,NA,NA,9.18,NA
Boston,1934,NA,NA,NA,NA,NA,NA,NA,8.03,NA
Boston,1935,NA,NA,NA,NA,NA,NA,NA,8.05,NA
Boston,1936,NA,NA,NA,NA,NA,NA,NA,9.37,NA
Boston,1937,NA,NA,NA,NA,NA,NA,NA,10.29,NA
Boston,1938,NA,NA,NA,NA,NA,NA,NA,10.02,NA
Boston,1939,NA,NA,NA,NA,NA,NA,NA,9.42,NA
Boston,1940,NA,NA,NA,NA,NA,NA,NA,8.57,NA
Boston,1941,NA,NA,NA,NA,NA,NA,NA,10.02,NA
Boston,1942,NA,NA,NA,NA,NA,NA,NA,10,NA
Boston,1943,NA,NA,NA,NA,NA,NA,NA,9.51,NA
Boston,1944,NA,NA,NA,NA,NA,NA,NA,10.11,NA
Boston,1945,NA,NA,NA,NA,NA,NA,NA,10.18,NA
Boston,1946,NA,NA,NA,NA,NA,NA,NA,10.27,NA
Boston,1947,NA,NA,NA,NA,NA,NA,NA,10.19,NA
Boston,1948,NA,NA,NA,NA,NA,NA,NA,9.68,NA
Boston,1949,NA,NA,NA,NA,NA,NA,NA,11.58,NA
Boston,1950,NA,NA,NA,NA,NA,NA,NA,10.02,NA
Boston,1951,NA,NA,NA,NA,NA,NA,NA,10.82,NA
Boston,1952,NA,NA,NA,NA,NA,NA,NA,11,NA
Boston,1953,NA,NA,NA,NA,NA,NA,NA,11.37,NA
Boston,1954,NA,NA,NA,NA,NA,NA,NA,10.19,NA
Boston,1955,NA,NA,NA,NA,NA,NA,NA,10.54,NA
Boston,1956,NA,NA,NA,NA,NA,NA,NA,9.73,NA
Boston,1957,NA,NA,NA,NA,NA,NA,NA,10.76,NA
Boston,1958,NA,NA,NA,NA,NA,NA,NA,9.58,NA
Boston,1959,NA,NA,NA,NA,NA,NA,NA,10.46,NA
Boston,1960,NA,NA,NA,NA,NA,NA,NA,10.34,NA
Boston,1961,NA,NA,NA,NA,NA,NA,NA,10.01,NA
Boston,1962,NA,NA,NA,NA,NA,NA,NA,9.49,NA
Boston,1963,NA,NA,NA,NA,NA,NA,NA,10.01,NA
Boston,1964,NA,NA,NA,NA,NA,NA,NA,9.68,NA
Boston,1965,NA,NA,NA,NA,NA,NA,NA,9.3,NA
Boston,1966,NA,NA,NA,NA,NA,NA,NA,10.35,NA
Boston,1967,NA,NA,NA,NA,NA,NA,NA,9.28,NA
Boston,1968,NA,NA,NA,NA,NA,NA,NA,9.76,NA
Boston,1969,NA,NA,NA,NA,NA,NA,NA,10.25,NA
Boston,1970,NA,NA,NA,NA,NA,NA,NA,10.16,NA
Boston,1971,NA,NA,NA,NA,NA,NA,NA,10.11,NA
Boston,1972,NA,NA,NA,NA,NA,NA,NA,9.91,NA
Boston,1973,NA,NA,NA,NA,NA,NA,NA,11.19,NA
Boston,1974,NA,NA,NA,NA,NA,NA,NA,10.04,NA
Boston,1975,NA,NA,NA,NA,NA,NA,NA,10.44,NA
Boston,1976,NA,NA,NA,NA,NA,NA,NA,10.56,NA
Boston,1977,NA,NA,NA,NA,NA,NA,NA,10.41,NA
Boston,1978,NA,NA,NA,NA,NA,NA,NA,9.5,NA
Boston,1979,NA,NA,NA,NA,NA,NA,NA,10.65,NA
Boston,1980,NA,NA,NA,NA,NA,NA,NA,10.14,NA
Boston,1981,NA,NA,NA,NA,NA,NA,NA,10.54,NA
Boston,1982,NA,NA,NA,NA,NA,NA,NA,9.86,NA
Boston,1983,NA,NA,NA,NA,NA,NA,NA,11.46,NA
Boston,1984,NA,NA,NA,NA,NA,NA,NA,10.46,NA
Boston,1985,NA,NA,NA,NA,NA,NA,NA,10.3,NA
Boston,1986,NA,NA,NA,NA,NA,NA,NA,10.22,NA
Boston,1987,NA,NA,NA,NA,NA,NA,NA,9.88,NA
Boston,1988,NA,NA,NA,NA,NA,NA,NA,10.54,NA
Boston,1989,NA,NA,NA,NA,NA,NA,NA,10.19,NA
Boston,1990,NA,NA,NA,NA,NA,NA,NA,11.25,NA
Boston,1991,NA,NA,NA,NA,NA,NA,NA,11.67,NA
Boston,1992,NA,NA,NA,NA,NA,NA,NA,9.82,NA
Boston,1993,NA,NA,NA,NA,NA,NA,NA,10.66,NA
Boston,1994,NA,NA,NA,NA,NA,NA,NA,10.74,NA
Boston,1995,NA,NA,NA,NA,NA,NA,NA,10.57,NA
Boston,1996,NA,NA,NA,NA,NA,NA,NA,10.54,NA
Boston,1997,NA,NA,NA,NA,NA,NA,NA,10.81,NA
Boston,1998,NA,NA,NA,NA,NA,NA,NA,11.91,NA
Boston,1999,NA,NA,NA,NA,NA,NA,NA,11.71,NA
Boston,2000,NA,NA,NA,NA,NA,NA,NA,10.7,NA
Boston,2001,NA,NA,NA,NA,NA,NA,NA,11.42,NA
Boston,2002,NA,NA,NA,NA,NA,NA,NA,12.07,NA
Boston,2003,NA,NA,NA,NA,NA,NA,NA,10.19,NA
Boston,2004,NA,NA,NA,NA,NA,NA,NA,10.61,NA
Boston,2005,NA,NA,NA,NA,NA,NA,NA,10.77,NA
Boston,2006,NA,NA,NA,NA,NA,NA,NA,11.81,NA
Boston,2007,NA,NA,NA,NA,NA,NA,NA,11.12,NA
Boston,2008,NA,NA,NA,NA,NA,NA,NA,11.43,NA
Boston,2009,NA,NA,NA,NA,NA,NA,NA,10.64,NA
Boston,2010,NA,NA,NA,NA,NA,NA,NA,12.55,NA
Boston,2011,NA,NA,NA,NA,NA,NA,NA,11.87,NA
Boston,2012,NA,NA,NA,NA,NA,NA,NA,12.7,NA
Boston,2013,NA,NA,NA,NA,NA,NA,NA,11.46,NA
Boston,2014,NA,NA,NA,NA,NA,NA,NA,11.22,NA
Boston,2015,NA,NA,NA,NA,NA,NA,NA,11.48,NA
Boston,2016,NA,NA,NA,NA,NA,NA,NA,12.5,NA
Boston,2017,NA,NA,NA,NA,NA,NA,NA,12.03,NA
Boston,2018,NA,NA,NA,NA,NA,NA,NA,12.03,NA
Boston,2019,NA,NA,NA,NA,NA,NA,NA,11.83,NA
Boston,2020,NA,NA,NA,NA,NA,NA,NA,12.28,NA
Halifax,1871,NA,NA,NA,NA,NA,NA,NA,4.4,NA
Halifax,1872,NA,NA,NA,NA,NA,NA,NA,4.78,NA
Halifax,1873,NA,NA,NA,NA,NA,NA,NA,4.67,NA
Halifax,1874,NA,NA,NA,NA,NA,NA,NA,4.89,NA
Halifax,1875,NA,NA,NA,NA,NA,NA,NA,3.66,NA
Halifax,1876,NA,NA,NA,NA,NA,NA,NA,4.46,NA
Halifax,1877,NA,NA,NA,NA,NA,NA,NA,5.55,NA
Halifax,1878,NA,NA,NA,NA,NA,NA,NA,6.08,NA
Halifax,1879,NA,NA,NA,NA,NA,NA,NA,4.62,NA
Halifax,1880,NA,NA,NA,NA,NA,NA,NA,4.88,NA
Halifax,1881,NA,NA,NA,NA,NA,NA,NA,4.89,NA
Halifax,1882,NA,NA,NA,NA,NA,NA,NA,4.47,NA
Halifax,1883,NA,NA,NA,NA,NA,NA,NA,4.13,NA
Halifax,1884,NA,NA,NA,NA,NA,NA,NA,4.62,NA
Halifax,1885,NA,NA,NA,NA,NA,NA,NA,5.02,NA
Halifax,1886,NA,NA,NA,NA,NA,NA,NA,5.64,NA
Halifax,1887,NA,NA,NA,NA,NA,NA,NA,4.98,NA
Halifax,1888,NA,NA,NA,NA,NA,NA,NA,4.22,NA
Halifax,1889,NA,NA,NA,NA,NA,NA,NA,6.76,NA
Halifax,1890,NA,NA,NA,NA,NA,NA,NA,4.95,NA
Halifax,1891,NA,NA,NA,NA,NA,NA,NA,6.08,NA
Halifax,1892,NA,NA,NA,NA,NA,NA,NA,5.82,NA
Halifax,1894,NA,NA,NA,NA,NA,NA,NA,4.9,NA
Halifax,1895,NA,NA,NA,NA,NA,NA,NA,5.91,NA
Halifax,1896,NA,NA,NA,NA,NA,NA,NA,5.64,NA
Halifax,1897,NA,NA,NA,NA,NA,NA,NA,5.63,NA
Halifax,1898,NA,NA,NA,NA,NA,NA,NA,6.23,NA
Halifax,1899,NA,NA,NA,NA,NA,NA,NA,5.62,NA
Halifax,1900,NA,NA,NA,NA,NA,NA,NA,6.21,NA
Halifax,1901,NA,NA,NA,NA,NA,NA,NA,6.48,NA
Halifax,1902,NA,NA,NA,NA,NA,NA,NA,6.18,NA
Halifax,1903,NA,NA,NA,NA,NA,NA,NA,5.49,NA
Halifax,1904,NA,NA,NA,NA,NA,NA,NA,4,NA
Halifax,1905,NA,NA,NA,NA,NA,NA,NA,4.43,NA
Halifax,1906,NA,NA,NA,NA,NA,NA,NA,5.6,NA
Halifax,1907,NA,NA,NA,NA,NA,NA,NA,4.48,NA
Halifax,1908,NA,NA,NA,NA,NA,NA,NA,5.6,NA
Halifax,1909,NA,NA,NA,NA,NA,NA,NA,5.64,NA
Halifax,1910,NA,NA,NA,NA,NA,NA,NA,6,NA
Halifax,1911,NA,NA,NA,NA,NA,NA,NA,5.28,NA
Halifax,1912,NA,NA,NA,NA,NA,NA,NA,5.16,NA
Halifax,1913,NA,NA,NA,NA,NA,NA,NA,6.29,NA
Halifax,1914,NA,NA,NA,NA,NA,NA,NA,4.23,NA
Halifax,1915,NA,NA,NA,NA,NA,NA,NA,6,NA
Halifax,1916,NA,NA,NA,NA,NA,NA,NA,5.21,NA
Halifax,1917,NA,NA,NA,NA,NA,NA,NA,4.64,NA
Halifax,1918,NA,NA,NA,NA,NA,NA,NA,4.73,NA
Halifax,1919,NA,NA,NA,NA,NA,NA,NA,5.45,NA
Halifax,1920,NA,NA,NA,NA,NA,NA,NA,5.13,NA
Halifax,1921,NA,NA,NA,NA,NA,NA,NA,5.52,NA
Halifax,1922,NA,NA,NA,NA,NA,NA,NA,4.79,NA
Halifax,1923,NA,NA,NA,NA,NA,NA,NA,4.49,NA
Halifax,1924,NA,NA,NA,NA,NA,NA,NA,5.56,NA
Halifax,1925,NA,NA,NA,NA,NA,NA,NA,5.16,NA
Halifax,1926,NA,NA,NA,NA,NA,NA,NA,4.59,6.171
Halifax,1927,NA,NA,NA,NA,NA,NA,NA,5.21,7.23
Halifax,1928,NA,NA,NA,NA,NA,NA,NA,5.57,7.396
Halifax,1929,NA,NA,NA,NA,NA,NA,NA,5.46,6.638
Halifax,1930,NA,NA,NA,NA,NA,NA,NA,6.17,8.038
Halifax,1931,NA,NA,NA,NA,NA,NA,NA,6.76,8.18
Halifax,1932,NA,NA,NA,NA,NA,NA,NA,5.9,7.338
Halifax,1933,NA,NA,NA,NA,NA,NA,NA,5.49,7.521
Halifax,1934,NA,NA,NA,NA,NA,NA,NA,5.18,7.446
Halifax,1935,NA,NA,NA,NA,NA,NA,NA,5.28,7.413
Halifax,1936,NA,NA,NA,NA,NA,NA,NA,5.71,7.621
Halifax,1937,NA,NA,NA,NA,NA,NA,NA,6.54,8.062
Halifax,1938,NA,NA,NA,NA,NA,NA,NA,6.29,8.088
Halifax,1939,NA,NA,NA,NA,NA,NA,NA,5.64,6.455
Halifax,1940,NA,NA,NA,NA,NA,NA,NA,4.89,6.267
Halifax,1941,NA,NA,NA,NA,NA,NA,NA,4.93,5.455
Halifax,1942,NA,NA,NA,NA,NA,NA,NA,5.93,6.485
Halifax,1943,NA,NA,NA,NA,NA,NA,NA,5.32,6.359
Halifax,1944,NA,NA,NA,NA,NA,NA,NA,5.98,NA
Halifax,1945,NA,NA,NA,NA,NA,NA,NA,6.02,NA
Halifax,1946,NA,NA,NA,NA,NA,NA,NA,5.89,6.361
Halifax,1947,NA,NA,NA,NA,NA,NA,NA,6.21,7.496
Halifax,1948,NA,NA,NA,NA,NA,NA,NA,4.97,6.567
Halifax,1949,NA,NA,NA,NA,NA,NA,NA,6.87,7.5
Halifax,1950,NA,NA,NA,NA,NA,NA,NA,5.68,6.764
Halifax,1951,NA,NA,NA,NA,NA,NA,NA,7.23,8.838
Halifax,1952,NA,NA,NA,NA,NA,NA,NA,6.58,7.555
Halifax,1953,NA,NA,NA,NA,NA,NA,NA,7.47,7.896
Halifax,1954,NA,NA,NA,NA,NA,NA,NA,8.29,7.455
Halifax,1960,NA,NA,NA,NA,NA,NA,NA,6.61,8.013
Halifax,1961,NA,NA,NA,NA,NA,NA,NA,6.48,7.721
Halifax,1962,NA,NA,NA,NA,NA,NA,NA,5.73,6.93
Halifax,1963,NA,NA,NA,NA,NA,NA,NA,5.9,7.021
Halifax,1964,NA,NA,NA,NA,NA,NA,NA,5.98,6.555
Halifax,1965,NA,NA,NA,NA,NA,NA,NA,5.57,5.846
Halifax,1966,NA,NA,NA,NA,NA,NA,NA,6.89,6.596
Halifax,1967,NA,NA,NA,NA,NA,NA,NA,5.98,6.546
Halifax,1968,NA,NA,NA,NA,NA,NA,NA,6.38,7.388
Halifax,1969,NA,NA,NA,NA,NA,NA,NA,7.22,7.921
Halifax,1970,NA,NA,NA,NA,NA,NA,NA,6,7.321
Halifax,1971,NA,NA,NA,NA,NA,NA,NA,6.3,7.263
Halifax,1972,NA,NA,NA,NA,NA,NA,NA,5.45,6.746
Halifax,1973,NA,NA,NA,NA,NA,NA,NA,6.82,7.055
Halifax,1974,NA,NA,NA,NA,NA,NA,NA,5.83,7.046
Halifax,1975,NA,NA,NA,NA,NA,NA,NA,6.31,7.28
Halifax,1976,NA,NA,NA,NA,NA,NA,NA,6.72,7.671
Halifax,1977,NA,NA,NA,NA,NA,NA,NA,6.65,7.163
Halifax,1978,NA,NA,NA,NA,NA,NA,NA,5.83,7.638
Halifax,1979,NA,NA,NA,NA,NA,NA,NA,7.01,7.755
Halifax,1980,NA,NA,NA,NA,NA,NA,NA,5.78,8.288
Halifax,1981,NA,NA,NA,NA,NA,NA,NA,7.18,8.655
Halifax,1982,NA,NA,NA,NA,NA,NA,NA,6.37,8.571
Halifax,1983,NA,NA,NA,NA,NA,NA,NA,7.42,9.296
Halifax,1984,NA,NA,NA,NA,NA,NA,NA,7.3,7.855
Halifax,1985,NA,NA,NA,NA,NA,NA,NA,5.86,7.921
Halifax,1986,NA,NA,NA,NA,NA,NA,NA,5.95,7.33
Halifax,1987,NA,NA,NA,NA,NA,NA,NA,6.23,7.18
Halifax,1988,NA,NA,NA,NA,NA,NA,NA,6.42,6.38
Halifax,1989,NA,NA,NA,NA,NA,NA,NA,5.86,7.105
Halifax,1990,NA,NA,NA,NA,NA,NA,NA,7.27,7.046
Halifax,1991,NA,NA,NA,NA,NA,NA,NA,7.05,6.971
Halifax,1992,NA,NA,NA,NA,NA,NA,NA,5.84,6.513
Halifax,1993,NA,NA,NA,NA,NA,NA,NA,5.93,6.748
Halifax,1994,NA,NA,NA,NA,NA,NA,NA,6.73,6.712
Halifax,1995,NA,NA,NA,NA,NA,NA,NA,6.63,7.216
Halifax,1996,NA,NA,NA,NA,NA,NA,NA,6.63,7.094
Halifax,1997,NA,NA,NA,NA,NA,NA,NA,5.99,6.906
Halifax,1998,NA,NA,NA,NA,NA,NA,NA,7.64,7.325
Halifax,1999,NA,NA,NA,NA,NA,NA,NA,8.57,7.803
Halifax,2000,NA,NA,NA,NA,NA,NA,NA,7.38,8.153
Halifax,2001,NA,NA,NA,NA,NA,NA,NA,7.5,7.12
Halifax,2002,NA,NA,NA,NA,NA,NA,NA,6.89,7.428
Halifax,2003,NA,NA,NA,NA,NA,NA,NA,7.01,6.725
Halifax,2004,NA,NA,NA,NA,NA,NA,NA,6.31,6.886
Halifax,2005,NA,NA,NA,NA,NA,NA,NA,7.21,6.933
Halifax,2006,NA,NA,NA,NA,NA,NA,NA,8.08,8.221
Halifax,2007,NA,NA,NA,NA,NA,NA,NA,6.5,6.881
Halifax,2008,NA,NA,NA,NA,NA,NA,NA,7.35,7.56
Halifax,2009,NA,NA,NA,NA,NA,NA,NA,6.89,7.611
Halifax,2010,NA,NA,NA,NA,NA,NA,NA,8.4,8.095
Halifax,2011,NA,NA,NA,NA,NA,NA,NA,7.58,8.284
Halifax,2012,NA,NA,NA,NA,NA,NA,NA,8.37,8.727
Halifax,2013,NA,NA,NA,NA,NA,NA,NA,7.1,7.5
Halifax,2014,NA,NA,NA,NA,NA,NA,NA,7.31,7.82
Halifax,2015,NA,NA,NA,NA,NA,NA,NA,6.66,7.6
Halifax,2016,NA,NA,NA,NA,NA,NA,NA,7.68,8.448
Halifax,2017,NA,NA,NA,NA,NA,NA,NA,7.68,8.13
Halifax,2018,NA,NA,NA,NA,NA,NA,NA,7.57,7.795
Halifax,2019,NA,NA,NA,NA,NA,NA,NA,6.94,7.523
Halifax,2020,NA,NA,NA,NA,NA,NA,NA,7.39,NA
Sable Island,1897,NA,NA,NA,NA,NA,NA,NA,5.619,NA
Sable Island,1898,NA,NA,NA,NA,NA,NA,NA,7.686,NA
Sable Island,1899,NA,NA,NA,NA,NA,NA,NA,7.245,NA
Sable Island,1900,NA,NA,NA,NA,NA,NA,NA,7.92,NA
Sable Island,1901,NA,NA,NA,NA,NA,NA,NA,8.145,NA
Sable Island,1902,NA,NA,NA,NA,NA,NA,NA,7.861,NA
Sable Island,1903,NA,NA,NA,NA,NA,NA,NA,6.878,NA
Sable Island,1904,NA,NA,NA,NA,NA,NA,NA,6.62,NA
Sable Island,1905,NA,NA,NA,NA,NA,NA,NA,6.361,NA
Sable Island,1906,NA,NA,NA,NA,NA,NA,NA,7.403,NA
Sable Island,1907,NA,NA,NA,NA,NA,NA,NA,6.57,NA
Sable Island,1908,NA,NA,NA,NA,NA,NA,NA,7.553,NA
Sable Island,1909,NA,NA,NA,NA,NA,NA,NA,7.503,NA
Sable Island,1910,NA,NA,NA,NA,NA,NA,NA,8.161,NA
Sable Island,1911,NA,NA,NA,NA,NA,NA,NA,6.886,NA
Sable Island,1912,NA,NA,NA,NA,NA,NA,NA,6.503,NA
Sable Island,1913,NA,NA,NA,NA,NA,NA,NA,7.52,NA
Sable Island,1914,NA,NA,NA,NA,NA,NA,NA,6.02,NA
Sable Island,1915,NA,NA,NA,NA,NA,NA,NA,6.978,NA
Sable Island,1916,NA,NA,NA,NA,NA,NA,NA,6.786,NA
Sable Island,1917,NA,NA,NA,NA,NA,NA,NA,6.97,NA
Sable Island,1918,NA,NA,NA,NA,NA,NA,NA,6.603,NA
Sable Island,1919,NA,NA,NA,NA,NA,NA,NA,6.703,NA
Sable Island,1920,NA,NA,NA,NA,NA,NA,NA,7.228,NA
Sable Island,1921,NA,NA,NA,NA,NA,NA,NA,5.916,NA
Sable Island,1922,NA,NA,NA,NA,NA,NA,NA,6.755,NA
Sable Island,1923,NA,NA,NA,NA,NA,NA,NA,6.02,NA
Sable Island,1924,NA,NA,NA,NA,NA,NA,NA,6.711,NA
Sable Island,1925,NA,NA,NA,NA,NA,NA,NA,6.478,NA
Sable Island,1926,NA,NA,NA,NA,NA,NA,NA,6.553,NA
Sable Island,1927,NA,NA,NA,NA,NA,NA,NA,7.67,NA
Sable Island,1928,NA,NA,NA,NA,NA,NA,NA,7.403,NA
Sable Island,1929,NA,NA,NA,NA,NA,NA,NA,6.986,NA
Sable Island,1930,NA,NA,NA,NA,NA,NA,NA,7.603,NA
Sable Island,1931,NA,NA,NA,NA,NA,NA,NA,8.47,NA
Sable Island,1932,NA,NA,NA,NA,NA,NA,NA,7.495,NA
Sable Island,1933,NA,NA,NA,NA,NA,NA,NA,7.445,NA
Sable Island,1934,NA,NA,NA,NA,NA,NA,NA,7.253,NA
Sable Island,1935,NA,NA,NA,NA,NA,NA,NA,6.403,NA
Sable Island,1936,NA,NA,NA,NA,NA,NA,NA,7.578,NA
Sable Island,1937,NA,NA,NA,NA,NA,NA,NA,8.144,NA
Sable Island,1938,NA,NA,NA,NA,NA,NA,NA,7.82,NA
Sable Island,1939,NA,NA,NA,NA,NA,NA,NA,6.661,NA
Sable Island,1940,NA,NA,NA,NA,NA,NA,NA,6.878,NA
Sable Island,1941,NA,NA,NA,NA,NA,NA,NA,6.286,NA
Sable Island,1942,NA,NA,NA,NA,NA,NA,NA,7.903,NA
Sable Island,1943,NA,NA,NA,NA,NA,NA,NA,7.086,NA
Sable Island,1944,NA,NA,NA,NA,NA,NA,NA,7.386,NA
Sable Island,1945,NA,NA,NA,NA,NA,NA,NA,7.661,NA
Sable Island,1946,NA,NA,NA,NA,NA,NA,NA,7.753,NA
Sable Island,1947,NA,NA,NA,NA,NA,NA,NA,7.771,NA
Sable Island,1948,NA,NA,NA,NA,NA,NA,NA,6.486,NA
Sable Island,1949,NA,NA,NA,NA,NA,NA,NA,8.353,NA
Sable Island,1950,NA,NA,NA,NA,NA,NA,NA,7.445,NA
Sable Island,1951,NA,NA,NA,NA,NA,NA,NA,9.328,NA
Sable Island,1952,NA,NA,NA,NA,NA,NA,NA,8.578,NA
Sable Island,1953,NA,NA,NA,NA,NA,NA,NA,8.478,NA
Sable Island,1954,NA,NA,NA,NA,NA,NA,NA,8.386,NA
Sable Island,1955,NA,NA,NA,NA,NA,NA,NA,7.061,NA
Sable Island,1956,NA,NA,NA,NA,NA,NA,NA,7.486,NA
Sable Island,1957,NA,NA,NA,NA,NA,NA,NA,7.403,NA
Sable Island,1958,NA,NA,NA,NA,NA,NA,NA,8.186,NA
Sable Island,1959,NA,NA,NA,NA,NA,NA,NA,6.736,NA
Sable Island,1960,NA,NA,NA,NA,NA,NA,NA,8.286,NA
Sable Island,1961,NA,NA,NA,NA,NA,NA,NA,7.628,NA
Sable Island,1962,NA,NA,NA,NA,NA,NA,NA,7.086,NA
Sable Island,1963,NA,NA,NA,NA,NA,NA,NA,7.203,NA
Sable Island,1964,NA,NA,NA,NA,NA,NA,NA,7.045,NA
Sable Island,1965,NA,NA,NA,NA,NA,NA,NA,6.503,NA
Sable Island,1966,NA,NA,NA,NA,NA,NA,NA,7.645,NA
Sable Island,1967,NA,NA,NA,NA,NA,NA,NA,7.995,NA
Sable Island,1968,NA,NA,NA,NA,NA,NA,NA,7.703,NA
Sable Island,1969,NA,NA,NA,NA,NA,NA,NA,8.286,NA
Sable Island,1970,NA,NA,NA,NA,NA,NA,NA,7.878,NA
Sable Island,1971,NA,NA,NA,NA,NA,NA,NA,7.953,NA
Sable Island,1972,NA,NA,NA,NA,NA,NA,NA,7.261,NA
Sable Island,1973,NA,NA,NA,NA,NA,NA,NA,7.578,NA
Sable Island,1974,NA,NA,NA,NA,NA,NA,NA,7.011,NA
Sable Island,1975,NA,NA,NA,NA,NA,NA,NA,7.061,NA
Sable Island,1976,NA,NA,NA,NA,NA,NA,NA,8.003,NA
Sable Island,1977,NA,NA,NA,NA,NA,NA,NA,7.753,NA
Sable Island,1978,NA,NA,NA,NA,NA,NA,NA,7.37,NA
Sable Island,1979,NA,NA,NA,NA,NA,NA,NA,8.103,NA
Sable Island,1980,NA,NA,NA,NA,NA,NA,NA,7.036,NA
Sable Island,1981,NA,NA,NA,NA,NA,NA,NA,8.628,NA
Sable Island,1982,NA,NA,NA,NA,NA,NA,NA,7.57,NA
Sable Island,1983,NA,NA,NA,NA,NA,NA,NA,8.678,NA
Sable Island,1984,NA,NA,NA,NA,NA,NA,NA,8.678,NA
Sable Island,1985,NA,NA,NA,NA,NA,NA,NA,6.77,NA
Sable Island,1986,NA,NA,NA,NA,NA,NA,NA,7.103,NA
Sable Island,1987,NA,NA,NA,NA,NA,NA,NA,7.328,NA
Sable Island,1988,NA,NA,NA,NA,NA,NA,NA,7.578,NA
Sable Island,1989,NA,NA,NA,NA,NA,NA,NA,7.47,NA
Sable Island,1990,NA,NA,NA,NA,NA,NA,NA,7.836,NA
Sable Island,1991,NA,NA,NA,NA,NA,NA,NA,7.853,NA
Sable Island,1992,NA,NA,NA,NA,NA,NA,NA,7.228,NA
Sable Island,1993,NA,NA,NA,NA,NA,NA,NA,7.661,NA
Sable Island,1994,NA,NA,NA,NA,NA,NA,NA,8.22,NA
Sable Island,1995,NA,NA,NA,NA,NA,NA,NA,7.744,NA
Sable Island,1996,NA,NA,NA,NA,NA,NA,NA,7.714,NA
Sable Island,1997,NA,NA,NA,NA,NA,NA,NA,7.136,NA
Sable Island,1998,NA,NA,NA,NA,NA,NA,NA,8.411,NA
Sable Island,1999,NA,NA,NA,NA,NA,NA,NA,9.645,NA
Sable Island,2000,NA,NA,NA,NA,NA,NA,NA,8.803,NA
Sable Island,2001,NA,NA,NA,NA,NA,NA,NA,8.278,NA
Sable Island,2002,NA,NA,NA,NA,NA,NA,NA,8.036,NA
Sable Island,2003,NA,NA,NA,NA,NA,NA,NA,7.961,NA
Sable Island,2004,NA,NA,NA,NA,NA,NA,NA,7.536,NA
Sable Island,2005,NA,NA,NA,NA,NA,NA,NA,8.495,NA
Sable Island,2006,NA,NA,NA,NA,NA,NA,NA,9.145,NA
Sable Island,2007,NA,NA,NA,NA,NA,NA,NA,7.653,NA
Sable Island,2008,NA,NA,NA,NA,NA,NA,NA,8.228,NA
Sable Island,2009,NA,NA,NA,NA,NA,NA,NA,8.335,NA
Sable Island,2010,NA,NA,NA,NA,NA,NA,NA,9.329,NA
Sable Island,2011,NA,NA,NA,NA,NA,NA,NA,8.595,NA
Sable Island,2012,NA,NA,NA,NA,NA,NA,NA,9.728,NA
Sable Island,2013,NA,NA,NA,NA,NA,NA,NA,8.778,NA
Sable Island,2014,NA,NA,NA,NA,NA,NA,NA,9.206,NA
Sable Island,2015,NA,NA,NA,NA,NA,NA,NA,8.969,NA
Sable Island,2016,NA,NA,NA,NA,NA,NA,NA,9.135,NA
Sable Island,2017,NA,NA,NA,NA,NA,NA,NA,8.628,NA
Sable Island,2018,NA,NA,NA,NA,NA,NA,NA,8.636,NA
Sable Island,2019,NA,NA,NA,NA,NA,NA,NA,7.786,NA
Sable Island,2020,NA,NA,NA,NA,NA,NA,NA,8.784,NA
Saint John,1871,NA,NA,NA,NA,NA,NA,NA,3,NA
Saint John,1872,NA,NA,NA,NA,NA,NA,NA,3.22,NA
Saint John,1873,NA,NA,NA,NA,NA,NA,NA,3.21,NA
Saint John,1874,NA,NA,NA,NA,NA,NA,NA,3.52,NA
Saint John,1875,NA,NA,NA,NA,NA,NA,NA,2.35,NA
Saint John,1876,NA,NA,NA,NA,NA,NA,NA,3.27,NA
Saint John,1877,NA,NA,NA,NA,NA,NA,NA,4.2,NA
Saint John,1878,NA,NA,NA,NA,NA,NA,NA,4.57,NA
Saint John,1879,NA,NA,NA,NA,NA,NA,NA,3.07,NA
Saint John,1880,NA,NA,NA,NA,NA,NA,NA,3.76,NA
Saint John,1881,NA,NA,NA,NA,NA,NA,NA,3.87,NA
Saint John,1882,NA,NA,NA,NA,NA,NA,NA,3.11,NA
Saint John,1883,NA,NA,NA,NA,NA,NA,NA,2.98,NA
Saint John,1884,NA,NA,NA,NA,NA,NA,NA,3.28,NA
Saint John,1885,NA,NA,NA,NA,NA,NA,NA,3.19,NA
Saint John,1886,NA,NA,NA,NA,NA,NA,NA,3.89,NA
Saint John,1887,NA,NA,NA,NA,NA,NA,NA,3.33,NA
Saint John,1888,NA,NA,NA,NA,NA,NA,NA,2.98,NA
Saint John,1889,NA,NA,NA,NA,NA,NA,NA,4.97,NA
Saint John,1890,NA,NA,NA,NA,NA,NA,NA,4,NA
Saint John,1891,NA,NA,NA,NA,NA,NA,NA,5.03,NA
Saint John,1892,NA,NA,NA,NA,NA,NA,NA,4.56,NA
Saint John,1893,NA,NA,NA,NA,NA,NA,NA,3.85,NA
Saint John,1894,NA,NA,NA,NA,NA,NA,NA,4.06,NA
Saint John,1895,NA,NA,NA,NA,NA,NA,NA,4.66,NA
Saint John,1896,NA,NA,NA,NA,NA,NA,NA,4.09,NA
Saint John,1897,NA,NA,NA,NA,NA,NA,NA,4.28,NA
Saint John,1898,NA,NA,NA,NA,NA,NA,NA,4.77,NA
Saint John,1899,NA,NA,NA,NA,NA,NA,NA,4.17,NA
Saint John,1900,NA,NA,NA,NA,NA,NA,NA,4.86,NA
Saint John,1901,NA,NA,NA,NA,NA,NA,NA,5.07,NA
Saint John,1902,NA,NA,NA,NA,NA,NA,NA,5.22,NA
Saint John,1903,NA,NA,NA,NA,NA,NA,NA,4.78,NA
Saint John,1904,NA,NA,NA,NA,NA,NA,NA,3.26,NA
Saint John,1905,NA,NA,NA,NA,NA,NA,NA,3.87,NA
Saint John,1906,NA,NA,NA,NA,NA,NA,NA,4.89,NA
Saint John,1907,NA,NA,NA,NA,NA,NA,NA,3.78,NA
Saint John,1908,NA,NA,NA,NA,NA,NA,NA,4.82,NA
Saint John,1909,NA,NA,NA,NA,NA,NA,NA,4.97,NA
Saint John,1910,NA,NA,NA,NA,NA,NA,NA,5.34,NA
Saint John,1911,NA,NA,NA,NA,NA,NA,NA,4.58,NA
Saint John,1912,NA,NA,NA,NA,NA,NA,NA,3.97,NA
Saint John,1913,NA,NA,NA,NA,NA,NA,NA,5.14,NA
Saint John,1914,NA,NA,NA,NA,NA,NA,NA,3.97,NA
Saint John,1915,NA,NA,NA,NA,NA,NA,NA,5.38,NA
Saint John,1916,NA,NA,NA,NA,NA,NA,NA,4.13,NA
Saint John,1917,NA,NA,NA,NA,NA,NA,NA,3.31,NA
Saint John,1918,NA,NA,NA,NA,NA,NA,NA,3.8,NA
Saint John,1919,NA,NA,NA,NA,NA,NA,NA,4.61,NA
Saint John,1920,NA,NA,NA,NA,NA,NA,NA,4.3,NA
Saint John,1921,NA,NA,NA,NA,NA,NA,NA,5.12,NA
Saint John,1922,NA,NA,NA,NA,NA,NA,NA,4.24,NA
Saint John,1923,NA,NA,NA,NA,NA,NA,NA,3.51,NA
Saint John,1924,NA,NA,NA,NA,NA,NA,NA,4.2,NA
Saint John,1925,NA,NA,NA,NA,NA,NA,NA,4.26,NA
Saint John,1926,NA,NA,NA,NA,NA,NA,NA,3.61,NA
Saint John,1927,NA,NA,NA,NA,NA,NA,NA,5.07,NA
Saint John,1928,NA,NA,NA,NA,NA,NA,NA,4.8,NA
Saint John,1929,NA,NA,NA,NA,NA,NA,NA,4.53,NA
Saint John,1930,NA,NA,NA,NA,NA,NA,NA,5.36,NA
Saint John,1931,NA,NA,NA,NA,NA,NA,NA,5.91,NA
Saint John,1932,NA,NA,NA,NA,NA,NA,NA,5.36,NA
Saint John,1933,NA,NA,NA,NA,NA,NA,NA,4.75,NA
Saint John,1934,NA,NA,NA,NA,NA,NA,NA,4.07,NA
Saint John,1935,NA,NA,NA,NA,NA,NA,NA,4.37,NA
Saint John,1936,NA,NA,NA,NA,NA,NA,NA,4.71,NA
Saint John,1937,NA,NA,NA,NA,NA,NA,NA,5.95,NA
Saint John,1938,NA,NA,NA,NA,NA,NA,NA,5.18,NA
Saint John,1939,NA,NA,NA,NA,NA,NA,NA,4.57,NA
Saint John,1940,NA,NA,NA,NA,NA,NA,NA,4.38,NA
Saint John,1941,NA,NA,NA,NA,NA,NA,NA,4.77,NA
Saint John,1942,NA,NA,NA,NA,NA,NA,NA,5.02,NA
Saint John,1943,NA,NA,NA,NA,NA,NA,NA,4.37,NA
Saint John,1944,NA,NA,NA,NA,NA,NA,NA,5.07,NA
Saint John,1945,NA,NA,NA,NA,NA,NA,NA,5.12,NA
Saint John,1946,NA,NA,NA,NA,NA,NA,NA,5.22,NA
Saint John,1947,NA,NA,NA,NA,NA,NA,NA,4.23,NA
Saint John,1948,NA,NA,NA,NA,NA,NA,NA,3.38,NA
Saint John,1949,NA,NA,NA,NA,NA,NA,NA,4.81,NA
Saint John,1950,NA,NA,NA,NA,NA,NA,NA,3.85,NA
Saint John,1952,NA,NA,NA,NA,NA,NA,NA,5.69,NA
Saint John,1953,NA,NA,NA,NA,NA,NA,NA,6.54,NA
Saint John,1954,NA,NA,NA,NA,NA,NA,NA,5.37,NA
Saint John,1955,NA,NA,NA,NA,NA,NA,NA,4.58,NA
Saint John,1956,NA,NA,NA,NA,NA,NA,NA,4.28,NA
Saint John,1957,NA,NA,NA,NA,NA,NA,NA,5.21,NA
Saint John,1958,NA,NA,NA,NA,NA,NA,NA,4.77,NA
Saint John,1959,NA,NA,NA,NA,NA,NA,NA,4.91,NA
Saint John,1960,NA,NA,NA,NA,NA,NA,NA,5.61,NA
Saint John,1961,NA,NA,NA,NA,NA,NA,NA,4.72,NA
Saint John,1962,NA,NA,NA,NA,NA,NA,NA,4.32,NA
Saint John,1963,NA,NA,NA,NA,NA,NA,NA,4.18,NA
Saint John,1964,NA,NA,NA,NA,NA,NA,NA,4.41,NA
Saint John,1965,NA,NA,NA,NA,NA,NA,NA,3.79,NA
Saint John,1966,NA,NA,NA,NA,NA,NA,NA,5.21,NA
Saint John,1967,NA,NA,NA,NA,NA,NA,NA,4.02,NA
Saint John,1968,NA,NA,NA,NA,NA,NA,NA,4.57,NA
Saint John,1969,NA,NA,NA,NA,NA,NA,NA,5.52,NA
Saint John,1970,NA,NA,NA,NA,NA,NA,NA,4.47,NA
Saint John,1971,NA,NA,NA,NA,NA,NA,NA,4.82,NA
Saint John,1972,NA,NA,NA,NA,NA,NA,NA,3.97,NA
Saint John,1973,NA,NA,NA,NA,NA,NA,NA,5.77,NA
Saint John,1974,NA,NA,NA,NA,NA,NA,NA,4.59,NA
Saint John,1975,NA,NA,NA,NA,NA,NA,NA,4.85,NA
Saint John,1976,NA,NA,NA,NA,NA,NA,NA,4.82,NA
Saint John,1977,NA,NA,NA,NA,NA,NA,NA,5.01,NA
Saint John,1978,NA,NA,NA,NA,NA,NA,NA,4.3,NA
Saint John,1979,NA,NA,NA,NA,NA,NA,NA,5.82,NA
Saint John,1980,NA,NA,NA,NA,NA,NA,NA,4.42,NA
Saint John,1981,NA,NA,NA,NA,NA,NA,NA,5.43,NA
Saint John,1982,NA,NA,NA,NA,NA,NA,NA,4.53,NA
Saint John,1983,NA,NA,NA,NA,NA,NA,NA,6.03,NA
Saint John,1984,NA,NA,NA,NA,NA,NA,NA,5.68,NA
Saint John,1985,NA,NA,NA,NA,NA,NA,NA,4.46,NA
Saint John,1986,NA,NA,NA,NA,NA,NA,NA,4.62,NA
Saint John,1987,NA,NA,NA,NA,NA,NA,NA,4.89,NA
Saint John,1988,NA,NA,NA,NA,NA,NA,NA,4.97,NA
Saint John,1989,NA,NA,NA,NA,NA,NA,NA,4.2,NA
Saint John,1990,NA,NA,NA,NA,NA,NA,NA,5.94,NA
Saint John,1991,NA,NA,NA,NA,NA,NA,NA,5.46,NA
Saint John,1992,NA,NA,NA,NA,NA,NA,NA,4.32,NA
Saint John,1993,NA,NA,NA,NA,NA,NA,NA,4.6,NA
Saint John,1994,NA,NA,NA,NA,NA,NA,NA,4.97,NA
Saint John,1995,NA,NA,NA,NA,NA,NA,NA,5.37,NA
Saint John,1996,NA,NA,NA,NA,NA,NA,NA,5.27,NA
Saint John,1997,NA,NA,NA,NA,NA,NA,NA,4.59,NA
Saint John,1998,NA,NA,NA,NA,NA,NA,NA,6.43,NA
Saint John,1999,NA,NA,NA,NA,NA,NA,NA,7.09,NA
Saint John,2000,NA,NA,NA,NA,NA,NA,NA,5.67,NA
Saint John,2001,NA,NA,NA,NA,NA,NA,NA,5.8,NA
Saint John,2002,NA,NA,NA,NA,NA,NA,NA,5.53,NA
Saint John,2003,NA,NA,NA,NA,NA,NA,NA,5.07,NA
Saint John,2004,NA,NA,NA,NA,NA,NA,NA,4.67,NA
Saint John,2005,NA,NA,NA,NA,NA,NA,NA,5.82,NA
Saint John,2006,NA,NA,NA,NA,NA,NA,NA,7.02,NA
Saint John,2007,NA,NA,NA,NA,NA,NA,NA,5.21,NA
Saint John,2008,NA,NA,NA,NA,NA,NA,NA,6.07,NA
Saint John,2009,NA,NA,NA,NA,NA,NA,NA,5.39,NA
Saint John,2010,NA,NA,NA,NA,NA,NA,NA,7.2,NA
Saint John,2011,NA,NA,NA,NA,NA,NA,NA,6.32,NA
Saint John,2012,NA,NA,NA,NA,NA,NA,NA,7,NA
Saint John,2013,NA,NA,NA,NA,NA,NA,NA,5.77,NA
Saint John,2014,NA,NA,NA,NA,NA,NA,NA,5.62,NA
Saint John,2015,NA,NA,NA,NA,NA,NA,NA,5.06,NA
Saint John,2016,NA,NA,NA,NA,NA,NA,NA,6.4,NA
Saint John,2017,NA,NA,NA,NA,NA,NA,NA,6.28,NA
Saint John,2018,NA,NA,NA,NA,NA,NA,NA,5.87,NA
Saint John,2019,NA,NA,NA,NA,NA,NA,NA,5.37,NA
Saint John,2020,NA,NA,NA,NA,NA,NA,NA,6.18,NA
Sydney,1870,NA,NA,NA,NA,NA,NA,NA,5.502,NA
Sydney,1872,NA,NA,NA,NA,NA,NA,NA,3.935,NA
Sydney,1873,NA,NA,NA,NA,NA,NA,NA,3.766,NA
Sydney,1874,NA,NA,NA,NA,NA,NA,NA,4.035,NA
Sydney,1875,NA,NA,NA,NA,NA,NA,NA,2.91,NA
Sydney,1876,NA,NA,NA,NA,NA,NA,NA,4.16,NA
Sydney,1877,NA,NA,NA,NA,NA,NA,NA,4.643,NA
Sydney,1878,NA,NA,NA,NA,NA,NA,NA,5.659,NA
Sydney,1879,NA,NA,NA,NA,NA,NA,NA,4.193,NA
Sydney,1880,NA,NA,NA,NA,NA,NA,NA,4.102,NA
Sydney,1881,NA,NA,NA,NA,NA,NA,NA,4.427,NA
Sydney,1882,NA,NA,NA,NA,NA,NA,NA,4.085,NA
Sydney,1883,NA,NA,NA,NA,NA,NA,NA,3.952,NA
Sydney,1884,NA,NA,NA,NA,NA,NA,NA,4.202,NA
Sydney,1885,NA,NA,NA,NA,NA,NA,NA,4.535,NA
Sydney,1886,NA,NA,NA,NA,NA,NA,NA,5.685,NA
Sydney,1887,NA,NA,NA,NA,NA,NA,NA,4.818,NA
Sydney,1888,NA,NA,NA,NA,NA,NA,NA,4.477,NA
Sydney,1889,NA,NA,NA,NA,NA,NA,NA,6.618,NA
Sydney,1890,NA,NA,NA,NA,NA,NA,NA,4.718,NA
Sydney,1891,NA,NA,NA,NA,NA,NA,NA,5.518,NA
Sydney,1892,NA,NA,NA,NA,NA,NA,NA,5.893,NA
Sydney,1893,NA,NA,NA,NA,NA,NA,NA,5.107,NA
Sydney,1894,NA,NA,NA,NA,NA,NA,NA,4.435,NA
Sydney,1895,NA,NA,NA,NA,NA,NA,NA,5.493,NA
Sydney,1896,NA,NA,NA,NA,NA,NA,NA,4.902,NA
Sydney,1897,NA,NA,NA,NA,NA,NA,NA,4.818,NA
Sydney,1898,NA,NA,NA,NA,NA,NA,NA,5.635,NA
Sydney,1899,NA,NA,NA,NA,NA,NA,NA,4.868,NA
Sydney,1900,NA,NA,NA,NA,NA,NA,NA,5.518,NA
Sydney,1901,NA,NA,NA,NA,NA,NA,NA,6.385,NA
Sydney,1902,NA,NA,NA,NA,NA,NA,NA,6.002,NA
Sydney,1903,NA,NA,NA,NA,NA,NA,NA,4.652,NA
Sydney,1904,NA,NA,NA,NA,NA,NA,NA,4.177,NA
Sydney,1905,NA,NA,NA,NA,NA,NA,NA,4.118,NA
Sydney,1906,NA,NA,NA,NA,NA,NA,NA,5.502,NA
Sydney,1907,NA,NA,NA,NA,NA,NA,NA,4.093,NA
Sydney,1908,NA,NA,NA,NA,NA,NA,NA,5.627,NA
Sydney,1909,NA,NA,NA,NA,NA,NA,NA,5.81,NA
Sydney,1910,NA,NA,NA,NA,NA,NA,NA,6.252,NA
Sydney,1911,NA,NA,NA,NA,NA,NA,NA,5.093,NA
Sydney,1912,NA,NA,NA,NA,NA,NA,NA,4.885,NA
Sydney,1913,NA,NA,NA,NA,NA,NA,NA,5.91,NA
Sydney,1914,NA,NA,NA,NA,NA,NA,NA,4.468,NA
Sydney,1915,NA,NA,NA,NA,NA,NA,NA,5.81,NA
Sydney,1916,NA,NA,NA,NA,NA,NA,NA,5.452,NA
Sydney,1917,NA,NA,NA,NA,NA,NA,NA,5.193,NA
Sydney,1918,NA,NA,NA,NA,NA,NA,NA,4.81,NA
Sydney,1919,NA,NA,NA,NA,NA,NA,NA,5.618,NA
Sydney,1920,NA,NA,NA,NA,NA,NA,NA,5.46,NA
Sydney,1921,NA,NA,NA,NA,NA,NA,NA,5.302,NA
Sydney,1922,NA,NA,NA,NA,NA,NA,NA,4.552,NA
Sydney,1923,NA,NA,NA,NA,NA,NA,NA,4.16,NA
Sydney,1924,NA,NA,NA,NA,NA,NA,NA,5.343,NA
Sydney,1925,NA,NA,NA,NA,NA,NA,NA,4.535,NA
Sydney,1926,NA,NA,NA,NA,NA,NA,NA,4.427,NA
Sydney,1927,NA,NA,NA,NA,NA,NA,NA,5.743,NA
Sydney,1928,NA,NA,NA,NA,NA,NA,NA,5.56,NA
Sydney,1929,NA,NA,NA,NA,NA,NA,NA,5.193,NA
Sydney,1930,NA,NA,NA,NA,NA,NA,NA,6.41,NA
Sydney,1931,NA,NA,NA,NA,NA,NA,NA,6.752,NA
Sydney,1932,NA,NA,NA,NA,NA,NA,NA,5.835,NA
Sydney,1933,NA,NA,NA,NA,NA,NA,NA,5.468,NA
Sydney,1934,NA,NA,NA,NA,NA,NA,NA,5.068,NA
Sydney,1935,NA,NA,NA,NA,NA,NA,NA,5.135,NA
Sydney,1936,NA,NA,NA,NA,NA,NA,NA,5.96,NA
Sydney,1937,NA,NA,NA,NA,NA,NA,NA,6.752,NA
Sydney,1938,NA,NA,NA,NA,NA,NA,NA,6.102,NA
Sydney,1939,NA,NA,NA,NA,NA,NA,NA,5.193,NA
Sydney,1940,NA,NA,NA,NA,NA,NA,NA,4.993,NA
Sydney,1941,NA,NA,NA,NA,NA,NA,NA,4.785,NA
Sydney,1942,NA,NA,NA,NA,NA,NA,NA,6.402,NA
Sydney,1943,NA,NA,NA,NA,NA,NA,NA,5.168,NA
Sydney,1944,NA,NA,NA,NA,NA,NA,NA,6.302,NA
Sydney,1945,NA,NA,NA,NA,NA,NA,NA,6.485,NA
Sydney,1946,NA,NA,NA,NA,NA,NA,NA,6.268,NA
Sydney,1947,NA,NA,NA,NA,NA,NA,NA,6.243,NA
Sydney,1948,NA,NA,NA,NA,NA,NA,NA,5.252,NA
Sydney,1949,NA,NA,NA,NA,NA,NA,NA,6.635,NA
Sydney,1950,NA,NA,NA,NA,NA,NA,NA,5.802,NA
Sydney,1951,NA,NA,NA,NA,NA,NA,NA,7.293,NA
Sydney,1952,NA,NA,NA,NA,NA,NA,NA,6.818,NA
Sydney,1953,NA,NA,NA,NA,NA,NA,NA,7.01,NA
Sydney,1954,NA,NA,NA,NA,NA,NA,NA,6.485,NA
Sydney,1955,NA,NA,NA,NA,NA,NA,NA,5.868,NA
Sydney,1956,NA,NA,NA,NA,NA,NA,NA,5.785,NA
Sydney,1957,NA,NA,NA,NA,NA,NA,NA,5.743,NA
Sydney,1958,NA,NA,NA,NA,NA,NA,NA,6.368,NA
Sydney,1959,NA,NA,NA,NA,NA,NA,NA,5.51,NA
Sydney,1960,NA,NA,NA,NA,NA,NA,NA,6.76,NA
Sydney,1961,NA,NA,NA,NA,NA,NA,NA,6.152,NA
Sydney,1962,NA,NA,NA,NA,NA,NA,NA,5.352,NA
Sydney,1963,NA,NA,NA,NA,NA,NA,NA,5.727,NA
Sydney,1964,NA,NA,NA,NA,NA,NA,NA,5.168,NA
Sydney,1965,NA,NA,NA,NA,NA,NA,NA,5.027,NA
Sydney,1966,NA,NA,NA,NA,NA,NA,NA,6.76,NA
Sydney,1967,NA,NA,NA,NA,NA,NA,NA,6.193,NA
Sydney,1968,NA,NA,NA,NA,NA,NA,NA,5.835,NA
Sydney,1969,NA,NA,NA,NA,NA,NA,NA,6.902,NA
Sydney,1970,NA,NA,NA,NA,NA,NA,NA,5.918,NA
Sydney,1971,NA,NA,NA,NA,NA,NA,NA,6.185,NA
Sydney,1972,NA,NA,NA,NA,NA,NA,NA,4.835,NA
Sydney,1973,NA,NA,NA,NA,NA,NA,NA,5.843,NA
Sydney,1974,NA,NA,NA,NA,NA,NA,NA,4.752,NA
Sydney,1975,NA,NA,NA,NA,NA,NA,NA,5.268,NA
Sydney,1976,NA,NA,NA,NA,NA,NA,NA,5.668,NA
Sydney,1977,NA,NA,NA,NA,NA,NA,NA,5.852,NA
Sydney,1978,NA,NA,NA,NA,NA,NA,NA,5.352,NA
Sydney,1979,NA,NA,NA,NA,NA,NA,NA,6.568,NA
Sydney,1980,NA,NA,NA,NA,NA,NA,NA,5.06,NA
Sydney,1981,NA,NA,NA,NA,NA,NA,NA,6.693,NA
Sydney,1982,NA,NA,NA,NA,NA,NA,NA,5.435,NA
Sydney,1983,NA,NA,NA,NA,NA,NA,NA,6.785,NA
Sydney,1984,NA,NA,NA,NA,NA,NA,NA,6.452,NA
Sydney,1985,NA,NA,NA,NA,NA,NA,NA,4.902,NA
Sydney,1986,NA,NA,NA,NA,NA,NA,NA,4.843,NA
Sydney,1987,NA,NA,NA,NA,NA,NA,NA,5.685,NA
Sydney,1988,NA,NA,NA,NA,NA,NA,NA,5.768,NA
Sydney,1989,NA,NA,NA,NA,NA,NA,NA,5.402,NA
Sydney,1990,NA,NA,NA,NA,NA,NA,NA,6.227,NA
Sydney,1991,NA,NA,NA,NA,NA,NA,NA,5.86,NA
Sydney,1992,NA,NA,NA,NA,NA,NA,NA,5.068,NA
Sydney,1993,NA,NA,NA,NA,NA,NA,NA,5.177,NA
Sydney,1994,NA,NA,NA,NA,NA,NA,NA,5.935,NA
Sydney,1995,NA,NA,NA,NA,NA,NA,NA,5.993,NA
Sydney,1996,NA,NA,NA,NA,NA,NA,NA,6.243,NA
Sydney,1997,NA,NA,NA,NA,NA,NA,NA,5.143,NA
Sydney,1998,NA,NA,NA,NA,NA,NA,NA,6.96,NA
Sydney,1999,NA,NA,NA,NA,NA,NA,NA,7.952,NA
Sydney,2000,NA,NA,NA,NA,NA,NA,NA,6.677,NA
Sydney,2001,NA,NA,NA,NA,NA,NA,NA,6.752,NA
Sydney,2002,NA,NA,NA,NA,NA,NA,NA,6.043,NA
Sydney,2003,NA,NA,NA,NA,NA,NA,NA,6.143,NA
Sydney,2004,NA,NA,NA,NA,NA,NA,NA,5.902,NA
Sydney,2005,NA,NA,NA,NA,NA,NA,NA,6.91,NA
Sydney,2006,NA,NA,NA,NA,NA,NA,NA,7.735,NA
Sydney,2007,NA,NA,NA,NA,NA,NA,NA,6.035,NA
Sydney,2008,NA,NA,NA,NA,NA,NA,NA,6.652,NA
Sydney,2009,NA,NA,NA,NA,NA,NA,NA,6.377,NA
Sydney,2010,NA,NA,NA,NA,NA,NA,NA,7.652,NA
Sydney,2011,NA,NA,NA,NA,NA,NA,NA,6.702,NA
Sydney,2012,NA,NA,NA,NA,NA,NA,NA,7.827,NA
Sydney,2013,NA,NA,NA,NA,NA,NA,NA,6.677,NA
Sydney,2014,NA,NA,NA,NA,NA,NA,NA,6.477,NA
Sydney,2015,NA,NA,NA,NA,NA,NA,NA,5.868,NA
Sydney,2016,NA,NA,NA,NA,NA,NA,NA,7.2,NA
Sydney,2017,NA,NA,NA,NA,NA,NA,NA,6.968,NA
Sydney,2018,NA,NA,NA,NA,NA,NA,NA,6.56,NA
Sydney,2019,NA,NA,NA,NA,NA,NA,NA,6.052,NA
Sydney,2020,NA,NA,NA,NA,NA,NA,NA,6.382,NA
Yarmouth,1879,NA,NA,NA,NA,NA,NA,NA,6.115,NA
Yarmouth,1880,NA,NA,NA,NA,NA,NA,NA,6.696,NA
Yarmouth,1881,NA,NA,NA,NA,NA,NA,NA,6.539,NA
Yarmouth,1882,NA,NA,NA,NA,NA,NA,NA,5.503,NA
Yarmouth,1883,NA,NA,NA,NA,NA,NA,NA,5.462,NA
Yarmouth,1884,NA,NA,NA,NA,NA,NA,NA,6.237,NA
Yarmouth,1885,NA,NA,NA,NA,NA,NA,NA,6.465,NA
Yarmouth,1886,NA,NA,NA,NA,NA,NA,NA,6.715,NA
Yarmouth,1887,NA,NA,NA,NA,NA,NA,NA,6.246,NA
Yarmouth,1888,NA,NA,NA,NA,NA,NA,NA,5.704,NA
Yarmouth,1889,NA,NA,NA,NA,NA,NA,NA,7.921,NA
Yarmouth,1890,NA,NA,NA,NA,NA,NA,NA,6.787,NA
Yarmouth,1891,NA,NA,NA,NA,NA,NA,NA,7.446,NA
Yarmouth,1892,NA,NA,NA,NA,NA,NA,NA,6.804,NA
Yarmouth,1893,NA,NA,NA,NA,NA,NA,NA,6.104,NA
Yarmouth,1894,NA,NA,NA,NA,NA,NA,NA,6.504,NA
Yarmouth,1895,NA,NA,NA,NA,NA,NA,NA,6.987,NA
Yarmouth,1896,NA,NA,NA,NA,NA,NA,NA,6.412,NA
Yarmouth,1897,NA,NA,NA,NA,NA,NA,NA,6.496,NA
Yarmouth,1898,NA,NA,NA,NA,NA,NA,NA,6.821,NA
Yarmouth,1899,NA,NA,NA,NA,NA,NA,NA,6.679,NA
Yarmouth,1900,NA,NA,NA,NA,NA,NA,NA,7.254,NA
Yarmouth,1901,NA,NA,NA,NA,NA,NA,NA,7.137,NA
Yarmouth,1902,NA,NA,NA,NA,NA,NA,NA,6.996,NA
Yarmouth,1903,NA,NA,NA,NA,NA,NA,NA,6.987,NA
Yarmouth,1904,NA,NA,NA,NA,NA,NA,NA,5.396,NA
Yarmouth,1905,NA,NA,NA,NA,NA,NA,NA,5.704,NA
Yarmouth,1906,NA,NA,NA,NA,NA,NA,NA,6.662,NA
Yarmouth,1907,NA,NA,NA,NA,NA,NA,NA,5.637,NA
Yarmouth,1908,NA,NA,NA,NA,NA,NA,NA,6.771,NA
Yarmouth,1909,NA,NA,NA,NA,NA,NA,NA,6.821,NA
Yarmouth,1910,NA,NA,NA,NA,NA,NA,NA,7.312,NA
Yarmouth,1911,NA,NA,NA,NA,NA,NA,NA,6.729,NA
Yarmouth,1912,NA,NA,NA,NA,NA,NA,NA,6.362,NA
Yarmouth,1913,NA,NA,NA,NA,NA,NA,NA,7.554,NA
Yarmouth,1914,NA,NA,NA,NA,NA,NA,NA,5.921,NA
Yarmouth,1915,NA,NA,NA,NA,NA,NA,NA,6.979,NA
Yarmouth,1916,NA,NA,NA,NA,NA,NA,NA,5.954,NA
Yarmouth,1917,NA,NA,NA,NA,NA,NA,NA,5.512,NA
Yarmouth,1918,NA,NA,NA,NA,NA,NA,NA,6.087,NA
Yarmouth,1919,NA,NA,NA,NA,NA,NA,NA,6.812,NA
Yarmouth,1920,NA,NA,NA,NA,NA,NA,NA,6.429,NA
Yarmouth,1921,NA,NA,NA,NA,NA,NA,NA,7.104,NA
Yarmouth,1922,NA,NA,NA,NA,NA,NA,NA,6.548,NA
Yarmouth,1923,NA,NA,NA,NA,NA,NA,NA,5.658,NA
Yarmouth,1924,NA,NA,NA,NA,NA,NA,NA,6.354,NA
Yarmouth,1925,NA,NA,NA,NA,NA,NA,NA,6.212,NA
Yarmouth,1926,NA,NA,NA,NA,NA,NA,NA,5.737,NA
Yarmouth,1927,NA,NA,NA,NA,NA,NA,NA,7.029,NA
Yarmouth,1928,NA,NA,NA,NA,NA,NA,NA,6.946,NA
Yarmouth,1929,NA,NA,NA,NA,NA,NA,NA,6.646,NA
Yarmouth,1930,NA,NA,NA,NA,NA,NA,NA,7.479,NA
Yarmouth,1931,NA,NA,NA,NA,NA,NA,NA,8.079,NA
Yarmouth,1932,NA,NA,NA,NA,NA,NA,NA,7.354,NA
Yarmouth,1933,NA,NA,NA,NA,NA,NA,NA,7.012,NA
Yarmouth,1934,NA,NA,NA,NA,NA,NA,NA,6.646,NA
Yarmouth,1935,NA,NA,NA,NA,NA,NA,NA,6.771,NA
Yarmouth,1936,NA,NA,NA,NA,NA,NA,NA,7.187,NA
Yarmouth,1937,NA,NA,NA,NA,NA,NA,NA,7.962,NA
Yarmouth,1938,NA,NA,NA,NA,NA,NA,NA,7.246,NA
Yarmouth,1939,NA,NA,NA,NA,NA,NA,NA,6.746,NA
Yarmouth,1940,NA,NA,NA,NA,NA,NA,NA,6.146,NA
Yarmouth,1941,NA,NA,NA,NA,NA,NA,NA,6.396,NA
Yarmouth,1942,NA,NA,NA,NA,NA,NA,NA,6.862,NA
Yarmouth,1943,NA,NA,NA,NA,NA,NA,NA,6.829,NA
Yarmouth,1944,NA,NA,NA,NA,NA,NA,NA,7.204,NA
Yarmouth,1945,NA,NA,NA,NA,NA,NA,NA,7.221,NA
Yarmouth,1946,NA,NA,NA,NA,NA,NA,NA,7.146,NA
Yarmouth,1947,NA,NA,NA,NA,NA,NA,NA,7.487,NA
Yarmouth,1948,NA,NA,NA,NA,NA,NA,NA,6.612,NA
Yarmouth,1949,NA,NA,NA,NA,NA,NA,NA,8.021,NA
Yarmouth,1950,NA,NA,NA,NA,NA,NA,NA,7.037,NA
Yarmouth,1951,NA,NA,NA,NA,NA,NA,NA,8.354,NA
Yarmouth,1952,NA,NA,NA,NA,NA,NA,NA,7.654,NA
Yarmouth,1953,NA,NA,NA,NA,NA,NA,NA,8.304,NA
Yarmouth,1954,NA,NA,NA,NA,NA,NA,NA,7.321,NA
Yarmouth,1955,NA,NA,NA,NA,NA,NA,NA,6.846,NA
Yarmouth,1956,NA,NA,NA,NA,NA,NA,NA,6.679,NA
Yarmouth,1957,NA,NA,NA,NA,NA,NA,NA,7.304,NA
Yarmouth,1958,NA,NA,NA,NA,NA,NA,NA,6.904,NA
Yarmouth,1959,NA,NA,NA,NA,NA,NA,NA,6.996,NA
Yarmouth,1960,NA,NA,NA,NA,NA,NA,NA,7.412,NA
Yarmouth,1961,NA,NA,NA,NA,NA,NA,NA,6.896,NA
Yarmouth,1962,NA,NA,NA,NA,NA,NA,NA,6.454,NA
Yarmouth,1963,NA,NA,NA,NA,NA,NA,NA,6.654,NA
Yarmouth,1964,NA,NA,NA,NA,NA,NA,NA,6.479,NA
Yarmouth,1965,NA,NA,NA,NA,NA,NA,NA,5.854,NA
Yarmouth,1966,NA,NA,NA,NA,NA,NA,NA,6.912,NA
Yarmouth,1967,NA,NA,NA,NA,NA,NA,NA,6.429,NA
Yarmouth,1968,NA,NA,NA,NA,NA,NA,NA,6.971,NA
Yarmouth,1969,NA,NA,NA,NA,NA,NA,NA,7.679,NA
Yarmouth,1970,NA,NA,NA,NA,NA,NA,NA,6.787,NA
Yarmouth,1971,NA,NA,NA,NA,NA,NA,NA,7.037,NA
Yarmouth,1972,NA,NA,NA,NA,NA,NA,NA,6.496,NA
Yarmouth,1973,NA,NA,NA,NA,NA,NA,NA,7.654,NA
Yarmouth,1974,NA,NA,NA,NA,NA,NA,NA,6.629,NA
Yarmouth,1975,NA,NA,NA,NA,NA,NA,NA,7.054,NA
Yarmouth,1976,NA,NA,NA,NA,NA,NA,NA,7.221,NA
Yarmouth,1977,NA,NA,NA,NA,NA,NA,NA,7.012,NA
Yarmouth,1978,NA,NA,NA,NA,NA,NA,NA,6.387,NA
Yarmouth,1979,NA,NA,NA,NA,NA,NA,NA,7.648,NA
Yarmouth,1980,NA,NA,NA,NA,NA,NA,NA,6.654,NA
Yarmouth,1981,NA,NA,NA,NA,NA,NA,NA,7.529,NA
Yarmouth,1982,NA,NA,NA,NA,NA,NA,NA,7.012,NA
Yarmouth,1983,NA,NA,NA,NA,NA,NA,NA,7.746,NA
Yarmouth,1984,NA,NA,NA,NA,NA,NA,NA,7.762,NA
Yarmouth,1985,NA,NA,NA,NA,NA,NA,NA,6.829,NA
Yarmouth,1986,NA,NA,NA,NA,NA,NA,NA,7.054,NA
Yarmouth,1987,NA,NA,NA,NA,NA,NA,NA,6.987,NA
Yarmouth,1988,NA,NA,NA,NA,NA,NA,NA,7.137,NA
Yarmouth,1989,NA,NA,NA,NA,NA,NA,NA,6.762,NA
Yarmouth,1990,NA,NA,NA,NA,NA,NA,NA,8.021,NA
Yarmouth,1991,NA,NA,NA,NA,NA,NA,NA,7.579,NA
Yarmouth,1992,NA,NA,NA,NA,NA,NA,NA,6.212,NA
Yarmouth,1993,NA,NA,NA,NA,NA,NA,NA,6.821,NA
Yarmouth,1994,NA,NA,NA,NA,NA,NA,NA,7.262,NA
Yarmouth,1995,NA,NA,NA,NA,NA,NA,NA,7.387,NA
Yarmouth,1996,NA,NA,NA,NA,NA,NA,NA,6.921,NA
Yarmouth,1997,NA,NA,NA,NA,NA,NA,NA,6.787,NA
Yarmouth,1998,NA,NA,NA,NA,NA,NA,NA,7.879,NA
Yarmouth,1999,NA,NA,NA,NA,NA,NA,NA,8.729,NA
Yarmouth,2000,NA,NA,NA,NA,NA,NA,NA,7.737,NA
Yarmouth,2001,NA,NA,NA,NA,NA,NA,NA,7.604,NA
Yarmouth,2002,NA,NA,NA,NA,NA,NA,NA,7.796,NA
Yarmouth,2003,NA,NA,NA,NA,NA,NA,NA,7.179,NA
Yarmouth,2004,NA,NA,NA,NA,NA,NA,NA,6.496,NA
Yarmouth,2005,NA,NA,NA,NA,NA,NA,NA,7.504,NA
Yarmouth,2006,NA,NA,NA,NA,NA,NA,NA,8.454,NA
Yarmouth,2007,NA,NA,NA,NA,NA,NA,NA,7.029,NA
Yarmouth,2008,NA,NA,NA,NA,NA,NA,NA,7.879,NA
Yarmouth,2009,NA,NA,NA,NA,NA,NA,NA,7.554,NA
Yarmouth,2010,NA,NA,NA,NA,NA,NA,NA,8.654,NA
Yarmouth,2011,NA,NA,NA,NA,NA,NA,NA,8.496,NA
Yarmouth,2012,NA,NA,NA,NA,NA,NA,NA,9.542,NA
Yarmouth,2013,NA,NA,NA,NA,NA,NA,NA,8.037,NA
Yarmouth,2014,NA,NA,NA,NA,NA,NA,NA,8.162,NA
Yarmouth,2015,NA,NA,NA,NA,NA,NA,NA,7.587,NA
Yarmouth,2016,NA,NA,NA,NA,NA,NA,NA,8.746,NA
Yarmouth,2017,NA,NA,NA,NA,NA,NA,NA,8.144,NA
Yarmouth,2018,NA,NA,NA,NA,NA,NA,NA,8.337,NA
Yarmouth,2019,NA,NA,NA,NA,NA,NA,NA,7.437,NA
Yarmouth,2020,NA,NA,NA,NA,NA,NA,NA,8.307,NA
Halifax,1955,NA,NA,NA,NA,NA,NA,NA,NA,7.155
Halifax,1956,NA,NA,NA,NA,NA,NA,NA,NA,7.071
Halifax,1957,NA,NA,NA,NA,NA,NA,NA,NA,6.463
Halifax,1958,NA,NA,NA,NA,NA,NA,NA,NA,7.638
Halifax,1959,NA,NA,NA,NA,NA,NA,NA,NA,7.496
St.Andrews,1921,NA,NA,NA,NA,NA,NA,NA,NA,7.002
St.Andrews,1922,NA,NA,NA,NA,NA,NA,NA,NA,5.977
St.Andrews,1923,NA,NA,NA,NA,NA,NA,NA,NA,5.377
St.Andrews,1924,NA,NA,NA,NA,NA,NA,NA,NA,6.352
St.Andrews,1925,NA,NA,NA,NA,NA,NA,NA,NA,6.169
St.Andrews,1926,NA,NA,NA,NA,NA,NA,NA,NA,5.819
St.Andrews,1927,NA,NA,NA,NA,NA,NA,NA,NA,6.785
St.Andrews,1928,NA,NA,NA,NA,NA,NA,NA,NA,7.277
St.Andrews,1929,NA,NA,NA,NA,NA,NA,NA,NA,6.702
St.Andrews,1930,NA,NA,NA,NA,NA,NA,NA,NA,7.044
St.Andrews,1931,NA,NA,NA,NA,NA,NA,NA,NA,7.285
St.Andrews,1932,NA,NA,NA,NA,NA,NA,NA,NA,6.935
St.Andrews,1933,NA,NA,NA,NA,NA,NA,NA,NA,6.677
St.Andrews,1934,NA,NA,NA,NA,NA,NA,NA,NA,6.244
St.Andrews,1935,NA,NA,NA,NA,NA,NA,NA,NA,6.194
St.Andrews,1936,NA,NA,NA,NA,NA,NA,NA,NA,6.71
St.Andrews,1937,NA,NA,NA,NA,NA,NA,NA,NA,7.61
St.Andrews,1938,NA,NA,NA,NA,NA,NA,NA,NA,7.119
St.Andrews,1939,NA,NA,NA,NA,NA,NA,NA,NA,6.577
St.Andrews,1940,NA,NA,NA,NA,NA,NA,NA,NA,6.052
St.Andrews,1941,NA,NA,NA,NA,NA,NA,NA,NA,6.352
St.Andrews,1942,NA,NA,NA,NA,NA,NA,NA,NA,6.569
St.Andrews,1943,NA,NA,NA,NA,NA,NA,NA,NA,6.26
St.Andrews,1944,NA,NA,NA,NA,NA,NA,NA,NA,6.844
St.Andrews,1945,NA,NA,NA,NA,NA,NA,NA,NA,7.144
St.Andrews,1946,NA,NA,NA,NA,NA,NA,NA,NA,7.16
St.Andrews,1947,NA,NA,NA,NA,NA,NA,NA,NA,7.702
St.Andrews,1948,NA,NA,NA,NA,NA,NA,NA,NA,6.519
St.Andrews,1949,NA,NA,NA,NA,NA,NA,NA,NA,8.277
St.Andrews,1950,NA,NA,NA,NA,NA,NA,NA,NA,7.627
St.Andrews,1951,NA,NA,NA,NA,NA,NA,NA,NA,8.502
St.Andrews,1952,NA,NA,NA,NA,NA,NA,NA,NA,7.81
St.Andrews,1953,NA,NA,NA,NA,NA,NA,NA,NA,8.369
St.Andrews,1954,NA,NA,NA,NA,NA,NA,NA,NA,8.135
St.Andrews,1955,NA,NA,NA,NA,NA,NA,NA,NA,7.652
St.Andrews,1956,NA,NA,NA,NA,NA,NA,NA,NA,6.744
St.Andrews,1957,NA,NA,NA,NA,NA,NA,NA,NA,7.394
St.Andrews,1958,NA,NA,NA,NA,NA,NA,NA,NA,7.435
St.Andrews,1959,NA,NA,NA,NA,NA,NA,NA,NA,6.61
St.Andrews,1960,NA,NA,NA,NA,NA,NA,NA,NA,7.377
St.Andrews,1961,NA,NA,NA,NA,NA,NA,NA,NA,6.71
St.Andrews,1962,NA,NA,NA,NA,NA,NA,NA,NA,6.76
St.Andrews,1963,NA,NA,NA,NA,NA,NA,NA,NA,7.227
St.Andrews,1964,NA,NA,NA,NA,NA,NA,NA,NA,6.452
St.Andrews,1965,NA,NA,NA,NA,NA,NA,NA,NA,6.235
St.Andrews,1966,NA,NA,NA,NA,NA,NA,NA,NA,6.785
St.Andrews,1967,NA,NA,NA,NA,NA,NA,NA,NA,6.21
St.Andrews,1968,NA,NA,NA,NA,NA,NA,NA,NA,6.869
St.Andrews,1969,NA,NA,NA,NA,NA,NA,NA,NA,7.56
St.Andrews,1970,NA,NA,NA,NA,NA,NA,NA,NA,7.594
St.Andrews,1971,NA,NA,NA,NA,NA,NA,NA,NA,7.569
St.Andrews,1972,NA,NA,NA,NA,NA,NA,NA,NA,6.819
St.Andrews,1973,NA,NA,NA,NA,NA,NA,NA,NA,7.31
St.Andrews,1974,NA,NA,NA,NA,NA,NA,NA,NA,7.219
St.Andrews,1975,NA,NA,NA,NA,NA,NA,NA,NA,6.952
St.Andrews,1976,NA,NA,NA,NA,NA,NA,NA,NA,8.285
St.Andrews,1977,NA,NA,NA,NA,NA,NA,NA,NA,6.96
St.Andrews,1978,NA,NA,NA,NA,NA,NA,NA,NA,7.302
St.Andrews,1979,NA,NA,NA,NA,NA,NA,NA,NA,7.719
St.Andrews,1980,NA,NA,NA,NA,NA,NA,NA,NA,7.027
St.Andrews,1981,NA,NA,NA,NA,NA,NA,NA,NA,7.319
St.Andrews,1982,NA,NA,NA,NA,NA,NA,NA,NA,7.369
St.Andrews,1983,NA,NA,NA,NA,NA,NA,NA,NA,7.96
St.Andrews,1984,NA,NA,NA,NA,NA,NA,NA,NA,7.335
St.Andrews,1985,NA,NA,NA,NA,NA,NA,NA,NA,6.705
St.Andrews,1986,NA,NA,NA,NA,NA,NA,NA,NA,6.835
St.Andrews,1987,NA,NA,NA,NA,NA,NA,NA,NA,6.896
St.Andrews,1988,NA,NA,NA,NA,NA,NA,NA,NA,6.069
St.Andrews,1989,NA,NA,NA,NA,NA,NA,NA,NA,6.477
St.Andrews,1990,NA,NA,NA,NA,NA,NA,NA,NA,6.994
St.Andrews,1991,NA,NA,NA,NA,NA,NA,NA,NA,7.152
St.Andrews,1992,NA,NA,NA,NA,NA,NA,NA,NA,7.169
St.Andrews,1993,NA,NA,NA,NA,NA,NA,NA,NA,6.677
St.Andrews,1994,NA,NA,NA,NA,NA,NA,NA,NA,7.635
St.Andrews,1995,NA,NA,NA,NA,NA,NA,NA,NA,7.585
St.Andrews,1996,NA,NA,NA,NA,NA,NA,NA,NA,7.315
St.Andrews,1997,NA,NA,NA,NA,NA,NA,NA,NA,7.227
St.Andrews,1998,NA,NA,NA,NA,NA,NA,NA,NA,7.557
St.Andrews,1999,NA,NA,NA,NA,NA,NA,NA,NA,8.203
St.Andrews,2000,NA,NA,NA,NA,NA,NA,NA,NA,8.104
St.Andrews,2001,NA,NA,NA,NA,NA,NA,NA,NA,7.176
St.Andrews,2002,NA,NA,NA,NA,NA,NA,NA,NA,7.91
St.Andrews,2003,NA,NA,NA,NA,NA,NA,NA,NA,6.952
St.Andrews,2004,NA,NA,NA,NA,NA,NA,NA,NA,6.449
St.Andrews,2005,NA,NA,NA,NA,NA,NA,NA,NA,7.195
St.Andrews,2006,NA,NA,NA,NA,NA,NA,NA,NA,8.585
St.Andrews,2007,NA,NA,NA,NA,NA,NA,NA,NA,7.229
St.Andrews,2008,NA,NA,NA,NA,NA,NA,NA,NA,7.443
St.Andrews,2009,NA,NA,NA,NA,NA,NA,NA,NA,7.486
St.Andrews,2010,NA,NA,NA,NA,NA,NA,NA,NA,8.356
St.Andrews,2011,NA,NA,NA,NA,NA,NA,NA,NA,8.26
St.Andrews,2012,NA,NA,NA,NA,NA,NA,NA,NA,9.163
St.Andrews,2013,NA,NA,NA,NA,NA,NA,NA,NA,8.329
St.Andrews,2014,NA,NA,NA,NA,NA,NA,NA,NA,7.914
St.Andrews,2015,NA,NA,NA,NA,NA,NA,NA,NA,7.591
St.Andrews,2016,NA,NA,NA,NA,NA,NA,NA,NA,8.766
St.Andrews,2017,NA,NA,NA,NA,NA,NA,NA,NA,8.175
St.Andrews,2018,NA,NA,NA,NA,NA,NA,NA,NA,8.36
St.Andrews,2019,NA,NA,NA,NA,NA,NA,NA,NA,7.698
