year,month,station,sea_surface_height
1920,1,Halifax,0.8
1920,2,Halifax,0.8
1920,3,Halifax,0.7
1920,4,Halifax,0.9
1920,5,Halifax,0.7
1920,6,Halifax,0.8
1920,7,Halifax,0.7
1920,8,Halifax,0.7
1920,9,Halifax,0.8
1920,10,Halifax,0.9
1920,11,Halifax,0.8
1920,12,Halifax,0.9
1921,1,Halifax,0.8
1921,2,Halifax,0.8
1921,3,Halifax,0.7
1921,4,Halifax,0.7
1921,5,Halifax,0.8
1921,6,Halifax,0.8
1921,7,Halifax,0.7
1921,8,Halifax,0.7
1921,9,Halifax,0.8
1921,10,Halifax,0.8
1921,11,Halifax,0.9
1921,12,Halifax,0.9
1922,1,Halifax,0.8
1922,2,Halifax,0.8
1922,3,Halifax,0.8
1922,4,Halifax,0.8
1922,5,Halifax,0.7
1922,6,Halifax,0.7
1922,7,Halifax,0.7
1922,8,Halifax,0.7
1922,9,Halifax,0.7
1922,10,Halifax,0.8
1922,11,Halifax,0.9
1922,12,Halifax,0.9
1923,1,Halifax,0.9
1923,2,Halifax,0.8
1923,3,Halifax,0.8
1923,4,Halifax,0.8
1923,5,Halifax,0.7
1923,6,Halifax,0.8
1923,7,Halifax,0.7
1923,8,Halifax,0.8
1923,9,Halifax,0.8
1923,10,Halifax,0.8
1923,11,Halifax,0.8
1923,12,Halifax,0.8
1924,1,Halifax,0.8
1924,2,Halifax,0.9
1924,3,Halifax,0.9
1924,4,Halifax,0.8
1924,5,Halifax,0.8
1924,6,Halifax,0.8
1924,7,Halifax,0.8
1924,8,Halifax,0.8
1924,9,Halifax,0.8
1924,10,Halifax,0.9
1924,11,Halifax,0.8
1924,12,Halifax,0.8
1925,1,Halifax,0.8
1925,2,Halifax,0.7
1925,3,Halifax,0.7
1925,4,Halifax,0.8
1925,5,Halifax,0.8
1925,6,Halifax,0.8
1925,7,Halifax,0.7
1925,8,Halifax,0.8
1925,9,Halifax,0.8
1925,10,Halifax,0.9
1925,11,Halifax,0.8
1925,12,Halifax,0.8
1926,1,Halifax,0.8
1926,2,Halifax,0.9
1926,3,Halifax,0.7
1926,4,Halifax,0.8
1926,5,Halifax,0.8
1926,6,Halifax,0.7
1926,7,Halifax,0.7
1926,8,Halifax,0.8
1926,9,Halifax,0.8
1926,10,Halifax,0.8
1926,11,Halifax,0.8
1926,12,Halifax,0.9
1927,1,Halifax,0.8
1927,2,Halifax,0.8
1927,3,Halifax,0.8
1927,4,Halifax,0.8
1927,5,Halifax,0.8
1927,6,Halifax,0.8
1927,7,Halifax,0.7
1927,8,Halifax,0.8
1927,9,Halifax,0.8
1927,10,Halifax,0.8
1927,11,Halifax,0.8
1927,12,Halifax,1
1928,1,Halifax,0.8
1928,2,Halifax,0.8
1928,3,Halifax,0.8
1928,4,Halifax,0.8
1928,5,Halifax,0.8
1928,6,Halifax,0.8
1928,7,Halifax,0.8
1928,8,Halifax,0.8
1928,9,Halifax,0.8
1928,10,Halifax,0.8
1928,11,Halifax,0.8
1928,12,Halifax,0.8
1929,1,Halifax,0.8
1929,2,Halifax,0.8
1929,3,Halifax,0.8
1929,4,Halifax,0.8
1929,5,Halifax,0.7
1929,6,Halifax,0.8
1929,7,Halifax,0.7
1929,8,Halifax,0.8
1929,9,Halifax,0.7
1929,10,Halifax,0.7
1929,11,Halifax,0.8
1929,12,Halifax,0.8
1930,1,Halifax,0.7
1930,2,Halifax,0.8
1930,3,Halifax,0.8
1930,4,Halifax,0.7
1930,5,Halifax,0.8
1930,6,Halifax,0.7
1930,7,Halifax,0.8
1930,8,Halifax,0.8
1930,9,Halifax,0.8
1930,10,Halifax,0.9
1930,11,Halifax,0.8
1930,12,Halifax,0.8
1931,1,Halifax,0.9
1931,2,Halifax,0.8
1931,3,Halifax,0.9
1931,4,Halifax,0.8
1931,5,Halifax,0.7
1931,6,Halifax,0.8
1931,7,Halifax,0.8
1931,8,Halifax,0.8
1931,9,Halifax,0.8
1931,10,Halifax,0.9
1931,11,Halifax,0.8
1931,12,Halifax,0.9
1932,1,Halifax,0.9
1932,2,Halifax,0.9
1932,3,Halifax,0.9
1932,4,Halifax,0.8
1932,5,Halifax,0.8
1932,6,Halifax,0.8
1932,7,Halifax,0.8
1932,8,Halifax,0.8
1932,9,Halifax,0.9
1932,10,Halifax,0.8
1932,11,Halifax,0.8
1932,12,Halifax,0.9
1933,1,Halifax,0.9
1933,2,Halifax,0.9
1933,3,Halifax,0.9
1933,4,Halifax,0.8
1933,5,Halifax,0.8
1933,6,Halifax,0.8
1933,7,Halifax,0.8
1933,8,Halifax,0.8
1933,9,Halifax,0.8
1933,10,Halifax,0.8
1933,11,Halifax,0.9
1933,12,Halifax,0.9
1934,1,Halifax,0.8
1934,2,Halifax,0.8
1934,3,Halifax,0.7
1934,4,Halifax,0.8
1934,5,Halifax,0.7
1934,6,Halifax,0.8
1934,7,Halifax,0.8
1934,8,Halifax,0.8
1934,9,Halifax,0.8
1934,10,Halifax,0.9
1934,11,Halifax,0.8
1934,12,Halifax,0.9
1935,1,Halifax,0.9
1935,2,Halifax,0.8
1935,3,Halifax,0.8
1935,4,Halifax,0.8
1935,5,Halifax,0.8
1935,6,Halifax,0.8
1935,7,Halifax,0.8
1935,8,Halifax,0.8
1935,9,Halifax,0.8
1935,10,Halifax,0.8
1935,11,Halifax,0.9
1935,12,Halifax,1
1936,1,Halifax,0.9
1936,2,Halifax,0.9
1936,3,Halifax,0.8
1936,4,Halifax,0.8
1936,5,Halifax,0.8
1936,6,Halifax,0.8
1936,7,Halifax,0.8
1936,8,Halifax,0.8
1936,9,Halifax,0.8
1936,10,Halifax,0.8
1936,11,Halifax,0.9
1936,12,Halifax,0.8
1937,1,Halifax,0.8
1937,2,Halifax,0.9
1937,3,Halifax,0.8
1937,4,Halifax,0.8
1937,5,Halifax,0.8
1937,6,Halifax,0.8
1937,7,Halifax,0.8
1937,8,Halifax,0.8
1937,9,Halifax,0.8
1937,10,Halifax,0.8
1937,11,Halifax,0.9
1937,12,Halifax,0.9
1938,1,Halifax,0.9
1938,2,Halifax,0.9
1938,3,Halifax,0.9
1938,4,Halifax,0.8
1938,5,Halifax,0.8
1938,6,Halifax,0.8
1938,7,Halifax,0.8
1938,8,Halifax,0.8
1938,9,Halifax,0.8
1938,10,Halifax,0.9
1938,11,Halifax,0.9
1938,12,Halifax,0.9
1939,1,Halifax,0.9
1939,2,Halifax,0.8
1939,3,Halifax,0.8
1939,4,Halifax,0.8
1939,5,Halifax,0.8
1939,6,Halifax,0.8
1939,7,Halifax,0.8
1939,8,Halifax,0.8
1939,9,Halifax,0.9
1939,10,Halifax,0.9
1939,11,Halifax,0.9
1939,12,Halifax,1
1940,1,Halifax,0.9
1940,2,Halifax,1
1940,3,Halifax,0.9
1940,4,Halifax,0.8
1940,5,Halifax,0.8
1940,6,Halifax,0.9
1940,7,Halifax,0.8
1940,8,Halifax,0.8
1940,9,Halifax,0.8
1940,10,Halifax,0.9
1940,11,Halifax,0.9
1940,12,Halifax,0.9
1941,1,Halifax,0.9
1941,2,Halifax,0.9
1941,3,Halifax,0.9
1941,4,Halifax,0.8
1941,5,Halifax,0.9
1941,6,Halifax,0.9
1941,7,Halifax,0.8
1941,8,Halifax,0.9
1941,9,Halifax,0.9
1941,10,Halifax,0.9
1941,11,Halifax,0.9
1941,12,Halifax,0.9
1942,1,Halifax,0.9
1942,2,Halifax,1
1942,3,Halifax,0.9
1942,4,Halifax,0.9
1942,5,Halifax,0.8
1942,6,Halifax,0.9
1942,7,Halifax,0.8
1942,8,Halifax,0.8
1942,9,Halifax,0.9
1942,10,Halifax,0.9
1942,11,Halifax,0.9
1942,12,Halifax,1
1943,1,Halifax,0.9
1943,2,Halifax,0.9
1943,3,Halifax,0.8
1943,4,Halifax,0.8
1943,5,Halifax,0.8
1943,6,Halifax,0.9
1943,7,Halifax,0.8
1943,8,Halifax,0.9
1943,9,Halifax,0.9
1943,10,Halifax,0.9
1943,11,Halifax,0.9
1943,12,Halifax,0.9
1944,1,Halifax,0.9
1944,2,Halifax,0.9
1944,3,Halifax,0.9
1944,4,Halifax,0.9
1944,5,Halifax,0.8
1944,6,Halifax,0.9
1944,7,Halifax,0.9
1944,8,Halifax,0.9
1944,9,Halifax,0.8
1944,10,Halifax,0.9
1944,11,Halifax,1
1944,12,Halifax,0.9
1945,1,Halifax,0.9
1945,2,Halifax,0.9
1945,3,Halifax,0.9
1945,4,Halifax,0.9
1945,5,Halifax,0.9
1945,6,Halifax,0.9
1945,7,Halifax,0.8
1945,8,Halifax,0.8
1945,9,Halifax,0.8
1945,10,Halifax,0.9
1945,11,Halifax,1
1945,12,Halifax,1
1946,1,Halifax,0.9
1946,2,Halifax,0.9
1946,3,Halifax,0.9
1946,4,Halifax,0.9
1946,5,Halifax,0.8
1946,6,Halifax,0.8
1946,7,Halifax,0.8
1946,8,Halifax,0.9
1946,9,Halifax,0.8
1946,10,Halifax,0.9
1946,11,Halifax,1
1946,12,Halifax,0.9
1947,1,Halifax,0.9
1947,2,Halifax,1
1947,3,Halifax,1
1947,4,Halifax,0.9
1947,5,Halifax,0.9
1947,6,Halifax,0.9
1947,7,Halifax,0.9
1947,8,Halifax,0.8
1947,9,Halifax,0.9
1947,10,Halifax,0.9
1947,11,Halifax,1.1
1947,12,Halifax,1
1948,1,Halifax,1
1948,2,Halifax,0.9
1948,3,Halifax,0.9
1948,4,Halifax,0.9
1948,5,Halifax,0.9
1948,6,Halifax,0.9
1948,7,Halifax,0.9
1948,8,Halifax,0.9
1948,9,Halifax,0.9
1948,10,Halifax,0.9
1948,11,Halifax,0.9
1948,12,Halifax,1
1949,1,Halifax,0.9
1949,2,Halifax,0.9
1949,3,Halifax,0.8
1949,4,Halifax,0.9
1949,5,Halifax,0.9
1949,6,Halifax,0.8
1949,7,Halifax,0.9
1949,8,Halifax,0.9
1949,9,Halifax,0.9
1949,10,Halifax,0.9
1949,11,Halifax,0.9
1949,12,Halifax,0.8
1950,1,Halifax,0.9
1950,2,Halifax,0.9
1950,3,Halifax,0.9
1950,4,Halifax,0.9
1950,5,Halifax,0.8
1950,6,Halifax,0.8
1950,7,Halifax,0.8
1950,8,Halifax,0.8
1950,9,Halifax,0.9
1950,10,Halifax,0.9
1950,11,Halifax,0.9
1950,12,Halifax,0.9
1951,1,Halifax,0.9
1951,2,Halifax,0.9
1951,3,Halifax,0.9
1951,4,Halifax,0.9
1951,5,Halifax,0.9
1951,6,Halifax,0.9
1951,7,Halifax,0.9
1951,8,Halifax,0.9
1951,9,Halifax,0.9
1951,10,Halifax,0.9
1951,11,Halifax,1
1951,12,Halifax,1
1952,1,Halifax,1
1952,2,Halifax,1
1952,3,Halifax,0.9
1952,4,Halifax,0.9
1952,5,Halifax,1
1952,6,Halifax,0.9
1952,7,Halifax,0.8
1952,8,Halifax,0.9
1952,9,Halifax,0.9
1952,10,Halifax,0.9
1952,11,Halifax,1
1952,12,Halifax,1
1953,1,Halifax,1
1953,2,Halifax,0.9
1953,3,Halifax,0.9
1953,4,Halifax,0.9
1953,5,Halifax,0.9
1953,6,Halifax,0.9
1953,7,Halifax,0.9
1953,8,Halifax,0.9
1953,9,Halifax,0.9
1953,10,Halifax,0.9
1953,11,Halifax,0.9
1953,12,Halifax,1
1954,1,Halifax,1
1954,2,Halifax,1
1954,3,Halifax,0.9
1954,4,Halifax,0.8
1954,5,Halifax,0.9
1954,6,Halifax,0.9
1954,7,Halifax,0.9
1954,8,Halifax,0.9
1954,9,Halifax,0.9
1954,10,Halifax,0.9
1954,11,Halifax,0.9
1954,12,Halifax,0.9
1955,1,Halifax,1.1
1955,2,Halifax,0.9
1955,3,Halifax,0.9
1955,4,Halifax,0.9
1955,5,Halifax,0.9
1955,6,Halifax,0.9
1955,7,Halifax,0.9
1955,8,Halifax,0.9
1955,9,Halifax,0.9
1955,10,Halifax,0.9
1955,11,Halifax,1
1955,12,Halifax,1
1956,1,Halifax,1
1956,2,Halifax,0.9
1956,3,Halifax,0.9
1956,4,Halifax,0.9
1956,5,Halifax,0.9
1956,6,Halifax,0.9
1956,7,Halifax,0.9
1956,8,Halifax,0.9
1956,9,Halifax,0.9
1956,10,Halifax,0.9
1956,11,Halifax,0.9
1956,12,Halifax,0.9
1957,1,Halifax,0.9
1957,2,Halifax,0.9
1957,3,Halifax,1
1957,4,Halifax,0.9
1957,5,Halifax,0.9
1957,6,Halifax,0.9
1957,7,Halifax,0.9
1957,8,Halifax,0.9
1957,9,Halifax,0.9
1957,10,Halifax,0.9
1957,11,Halifax,0.9
1957,12,Halifax,0.9
1958,1,Halifax,1
1958,2,Halifax,1.1
1958,3,Halifax,1.1
1958,4,Halifax,1
1958,5,Halifax,0.8
1958,6,Halifax,0.9
1958,7,Halifax,0.9
1958,8,Halifax,0.9
1958,9,Halifax,0.9
1958,10,Halifax,0.9
1958,11,Halifax,1
1958,12,Halifax,1
1959,1,Halifax,1
1959,2,Halifax,0.9
1959,3,Halifax,0.9
1959,4,Halifax,0.9
1959,5,Halifax,0.8
1959,6,Halifax,0.9
1959,7,Halifax,0.8
1959,8,Halifax,0.9
1959,9,Halifax,0.9
1959,10,Halifax,0.9
1959,11,Halifax,0.9
1959,12,Halifax,1
1960,1,Halifax,1
1960,2,Halifax,1
1960,3,Halifax,1
1960,4,Halifax,0.9
1960,5,Halifax,0.9
1960,6,Halifax,0.9
1960,7,Halifax,0.9
1960,8,Halifax,0.9
1960,9,Halifax,0.9
1960,10,Halifax,1
1960,11,Halifax,0.9
1960,12,Halifax,0.9
1961,1,Halifax,1
1961,2,Halifax,0.9
1961,3,Halifax,1
1961,4,Halifax,1
1961,5,Halifax,0.9
1961,6,Halifax,0.8
1961,7,Halifax,0.9
1961,8,Halifax,0.8
1961,9,Halifax,0.9
1961,10,Halifax,0.9
1961,11,Halifax,1
1961,12,Halifax,1
1962,1,Halifax,0.9
1962,2,Halifax,0.9
1962,3,Halifax,1
1962,4,Halifax,0.9
1962,5,Halifax,0.9
1962,6,Halifax,0.9
1962,7,Halifax,0.9
1962,8,Halifax,0.9
1962,9,Halifax,0.9
1962,10,Halifax,1
1962,11,Halifax,1
1962,12,Halifax,1
1963,1,Halifax,1
1963,2,Halifax,0.9
1963,3,Halifax,0.9
1963,4,Halifax,1
1963,5,Halifax,0.8
1963,6,Halifax,0.9
1963,7,Halifax,0.9
1963,8,Halifax,0.9
1963,9,Halifax,0.9
1963,10,Halifax,0.9
1963,11,Halifax,1
1963,12,Halifax,1
1964,1,Halifax,1
1964,2,Halifax,1
1964,3,Halifax,1
1964,4,Halifax,0.8
1964,5,Halifax,0.9
1964,6,Halifax,0.9
1964,7,Halifax,0.9
1964,8,Halifax,0.9
1964,9,Halifax,0.9
1964,10,Halifax,1
1964,11,Halifax,1
1964,12,Halifax,1
1965,1,Halifax,1
1965,2,Halifax,1
1965,3,Halifax,0.9
1965,4,Halifax,0.9
1965,5,Halifax,0.9
1965,6,Halifax,0.9
1965,7,Halifax,0.9
1965,8,Halifax,0.8
1965,9,Halifax,0.9
1965,10,Halifax,1
1965,11,Halifax,1
1965,12,Halifax,1
1966,1,Halifax,1.1
1966,2,Halifax,1
1966,3,Halifax,0.9
1966,4,Halifax,0.9
1966,5,Halifax,0.9
1966,6,Halifax,0.9
1966,7,Halifax,0.9
1966,8,Halifax,0.9
1966,9,Halifax,1
1966,10,Halifax,0.9
1966,11,Halifax,0.9
1966,12,Halifax,1
1967,1,Halifax,1
1967,2,Halifax,1
1967,3,Halifax,0.9
1967,4,Halifax,1
1967,5,Halifax,0.9
1967,6,Halifax,0.9
1967,7,Halifax,0.9
1967,8,Halifax,0.9
1967,9,Halifax,0.9
1967,10,Halifax,0.9
1967,11,Halifax,1
1967,12,Halifax,1
1968,1,Halifax,1
1968,2,Halifax,1
1968,3,Halifax,0.9
1968,4,Halifax,0.9
1968,5,Halifax,0.9
1968,6,Halifax,0.9
1968,7,Halifax,0.9
1968,8,Halifax,1
1968,9,Halifax,0.9
1968,10,Halifax,1
1968,11,Halifax,1.1
1968,12,Halifax,1.1
1969,1,Halifax,1
1969,2,Halifax,1
1969,3,Halifax,1
1969,4,Halifax,0.9
1969,5,Halifax,0.9
1969,6,Halifax,1
1969,7,Halifax,1
1969,8,Halifax,1
1969,9,Halifax,1
1969,10,Halifax,1
1969,11,Halifax,1
1969,12,Halifax,1.1
1970,1,Halifax,1.1
1970,2,Halifax,1
1970,3,Halifax,1
1970,4,Halifax,1
1970,5,Halifax,0.9
1970,6,Halifax,0.9
1970,7,Halifax,0.9
1970,8,Halifax,1
1970,9,Halifax,1
1970,10,Halifax,1
1970,11,Halifax,1.1
1970,12,Halifax,1.2
1971,1,Halifax,1.1
1971,2,Halifax,1
1971,3,Halifax,1
1971,4,Halifax,1
1971,5,Halifax,1
1971,6,Halifax,1
1971,7,Halifax,0.9
1971,8,Halifax,0.9
1971,9,Halifax,0.9
1971,10,Halifax,1
1971,11,Halifax,1.1
1971,12,Halifax,1
1972,1,Halifax,1
1972,2,Halifax,1
1972,3,Halifax,1
1972,4,Halifax,1
1972,5,Halifax,1
1972,6,Halifax,1
1972,7,Halifax,1
1972,8,Halifax,0.9
1972,9,Halifax,1
1972,10,Halifax,1
1972,11,Halifax,1.1
1972,12,Halifax,1.1
1973,1,Halifax,1.1
1973,2,Halifax,1
1973,3,Halifax,1
1973,4,Halifax,1
1973,5,Halifax,0.9
1973,6,Halifax,0.9
1973,7,Halifax,1
1973,8,Halifax,1
1973,9,Halifax,1
1973,10,Halifax,1
1973,11,Halifax,1
1973,12,Halifax,1
1974,1,Halifax,1.1
1974,2,Halifax,1
1974,3,Halifax,1
1974,4,Halifax,1
1974,5,Halifax,1
1974,6,Halifax,0.9
1974,7,Halifax,1
1974,8,Halifax,0.9
1974,9,Halifax,1
1974,10,Halifax,0.9
1974,11,Halifax,1
1974,12,Halifax,1
1975,1,Halifax,1
1975,2,Halifax,1
1975,3,Halifax,1
1975,4,Halifax,1
1975,5,Halifax,1
1975,6,Halifax,1
1975,7,Halifax,0.9
1975,8,Halifax,1
1975,9,Halifax,0.9
1975,10,Halifax,1
1975,11,Halifax,1
1975,12,Halifax,1
1976,1,Halifax,1
1976,2,Halifax,0.9
1976,3,Halifax,1
1976,4,Halifax,0.9
1976,5,Halifax,0.9
1976,6,Halifax,0.9
1976,7,Halifax,1
1976,8,Halifax,0.9
1976,9,Halifax,1
1976,10,Halifax,1
1976,11,Halifax,1.1
1976,12,Halifax,1
1977,1,Halifax,1
1977,2,Halifax,1
1977,3,Halifax,1
1977,4,Halifax,0.9
1977,5,Halifax,1
1977,6,Halifax,1
1977,7,Halifax,0.9
1977,8,Halifax,0.9
1977,9,Halifax,1
1977,10,Halifax,1
1977,11,Halifax,1
1977,12,Halifax,1.1
1978,1,Halifax,1
1978,2,Halifax,1.1
1978,3,Halifax,1
1978,4,Halifax,1.1
1978,5,Halifax,0.9
1978,6,Halifax,0.9
1978,7,Halifax,0.9
1978,8,Halifax,1
1978,9,Halifax,1
1978,10,Halifax,1
1978,11,Halifax,1
1978,12,Halifax,1.1
1979,1,Halifax,1.1
1979,2,Halifax,1.1
1979,3,Halifax,0.9
1979,4,Halifax,0.9
1979,5,Halifax,0.9
1979,6,Halifax,0.9
1979,7,Halifax,0.9
1979,8,Halifax,1
1979,9,Halifax,0.9
1979,10,Halifax,1
1979,11,Halifax,1
1979,12,Halifax,1
1980,1,Halifax,1
1980,2,Halifax,1
1980,3,Halifax,0.9
1980,4,Halifax,1
1980,5,Halifax,1
1980,6,Halifax,1
1980,7,Halifax,0.9
1980,9,Halifax,1
1980,10,Halifax,1
1980,11,Halifax,1.1
1980,12,Halifax,1
1981,1,Halifax,1
1981,2,Halifax,0.9
1981,3,Halifax,1.1
1981,4,Halifax,1
1981,5,Halifax,1
1981,6,Halifax,1
1981,7,Halifax,1
1981,8,Halifax,1
1981,9,Halifax,1
1981,10,Halifax,1
1981,11,Halifax,1.1
1981,12,Halifax,1.1
1982,1,Halifax,1
1982,2,Halifax,1
1982,3,Halifax,1
1982,4,Halifax,0.9
1982,5,Halifax,0.9
1982,6,Halifax,1
1982,7,Halifax,0.9
1982,8,Halifax,0.9
1982,9,Halifax,0.9
1982,10,Halifax,1
1982,11,Halifax,1
1982,12,Halifax,1
1983,1,Halifax,1
1983,2,Halifax,1.1
1983,3,Halifax,1
1983,4,Halifax,1
1983,5,Halifax,0.9
1983,6,Halifax,0.9
1983,7,Halifax,1
1983,8,Halifax,1
1983,9,Halifax,1
1983,10,Halifax,1.1
1983,11,Halifax,1.2
1983,12,Halifax,1
1984,1,Halifax,1
1984,2,Halifax,1
1984,3,Halifax,1
1984,4,Halifax,1.1
1984,5,Halifax,1
1984,6,Halifax,1
1984,7,Halifax,1
1984,8,Halifax,1
1984,9,Halifax,1
1984,10,Halifax,1
1984,11,Halifax,1.1
1984,12,Halifax,1
1985,1,Halifax,1.1
1985,2,Halifax,1
1985,3,Halifax,1
1985,4,Halifax,1
1985,5,Halifax,1
1985,6,Halifax,1
1985,7,Halifax,0.9
1985,8,Halifax,1
1985,9,Halifax,1
1985,10,Halifax,1
1985,11,Halifax,1.1
1985,12,Halifax,1.1
1986,1,Halifax,1
1986,2,Halifax,1
1986,3,Halifax,0.9
1986,4,Halifax,1
1986,5,Halifax,1
1986,6,Halifax,1
1986,7,Halifax,1
1986,8,Halifax,1
1986,9,Halifax,1
1986,10,Halifax,1
1986,11,Halifax,1
1986,12,Halifax,1
1987,1,Halifax,1.1
1987,2,Halifax,1.1
1987,3,Halifax,1
1987,4,Halifax,1
1987,5,Halifax,0.9
1987,6,Halifax,1
1987,7,Halifax,1
1987,8,Halifax,1
1987,9,Halifax,1
1987,10,Halifax,1
1987,11,Halifax,1
1987,12,Halifax,1.1
1988,1,Halifax,1
1988,2,Halifax,1
1988,3,Halifax,1
1988,4,Halifax,1.1
1988,5,Halifax,0.9
1988,6,Halifax,1
1988,7,Halifax,0.9
1988,8,Halifax,1
1988,9,Halifax,1
1988,10,Halifax,1
1988,11,Halifax,1.1
1988,12,Halifax,1.1
1989,1,Halifax,1.1
1989,2,Halifax,1
1989,3,Halifax,1
1989,4,Halifax,1
1989,5,Halifax,0.9
1989,6,Halifax,1
1989,7,Halifax,0.9
1989,8,Halifax,1
1989,9,Halifax,1
1989,10,Halifax,1
1989,11,Halifax,1.1
1989,12,Halifax,1.1
1990,1,Halifax,1
1990,2,Halifax,1
1990,3,Halifax,0.9
1990,4,Halifax,0.9
1990,5,Halifax,1
1990,7,Halifax,0.9
1990,8,Halifax,1
1990,9,Halifax,1
1990,10,Halifax,1
1990,11,Halifax,1.1
1990,12,Halifax,1
1991,1,Halifax,1
1991,2,Halifax,1
1991,3,Halifax,1.1
1991,4,Halifax,1
1991,5,Halifax,1
1991,6,Halifax,1
1991,7,Halifax,1
1991,8,Halifax,1
1991,10,Halifax,1
1991,11,Halifax,1.1
1991,12,Halifax,1.1
1992,1,Halifax,1.1
1992,2,Halifax,1.1
1992,3,Halifax,1
1992,4,Halifax,0.9
1992,5,Halifax,0.9
1992,6,Halifax,1
1992,7,Halifax,1
1992,8,Halifax,0.9
1992,9,Halifax,0.9
1992,10,Halifax,1
1992,11,Halifax,1
1992,12,Halifax,1
1993,1,Halifax,1
1993,2,Halifax,1
1993,3,Halifax,1
1993,4,Halifax,1
1993,5,Halifax,1
1993,8,Halifax,1
1993,9,Halifax,1
1993,10,Halifax,1
1993,11,Halifax,1
1993,12,Halifax,1.1
1994,1,Halifax,1
1994,2,Halifax,1
1994,3,Halifax,1
1994,4,Halifax,0.9
1994,5,Halifax,1
1994,6,Halifax,0.9
1994,7,Halifax,1
1994,8,Halifax,1
1994,9,Halifax,1
1994,10,Halifax,1
1994,11,Halifax,1
1994,12,Halifax,1
1995,1,Halifax,1
1995,2,Halifax,1
1995,3,Halifax,1
1995,4,Halifax,1
1995,5,Halifax,1
1995,6,Halifax,0.9
1995,7,Halifax,1
1995,8,Halifax,1
1995,9,Halifax,1
1995,10,Halifax,1
1995,11,Halifax,1.1
1995,12,Halifax,1.2
1996,1,Halifax,1.1
1996,2,Halifax,1
1996,3,Halifax,1
1996,4,Halifax,1.1
1996,5,Halifax,1
1996,6,Halifax,1
1996,7,Halifax,1
1996,8,Halifax,1
1996,9,Halifax,1.2
1996,10,Halifax,1.1
1996,11,Halifax,1.1
1996,12,Halifax,1.1
1997,1,Halifax,1.1
1997,2,Halifax,1
1997,3,Halifax,1.1
1997,4,Halifax,1.1
1997,5,Halifax,1
1997,6,Halifax,1
1997,7,Halifax,1
1997,8,Halifax,1
1997,9,Halifax,1
1997,10,Halifax,1.1
1997,11,Halifax,1.1
1997,12,Halifax,1.2
1998,1,Halifax,1.1
1998,2,Halifax,1.1
1998,3,Halifax,1
1998,4,Halifax,1.1
1998,5,Halifax,1
1998,6,Halifax,1
1998,7,Halifax,1
1998,8,Halifax,1
1998,9,Halifax,1.1
1998,10,Halifax,1.1
1998,11,Halifax,1.1
1998,12,Halifax,1
1999,1,Halifax,1
1999,2,Halifax,1.1
1999,3,Halifax,1
1999,4,Halifax,1.1
1999,5,Halifax,1
1999,6,Halifax,0.9
1999,7,Halifax,1
1999,8,Halifax,1
1999,9,Halifax,1
1999,10,Halifax,1
1999,11,Halifax,1
1999,12,Halifax,1.1
2000,1,Halifax,1.1
2000,2,Halifax,1
2000,3,Halifax,1
2000,4,Halifax,1
2000,5,Halifax,1
2000,6,Halifax,1
2000,7,Halifax,1
2000,8,Halifax,1
2000,9,Halifax,1
2000,10,Halifax,1.1
2000,11,Halifax,1.2
2000,12,Halifax,1.1
2001,2,Halifax,0.9
2001,3,Halifax,1
2001,4,Halifax,1
2001,5,Halifax,1
2001,6,Halifax,1
2001,7,Halifax,1
2001,8,Halifax,1
2001,9,Halifax,1
2001,10,Halifax,1
2001,11,Halifax,1.1
2001,12,Halifax,1.1
2002,1,Halifax,1.1
2002,2,Halifax,1.1
2002,3,Halifax,0.9
2002,4,Halifax,1
2002,5,Halifax,1
2002,6,Halifax,1
2002,7,Halifax,1
2002,8,Halifax,0.9
2002,9,Halifax,1
2002,10,Halifax,1
2002,11,Halifax,1
2002,12,Halifax,1.1
2003,1,Halifax,1.1
2003,2,Halifax,1
2003,3,Halifax,1
2003,4,Halifax,1
2003,5,Halifax,1
2003,6,Halifax,1
2003,7,Halifax,1
2003,8,Halifax,1
2003,9,Halifax,1
2004,2,Halifax,1.1
2004,3,Halifax,1
2004,4,Halifax,1
2004,5,Halifax,1
2004,6,Halifax,1.1
2004,7,Halifax,1
2004,8,Halifax,1
2004,10,Halifax,1.1
2004,11,Halifax,1.1
2004,12,Halifax,1.1
2005,1,Halifax,1.1
2005,2,Halifax,1
2005,3,Halifax,1.1
2005,4,Halifax,1.1
2005,5,Halifax,1.1
2005,6,Halifax,1
2005,7,Halifax,1
2005,8,Halifax,1
2005,9,Halifax,1
2005,10,Halifax,1.1
2005,11,Halifax,1.1
2005,12,Halifax,1.1
2006,1,Halifax,1.1
2006,2,Halifax,1.1
2006,3,Halifax,1.1
2006,4,Halifax,1.1
2006,7,Halifax,1
2006,8,Halifax,1
2006,9,Halifax,1.1
2006,10,Halifax,1.1
2006,11,Halifax,1
2006,12,Halifax,1.1
2007,1,Halifax,1.1
2007,2,Halifax,1.1
2007,3,Halifax,1
2007,4,Halifax,1
2007,5,Halifax,1
2007,6,Halifax,1.1
2007,7,Halifax,1
2007,8,Halifax,1
2007,9,Halifax,1
2007,10,Halifax,1.1
2007,11,Halifax,1
2007,12,Halifax,1
2008,1,Halifax,1
2008,2,Halifax,1
2008,3,Halifax,1
2008,4,Halifax,1
2008,5,Halifax,1.1
2008,6,Halifax,1.1
2008,7,Halifax,1
2008,8,Halifax,1.1
2008,9,Halifax,1
2008,10,Halifax,1.1
2008,11,Halifax,1.1
2008,12,Halifax,1
2009,1,Halifax,1.1
2009,2,Halifax,1.2
2009,3,Halifax,1
2009,4,Halifax,1
2009,5,Halifax,1
2009,6,Halifax,1.1
2009,7,Halifax,1.1
2009,8,Halifax,1
2009,9,Halifax,1.1
2009,10,Halifax,1.2
2009,11,Halifax,1.1
2009,12,Halifax,1.2
2010,1,Halifax,1.2
2010,2,Halifax,1.3
2010,3,Halifax,1.2
2010,4,Halifax,1.1
2010,5,Halifax,1.1
2010,6,Halifax,1.1
2010,7,Halifax,1.1
2010,8,Halifax,1.1
2010,9,Halifax,1.1
2010,10,Halifax,1.2
2010,11,Halifax,1.2
2010,12,Halifax,1.3
2011,1,Halifax,1.2
2011,2,Halifax,1.2
2011,3,Halifax,1.1
2011,4,Halifax,1.1
2011,5,Halifax,1.1
2011,6,Halifax,1.1
2011,7,Halifax,1.1
2011,8,Halifax,1.1
2011,9,Halifax,1.1
2011,10,Halifax,1.2
2011,11,Halifax,1.1
2011,12,Halifax,1.1
2012,1,Halifax,1.1
2012,2,Halifax,1.1
2012,3,Halifax,1.1
2012,4,Halifax,1.1
2012,5,Halifax,1
2012,6,Halifax,1.1
2012,7,Halifax,1.1
2012,8,Halifax,1.1
2012,9,Halifax,1
2012,10,Halifax,1.1
2012,11,Halifax,1.1
2012,12,Halifax,1.1
2013,1,Halifax,1.1
2013,2,Halifax,1.1
2013,3,Halifax,1.2
2013,4,Halifax,1
2013,5,Halifax,1
2013,6,Halifax,1.1
2013,9,Halifax,1.1
2013,10,Halifax,1.2
2013,11,Halifax,1.1
2013,12,Halifax,1.1
2014,1,Halifax,1.1
2014,2,Halifax,1.1
2014,3,Halifax,1.1
2014,4,Halifax,1.1
2014,5,Halifax,1.1
2014,6,Halifax,1.1
2014,7,Halifax,1
2014,8,Halifax,1.1
2014,9,Halifax,1.1
2014,10,Halifax,1.2
2014,11,Halifax,1.2
2014,12,Halifax,1.1
2015,1,Halifax,1.1
2015,2,Halifax,1.1
2015,3,Halifax,1.1
2015,4,Halifax,1.1
2015,5,Halifax,1
2015,6,Halifax,1.1
2015,7,Halifax,1.1
2015,8,Halifax,1.1
2015,9,Halifax,1.1
2015,10,Halifax,1.1
2015,11,Halifax,1.1
2015,12,Halifax,1.1
2016,1,Halifax,1.2
2016,2,Halifax,1.1
2016,3,Halifax,1.1
2016,4,Halifax,1.1
2016,5,Halifax,1.1
2016,6,Halifax,1.1
2016,7,Halifax,1.1
2016,8,Halifax,1.1
2016,9,Halifax,1.1
2016,10,Halifax,1.2
2016,11,Halifax,1.2
2016,12,Halifax,1.2
2017,1,Halifax,1.1
2017,2,Halifax,1.2
2017,3,Halifax,1.1
2017,4,Halifax,1.1
2017,5,Halifax,1.2
2017,6,Halifax,1.1
2017,7,Halifax,1.1
2017,8,Halifax,1.1
2017,9,Halifax,1.1
2017,10,Halifax,1.1
2017,11,Halifax,1.2
2017,12,Halifax,1.1
2018,1,Halifax,1.1
2018,2,Halifax,1.1
2018,3,Halifax,1.3
2018,4,Halifax,1.1
2018,5,Halifax,1.1
2018,6,Halifax,1.2
2018,7,Halifax,1.1
2018,8,Halifax,1.1
2018,9,Halifax,1.1
2018,10,Halifax,1.2
2018,11,Halifax,1.2
2018,12,Halifax,1.2
2019,1,Halifax,1.2
2019,2,Halifax,1.1
2019,3,Halifax,1.1
2019,4,Halifax,1.1
2019,5,Halifax,1.1
2019,6,Halifax,1.1
2019,7,Halifax,1.2
2019,8,Halifax,1.1
2019,9,Halifax,1.1
2019,10,Halifax,1.2
2019,11,Halifax,1.2
1970,1,North Sydney,0.9
1970,2,North Sydney,0.7
1970,3,North Sydney,0.7
1970,4,North Sydney,0.7
1970,5,North Sydney,0.6
1970,6,North Sydney,0.7
1970,7,North Sydney,0.7
1970,8,North Sydney,0.8
1970,9,North Sydney,0.8
1970,10,North Sydney,0.7
1970,11,North Sydney,0.8
1970,12,North Sydney,0.9
1971,1,North Sydney,0.9
1971,2,North Sydney,0.7
1971,3,North Sydney,0.8
1971,4,North Sydney,0.7
1971,5,North Sydney,0.7
1971,6,North Sydney,0.7
1971,7,North Sydney,0.7
1971,8,North Sydney,0.7
1971,9,North Sydney,0.7
1971,10,North Sydney,0.8
1971,11,North Sydney,0.8
1971,12,North Sydney,0.8
1972,1,North Sydney,0.8
1972,2,North Sydney,0.7
1972,3,North Sydney,0.7
1972,4,North Sydney,0.7
1972,5,North Sydney,0.7
1972,6,North Sydney,0.7
1972,7,North Sydney,0.7
1972,8,North Sydney,0.7
1972,9,North Sydney,0.8
1972,10,North Sydney,0.7
1972,11,North Sydney,0.8
1972,12,North Sydney,0.9
1973,1,North Sydney,0.9
1973,2,North Sydney,0.7
1973,3,North Sydney,0.7
1973,4,North Sydney,0.7
1973,5,North Sydney,0.6
1973,6,North Sydney,0.7
1973,7,North Sydney,0.7
1973,8,North Sydney,0.7
1973,9,North Sydney,0.8
1973,10,North Sydney,0.8
1973,11,North Sydney,0.8
1973,12,North Sydney,0.7
1974,1,North Sydney,0.8
1974,2,North Sydney,0.8
1974,3,North Sydney,0.7
1974,4,North Sydney,0.7
1974,5,North Sydney,0.7
1974,6,North Sydney,0.6
1974,7,North Sydney,0.7
1974,8,North Sydney,0.7
1974,9,North Sydney,0.7
1974,10,North Sydney,0.7
1974,11,North Sydney,0.7
1974,12,North Sydney,0.8
1975,1,North Sydney,0.7
1975,2,North Sydney,0.7
1975,3,North Sydney,0.7
1975,4,North Sydney,0.7
1975,5,North Sydney,0.7
1975,6,North Sydney,0.7
1975,7,North Sydney,0.7
1975,8,North Sydney,0.7
1975,9,North Sydney,0.7
1975,10,North Sydney,0.8
1975,11,North Sydney,0.8
1975,12,North Sydney,0.7
1976,1,North Sydney,0.8
1976,2,North Sydney,0.7
1976,3,North Sydney,0.7
1976,4,North Sydney,0.7
1976,5,North Sydney,0.6
1976,6,North Sydney,0.7
1976,7,North Sydney,0.7
1976,8,North Sydney,0.7
1976,10,North Sydney,0.8
1976,11,North Sydney,0.9
1976,12,North Sydney,0.8
1977,1,North Sydney,0.8
1977,2,North Sydney,0.7
1977,3,North Sydney,0.7
1977,4,North Sydney,0.7
1977,5,North Sydney,0.7
1977,6,North Sydney,0.7
1977,7,North Sydney,0.7
1977,8,North Sydney,0.7
1977,10,North Sydney,0.8
1977,11,North Sydney,0.7
1977,12,North Sydney,0.8
1978,1,North Sydney,0.8
1978,2,North Sydney,0.8
1978,3,North Sydney,0.7
1978,4,North Sydney,0.8
1978,6,North Sydney,0.6
1978,7,North Sydney,0.7
1978,8,North Sydney,0.7
1978,9,North Sydney,0.8
1978,10,North Sydney,0.7
1978,11,North Sydney,0.8
1978,12,North Sydney,0.9
1979,2,North Sydney,0.8
1979,4,North Sydney,0.7
1979,5,North Sydney,0.6
1979,6,North Sydney,0.6
1979,7,North Sydney,0.7
1979,8,North Sydney,0.7
1979,10,North Sydney,0.8
1979,11,North Sydney,0.7
1979,12,North Sydney,0.8
1980,1,North Sydney,0.8
1980,2,North Sydney,0.8
1980,3,North Sydney,0.5
1980,4,North Sydney,0.6
1980,5,North Sydney,0.6
1980,6,North Sydney,0.6
1980,7,North Sydney,0.7
1980,8,North Sydney,0.7
1980,9,North Sydney,0.7
1980,10,North Sydney,0.8
1980,11,North Sydney,0.9
1980,12,North Sydney,0.8
1981,1,North Sydney,0.8
1981,2,North Sydney,0.7
1981,3,North Sydney,0.8
1981,4,North Sydney,0.7
1981,5,North Sydney,0.7
1981,7,North Sydney,0.7
1981,8,North Sydney,0.8
1981,9,North Sydney,0.7
1981,10,North Sydney,0.8
1981,11,North Sydney,0.8
1981,12,North Sydney,0.8
1982,1,North Sydney,0.8
1982,2,North Sydney,0.7
1982,3,North Sydney,0.6
1982,4,North Sydney,0.6
1982,5,North Sydney,0.6
1982,6,North Sydney,0.6
1982,7,North Sydney,0.7
1982,8,North Sydney,0.7
1982,9,North Sydney,0.7
1982,10,North Sydney,0.8
1982,11,North Sydney,0.7
1982,12,North Sydney,0.8
1983,1,North Sydney,0.7
1983,2,North Sydney,0.8
1983,3,North Sydney,0.8
1983,4,North Sydney,0.6
1983,5,North Sydney,0.6
1983,6,North Sydney,0.7
1983,7,North Sydney,0.8
1983,8,North Sydney,0.8
1983,9,North Sydney,0.8
1983,10,North Sydney,0.8
1983,11,North Sydney,0.9
1983,12,North Sydney,0.9
1984,1,North Sydney,0.7
1984,2,North Sydney,0.7
1984,3,North Sydney,0.7
1984,4,North Sydney,0.8
1984,5,North Sydney,0.7
1984,6,North Sydney,0.7
1984,7,North Sydney,0.7
1984,8,North Sydney,0.8
1984,9,North Sydney,0.8
1984,10,North Sydney,0.8
1984,11,North Sydney,0.9
1984,12,North Sydney,0.8
1985,1,North Sydney,1
1985,2,North Sydney,0.8
1985,3,North Sydney,0.8
1985,4,North Sydney,0.7
1985,5,North Sydney,0.7
1985,6,North Sydney,0.7
1985,7,North Sydney,0.7
1985,8,North Sydney,0.7
1985,9,North Sydney,0.7
1985,10,North Sydney,0.8
1985,11,North Sydney,0.8
1985,12,North Sydney,0.9
1986,1,North Sydney,0.8
1986,2,North Sydney,0.8
1986,3,North Sydney,0.7
1986,4,North Sydney,0.7
1986,5,North Sydney,0.7
1986,6,North Sydney,0.7
1986,7,North Sydney,0.8
1986,8,North Sydney,0.7
1986,9,North Sydney,0.8
1986,10,North Sydney,0.8
1986,11,North Sydney,0.8
1986,12,North Sydney,0.8
1987,1,North Sydney,0.9
1987,2,North Sydney,0.9
1987,3,North Sydney,0.7
1987,4,North Sydney,0.6
1987,5,North Sydney,0.7
1987,6,North Sydney,0.7
1987,7,North Sydney,0.7
1987,8,North Sydney,0.8
1987,9,North Sydney,0.8
1987,10,North Sydney,0.7
1987,11,North Sydney,0.8
1987,12,North Sydney,0.9
1988,1,North Sydney,0.8
1988,2,North Sydney,0.7
1988,3,North Sydney,0.8
1988,4,North Sydney,0.8
1988,5,North Sydney,0.7
1988,6,North Sydney,0.8
1988,7,North Sydney,0.7
1988,8,North Sydney,0.7
1988,9,North Sydney,0.8
1988,10,North Sydney,0.8
1988,11,North Sydney,0.9
1988,12,North Sydney,0.8
1989,1,North Sydney,0.8
1989,2,North Sydney,0.7
1989,3,North Sydney,0.6
1989,4,North Sydney,0.6
1989,5,North Sydney,0.6
1989,6,North Sydney,0.7
1989,7,North Sydney,0.7
1989,8,North Sydney,0.8
1989,9,North Sydney,0.8
1989,10,North Sydney,0.8
1989,11,North Sydney,0.9
1989,12,North Sydney,0.9
1990,1,North Sydney,0.8
1990,2,North Sydney,0.7
1990,3,North Sydney,0.6
1990,4,North Sydney,0.6
1990,5,North Sydney,0.7
1990,6,North Sydney,0.7
1990,7,North Sydney,0.7
1990,8,North Sydney,0.7
1990,9,North Sydney,0.7
1990,10,North Sydney,0.8
1990,11,North Sydney,0.9
1990,12,North Sydney,0.8
1991,1,North Sydney,0.8
1991,2,North Sydney,0.7
1991,3,North Sydney,0.8
1991,4,North Sydney,0.7
1991,5,North Sydney,0.8
1991,6,North Sydney,0.8
1991,7,North Sydney,0.8
1991,8,North Sydney,0.8
1991,9,North Sydney,0.8
1991,10,North Sydney,0.8
1991,11,North Sydney,0.8
1991,12,North Sydney,0.9
1992,1,North Sydney,0.9
1992,2,North Sydney,0.8
1992,3,North Sydney,0.8
1992,4,North Sydney,0.7
1992,5,North Sydney,0.6
1992,6,North Sydney,0.7
1992,7,North Sydney,0.8
1992,8,North Sydney,0.7
1992,9,North Sydney,0.7
1992,10,North Sydney,0.8
1992,11,North Sydney,0.8
1992,12,North Sydney,0.9
1993,1,North Sydney,0.8
1993,2,North Sydney,0.7
1993,3,North Sydney,0.7
1993,4,North Sydney,0.7
1993,5,North Sydney,0.8
1993,6,North Sydney,0.8
1993,7,North Sydney,0.8
1993,8,North Sydney,0.7
1993,9,North Sydney,0.8
1993,10,North Sydney,0.8
1993,11,North Sydney,0.8
1993,12,North Sydney,0.8
1994,1,North Sydney,0.8
1994,2,North Sydney,0.7
1994,3,North Sydney,0.7
1994,4,North Sydney,0.7
1994,5,North Sydney,0.7
1994,6,North Sydney,0.7
1994,7,North Sydney,0.7
1994,8,North Sydney,0.8
1994,9,North Sydney,0.8
1994,10,North Sydney,0.9
1994,11,North Sydney,0.9
1994,12,North Sydney,0.8
1995,1,North Sydney,0.8
1995,2,North Sydney,0.8
1995,3,North Sydney,0.7
1995,4,North Sydney,0.8
1995,5,North Sydney,0.7
1995,6,North Sydney,0.7
1995,7,North Sydney,0.7
1995,8,North Sydney,0.8
1995,9,North Sydney,0.8
1995,10,North Sydney,0.8
1995,11,North Sydney,0.8
1995,12,North Sydney,0.9
1996,1,North Sydney,0.8
1996,2,North Sydney,0.8
1996,3,North Sydney,0.8
1996,4,North Sydney,0.8
1996,5,North Sydney,0.8
1996,6,North Sydney,0.7
1996,7,North Sydney,0.8
1996,8,North Sydney,0.8
1996,9,North Sydney,0.9
1996,10,North Sydney,0.9
1996,11,North Sydney,0.9
1996,12,North Sydney,0.8
1997,1,North Sydney,1
1997,2,North Sydney,0.8
1997,3,North Sydney,0.8
1997,4,North Sydney,0.9
1997,5,North Sydney,0.8
1997,6,North Sydney,0.8
1997,7,North Sydney,0.8
1997,8,North Sydney,0.8
1997,9,North Sydney,0.8
1997,10,North Sydney,0.9
1997,11,North Sydney,0.9
1997,12,North Sydney,1
1998,1,North Sydney,0.8
1998,2,North Sydney,0.8
1998,3,North Sydney,0.8
1998,4,North Sydney,0.8
1998,5,North Sydney,0.7
1998,6,North Sydney,0.8
1998,7,North Sydney,0.8
1998,8,North Sydney,0.8
1998,9,North Sydney,0.9
1998,10,North Sydney,0.9
1998,11,North Sydney,0.8
1998,12,North Sydney,0.8
1999,1,North Sydney,0.7
1999,2,North Sydney,0.8
1999,3,North Sydney,0.7
1999,4,North Sydney,0.9
1999,6,North Sydney,0.7
1999,7,North Sydney,0.8
1999,8,North Sydney,0.8
1999,9,North Sydney,0.8
1999,10,North Sydney,0.9
1999,11,North Sydney,0.8
1999,12,North Sydney,0.8
2000,1,North Sydney,0.8
2000,2,North Sydney,0.8
2000,3,North Sydney,0.7
2000,4,North Sydney,0.7
2000,5,North Sydney,0.7
2000,6,North Sydney,0.7
2000,7,North Sydney,0.7
2000,8,North Sydney,0.8
2000,9,North Sydney,0.8
2000,10,North Sydney,0.8
2000,11,North Sydney,0.9
2000,12,North Sydney,0.9
2001,1,North Sydney,0.9
2001,2,North Sydney,0.8
2001,3,North Sydney,0.8
2001,4,North Sydney,0.8
2001,5,North Sydney,0.7
2001,6,North Sydney,0.8
2001,7,North Sydney,0.8
2001,8,North Sydney,0.8
2001,9,North Sydney,0.8
2001,10,North Sydney,0.8
2001,11,North Sydney,0.8
2001,12,North Sydney,0.9
2002,1,North Sydney,0.9
2002,2,North Sydney,0.8
2002,3,North Sydney,0.7
2002,4,North Sydney,0.7
2002,5,North Sydney,0.7
2002,6,North Sydney,0.7
2002,7,North Sydney,0.8
2002,8,North Sydney,0.8
2002,9,North Sydney,0.8
2002,10,North Sydney,0.9
2002,11,North Sydney,0.9
2002,12,North Sydney,1
2003,1,North Sydney,0.9
2003,2,North Sydney,0.8
2003,3,North Sydney,0.8
2003,4,North Sydney,0.7
2003,5,North Sydney,0.7
2003,6,North Sydney,0.8
2003,7,North Sydney,0.8
2003,8,North Sydney,0.8
2003,9,North Sydney,0.8
2003,10,North Sydney,0.8
2003,11,North Sydney,0.9
2003,12,North Sydney,0.9
2004,1,North Sydney,1
2004,2,North Sydney,0.9
2004,3,North Sydney,0.7
2004,4,North Sydney,0.7
2004,5,North Sydney,0.7
2004,6,North Sydney,0.8
2004,7,North Sydney,0.7
2004,8,North Sydney,0.8
2004,9,North Sydney,0.8
2004,10,North Sydney,0.8
2004,11,North Sydney,0.9
2004,12,North Sydney,0.8
2005,1,North Sydney,0.9
2005,2,North Sydney,0.8
2005,3,North Sydney,0.9
2005,4,North Sydney,0.9
2005,5,North Sydney,0.9
2005,6,North Sydney,0.8
2005,7,North Sydney,0.8
2005,8,North Sydney,0.8
2005,9,North Sydney,0.8
2005,10,North Sydney,0.8
2005,11,North Sydney,0.8
2005,12,North Sydney,0.9
2006,1,North Sydney,0.8
2006,2,North Sydney,0.8
2006,3,North Sydney,0.8
2006,4,North Sydney,0.6
2006,5,North Sydney,0.7
2006,6,North Sydney,0.8
2006,7,North Sydney,0.8
2006,8,North Sydney,0.9
2006,9,North Sydney,0.9
2006,10,North Sydney,0.9
2006,11,North Sydney,0.8
2006,12,North Sydney,0.9
2007,1,North Sydney,0.9
2007,2,North Sydney,1
2007,3,North Sydney,0.8
2007,4,North Sydney,0.8
2007,5,North Sydney,0.8
2007,6,North Sydney,0.8
2007,7,North Sydney,0.8
2007,8,North Sydney,0.9
2007,9,North Sydney,0.9
2007,10,North Sydney,0.9
2007,11,North Sydney,0.9
2007,12,North Sydney,0.9
2008,1,North Sydney,0.8
2008,2,North Sydney,0.8
2008,3,North Sydney,0.8
2008,4,North Sydney,0.7
2008,5,North Sydney,0.8
2008,6,North Sydney,0.8
2008,7,North Sydney,0.8
2008,8,North Sydney,0.8
2008,9,North Sydney,0.8
2008,10,North Sydney,0.9
2008,11,North Sydney,0.9
2008,12,North Sydney,0.9
2009,1,North Sydney,0.9
2009,2,North Sydney,0.9
2009,3,North Sydney,0.8
2009,4,North Sydney,0.8
2009,5,North Sydney,0.8
2009,6,North Sydney,0.8
2009,7,North Sydney,0.8
2009,8,North Sydney,0.9
2009,9,North Sydney,0.9
2009,10,North Sydney,0.9
2009,11,North Sydney,0.9
2009,12,North Sydney,1
2010,1,North Sydney,1
2010,2,North Sydney,1
2010,3,North Sydney,0.9
2010,4,North Sydney,0.9
2010,5,North Sydney,0.9
2010,6,North Sydney,0.9
2010,7,North Sydney,0.9
2010,8,North Sydney,0.9
2010,9,North Sydney,0.9
2010,10,North Sydney,1
2010,11,North Sydney,0.9
2010,12,North Sydney,1
2011,1,North Sydney,1
2011,2,North Sydney,1
2011,3,North Sydney,0.8
2011,4,North Sydney,0.8
2011,5,North Sydney,0.8
2011,6,North Sydney,0.9
2011,7,North Sydney,0.9
2011,8,North Sydney,0.8
2011,9,North Sydney,1
2011,10,North Sydney,1.1
2011,11,North Sydney,0.9
2011,12,North Sydney,0.9
2012,1,North Sydney,0.9
2012,2,North Sydney,0.9
2012,3,North Sydney,0.8
2012,4,North Sydney,0.8
2012,5,North Sydney,0.7
2012,6,North Sydney,0.8
2012,7,North Sydney,0.9
2012,8,North Sydney,0.8
2012,9,North Sydney,0.8
2012,10,North Sydney,0.9
2012,11,North Sydney,0.9
2012,12,North Sydney,1
2013,1,North Sydney,1
2013,2,North Sydney,0.9
2013,3,North Sydney,0.9
2013,4,North Sydney,0.8
2013,5,North Sydney,0.7
2013,6,North Sydney,0.8
2013,7,North Sydney,0.9
2013,8,North Sydney,1
2013,9,North Sydney,1
2013,10,North Sydney,1
2013,11,North Sydney,0.9
2013,12,North Sydney,0.9
2014,1,North Sydney,0.9
2014,2,North Sydney,0.8
2014,3,North Sydney,0.8
2014,4,North Sydney,0.8
2014,5,North Sydney,0.8
2014,6,North Sydney,0.8
2014,7,North Sydney,0.8
2014,8,North Sydney,0.8
2014,9,North Sydney,0.9
2014,10,North Sydney,0.9
2014,11,North Sydney,1
2014,12,North Sydney,0.9
2015,1,North Sydney,0.9
2015,2,North Sydney,0.9
2015,3,North Sydney,0.8
2015,4,North Sydney,0.8
2015,5,North Sydney,0.7
2015,6,North Sydney,0.8
2015,7,North Sydney,0.8
2015,8,North Sydney,0.8
2015,9,North Sydney,0.9
2015,10,North Sydney,0.9
2015,11,North Sydney,0.9
2015,12,North Sydney,0.9
2016,1,North Sydney,1
2016,2,North Sydney,0.9
2016,3,North Sydney,0.9
2016,4,North Sydney,0.8
2016,5,North Sydney,0.8
2016,6,North Sydney,0.9
2016,7,North Sydney,0.9
2016,8,North Sydney,0.9
2016,9,North Sydney,0.9
2016,10,North Sydney,0.9
2016,11,North Sydney,1
2016,12,North Sydney,1
2017,1,North Sydney,0.9
2017,2,North Sydney,1
2017,3,North Sydney,0.9
2017,4,North Sydney,0.8
2017,5,North Sydney,0.9
2017,6,North Sydney,0.9
2017,7,North Sydney,0.9
2017,8,North Sydney,0.9
2017,9,North Sydney,0.9
2017,10,North Sydney,0.9
2017,11,North Sydney,1
2017,12,North Sydney,1
2018,1,North Sydney,0.9
2018,2,North Sydney,0.8
2018,3,North Sydney,0.9
2018,4,North Sydney,0.9
2018,5,North Sydney,0.9
2018,6,North Sydney,0.9
2018,7,North Sydney,0.9
2018,8,North Sydney,1
2018,9,North Sydney,0.9
2018,10,North Sydney,1
2018,11,North Sydney,1
2018,12,North Sydney,1
2019,1,North Sydney,1
2019,2,North Sydney,0.9
2019,3,North Sydney,0.8
2019,4,North Sydney,0.9
2019,5,North Sydney,0.9
2019,7,North Sydney,0.9
2019,8,North Sydney,0.9
2019,9,North Sydney,0.9
2019,10,North Sydney,0.9
2019,11,North Sydney,1
1966,9,Yarmouth,2
1966,10,Yarmouth,2
1966,11,Yarmouth,2
1966,12,Yarmouth,3
1967,1,Yarmouth,3
1967,2,Yarmouth,2
1967,3,Yarmouth,3
1967,4,Yarmouth,3
1967,5,Yarmouth,3
1967,6,Yarmouth,3
1967,7,Yarmouth,2
1967,8,Yarmouth,2
1967,9,Yarmouth,2
1967,10,Yarmouth,2
1967,11,Yarmouth,2
1967,12,Yarmouth,3
1968,1,Yarmouth,2
1968,2,Yarmouth,3
1968,3,Yarmouth,2
1968,4,Yarmouth,2
1968,5,Yarmouth,2
1968,7,Yarmouth,2
1968,9,Yarmouth,2
1968,10,Yarmouth,2
1968,11,Yarmouth,3
1968,12,Yarmouth,3
1969,1,Yarmouth,2
1969,2,Yarmouth,3
1969,3,Yarmouth,3
1969,4,Yarmouth,2
1969,5,Yarmouth,2
1969,6,Yarmouth,2
1969,7,Yarmouth,2
1969,8,Yarmouth,3
1969,9,Yarmouth,2
1969,10,Yarmouth,3
1969,11,Yarmouth,3
1969,12,Yarmouth,3
1970,1,Yarmouth,3
1970,2,Yarmouth,2
1970,3,Yarmouth,2
1970,4,Yarmouth,3
1970,5,Yarmouth,2
1970,6,Yarmouth,2
1970,7,Yarmouth,2
1970,8,Yarmouth,2
1970,9,Yarmouth,3
1970,10,Yarmouth,3
1970,11,Yarmouth,3
1970,12,Yarmouth,3
1971,1,Yarmouth,3
1971,2,Yarmouth,3
1971,3,Yarmouth,3
1971,4,Yarmouth,3
1971,5,Yarmouth,3
1971,6,Yarmouth,3
1971,7,Yarmouth,2
1971,8,Yarmouth,2
1971,9,Yarmouth,2
1971,10,Yarmouth,3
1971,11,Yarmouth,3
1971,12,Yarmouth,3
1972,1,Yarmouth,3
1972,2,Yarmouth,3
1972,3,Yarmouth,3
1972,4,Yarmouth,3
1972,5,Yarmouth,2
1972,6,Yarmouth,2
1972,7,Yarmouth,2
1972,8,Yarmouth,2
1972,9,Yarmouth,2
1972,10,Yarmouth,3
1972,11,Yarmouth,3
1972,12,Yarmouth,3
1973,1,Yarmouth,3
1973,2,Yarmouth,3
1973,3,Yarmouth,3
1973,4,Yarmouth,3
1973,5,Yarmouth,2
1973,6,Yarmouth,2
1973,7,Yarmouth,2
1973,8,Yarmouth,2
1973,9,Yarmouth,2
1973,10,Yarmouth,2
1973,11,Yarmouth,2
1973,12,Yarmouth,2
1974,1,Yarmouth,2
1974,2,Yarmouth,3
1974,3,Yarmouth,2
1974,4,Yarmouth,2
1974,5,Yarmouth,2
1974,6,Yarmouth,2
1974,7,Yarmouth,2
1974,8,Yarmouth,2
1974,9,Yarmouth,2
1974,10,Yarmouth,2
1974,11,Yarmouth,3
1974,12,Yarmouth,3
1975,1,Yarmouth,3
1975,2,Yarmouth,3
1975,3,Yarmouth,2
1975,4,Yarmouth,3
1975,5,Yarmouth,2
1975,6,Yarmouth,2
1975,7,Yarmouth,2
1975,8,Yarmouth,2
1975,9,Yarmouth,2
1975,10,Yarmouth,3
1975,11,Yarmouth,3
1975,12,Yarmouth,3
1976,1,Yarmouth,3
1976,2,Yarmouth,3
1976,3,Yarmouth,2
1976,4,Yarmouth,2
1976,5,Yarmouth,2
1976,6,Yarmouth,2
1976,9,Yarmouth,3
1976,10,Yarmouth,2
1976,11,Yarmouth,3
1977,1,Yarmouth,2
1977,2,Yarmouth,2
1977,3,Yarmouth,3
1977,4,Yarmouth,2
1977,5,Yarmouth,2
1977,6,Yarmouth,3
1977,7,Yarmouth,2
1977,8,Yarmouth,2
1977,9,Yarmouth,3
1977,10,Yarmouth,3
1977,11,Yarmouth,3
1977,12,Yarmouth,3
1978,1,Yarmouth,3
1978,2,Yarmouth,3
1978,3,Yarmouth,2
1978,4,Yarmouth,3
1978,5,Yarmouth,2
1978,6,Yarmouth,2
1978,7,Yarmouth,2
1978,8,Yarmouth,2
1978,9,Yarmouth,2
1978,10,Yarmouth,2
1978,11,Yarmouth,2
1978,12,Yarmouth,3
1979,1,Yarmouth,3
1979,2,Yarmouth,3
1979,3,Yarmouth,2
1979,4,Yarmouth,2
1979,5,Yarmouth,2
1979,8,Yarmouth,2
1979,9,Yarmouth,2
1979,11,Yarmouth,2
1979,12,Yarmouth,2
1980,1,Yarmouth,2
1980,2,Yarmouth,3
1980,3,Yarmouth,2
1980,4,Yarmouth,2
1980,5,Yarmouth,2
1980,6,Yarmouth,2
1980,7,Yarmouth,2
1980,8,Yarmouth,2
1980,9,Yarmouth,2
1980,12,Yarmouth,2
1981,1,Yarmouth,2
1981,2,Yarmouth,2
1981,5,Yarmouth,3
1981,6,Yarmouth,3
1981,7,Yarmouth,3
1981,8,Yarmouth,2
1981,9,Yarmouth,3
1981,10,Yarmouth,2
1981,11,Yarmouth,3
1982,1,Yarmouth,2
1982,2,Yarmouth,2
1982,3,Yarmouth,2
1982,4,Yarmouth,3
1982,5,Yarmouth,3
1982,6,Yarmouth,3
1982,7,Yarmouth,2
1982,8,Yarmouth,2
1982,9,Yarmouth,2
1982,11,Yarmouth,2
1982,12,Yarmouth,3
1983,1,Yarmouth,3
1983,2,Yarmouth,3
1983,3,Yarmouth,3
1983,4,Yarmouth,3
1983,5,Yarmouth,3
1983,6,Yarmouth,3
1983,8,Yarmouth,3
1983,9,Yarmouth,3
1983,10,Yarmouth,3
1983,11,Yarmouth,3
1983,12,Yarmouth,3
1984,1,Yarmouth,2
1984,2,Yarmouth,3
1984,4,Yarmouth,3
1984,5,Yarmouth,2
1984,6,Yarmouth,3
1984,7,Yarmouth,2
1984,8,Yarmouth,2
1984,9,Yarmouth,2
1984,10,Yarmouth,3
1984,11,Yarmouth,3
1984,12,Yarmouth,3
1985,1,Yarmouth,3
1985,2,Yarmouth,3
1985,3,Yarmouth,2
1985,4,Yarmouth,2
1985,5,Yarmouth,3
1985,6,Yarmouth,3
1985,7,Yarmouth,2
1985,8,Yarmouth,2
1985,9,Yarmouth,3
1985,10,Yarmouth,3
1985,11,Yarmouth,3
1985,12,Yarmouth,3
1986,1,Yarmouth,3
1986,2,Yarmouth,3
1986,3,Yarmouth,2
1986,4,Yarmouth,3
1986,5,Yarmouth,3
1986,6,Yarmouth,3
1986,7,Yarmouth,3
1986,8,Yarmouth,3
1986,9,Yarmouth,3
1986,10,Yarmouth,3
1986,11,Yarmouth,3
1986,12,Yarmouth,3
1987,1,Yarmouth,3
1987,2,Yarmouth,3
1987,3,Yarmouth,3
1987,4,Yarmouth,3
1987,5,Yarmouth,3
1987,6,Yarmouth,3
1987,7,Yarmouth,3
1987,8,Yarmouth,3
1987,9,Yarmouth,3
1987,10,Yarmouth,3
1987,11,Yarmouth,3
1987,12,Yarmouth,3
1988,1,Yarmouth,3
1988,2,Yarmouth,2
1988,3,Yarmouth,2
1988,4,Yarmouth,2
1988,5,Yarmouth,3
1988,6,Yarmouth,3
1988,7,Yarmouth,3
1988,8,Yarmouth,2
1988,9,Yarmouth,3
1988,10,Yarmouth,3
1988,11,Yarmouth,2
1988,12,Yarmouth,3
1989,1,Yarmouth,3
1989,2,Yarmouth,2
1989,3,Yarmouth,2
1989,4,Yarmouth,2
1989,5,Yarmouth,2
1989,6,Yarmouth,2
1989,7,Yarmouth,2
1989,8,Yarmouth,3
1989,9,Yarmouth,3
1989,10,Yarmouth,3
1989,11,Yarmouth,3
1989,12,Yarmouth,3
1990,1,Yarmouth,2
1990,2,Yarmouth,2
1990,3,Yarmouth,2
1990,4,Yarmouth,2
1990,5,Yarmouth,3
1990,6,Yarmouth,3
1990,7,Yarmouth,2
1990,8,Yarmouth,3
1990,9,Yarmouth,3
1990,10,Yarmouth,3
1990,11,Yarmouth,3
1990,12,Yarmouth,3
1991,1,Yarmouth,3
1991,2,Yarmouth,3
1991,3,Yarmouth,3
1991,4,Yarmouth,3
1991,5,Yarmouth,3
1991,6,Yarmouth,3
1991,7,Yarmouth,3
1991,8,Yarmouth,3
1991,9,Yarmouth,2
1991,10,Yarmouth,3
1991,11,Yarmouth,3
1991,12,Yarmouth,3
1992,1,Yarmouth,3
1992,2,Yarmouth,3
1992,3,Yarmouth,3
1992,4,Yarmouth,3
1992,5,Yarmouth,2
1992,6,Yarmouth,3
1992,7,Yarmouth,3
1992,8,Yarmouth,2
1992,9,Yarmouth,2
1992,10,Yarmouth,3
1992,11,Yarmouth,3
1992,12,Yarmouth,3
1993,1,Yarmouth,3
1993,3,Yarmouth,3
1993,4,Yarmouth,3
1993,5,Yarmouth,3
1993,6,Yarmouth,3
1993,7,Yarmouth,3
1993,8,Yarmouth,3
1993,9,Yarmouth,3
1993,10,Yarmouth,2
1993,11,Yarmouth,3
1993,12,Yarmouth,3
1994,1,Yarmouth,2
1994,2,Yarmouth,2
1994,3,Yarmouth,3
1994,4,Yarmouth,2
1994,5,Yarmouth,3
1994,6,Yarmouth,2
1994,7,Yarmouth,3
1994,11,Yarmouth,3
1994,12,Yarmouth,3
1995,1,Yarmouth,3
1995,2,Yarmouth,3
1995,3,Yarmouth,3
1995,4,Yarmouth,3
1995,5,Yarmouth,3
1995,6,Yarmouth,2
1995,7,Yarmouth,3
1995,8,Yarmouth,3
1995,9,Yarmouth,3
1995,10,Yarmouth,3
1995,11,Yarmouth,3
1995,12,Yarmouth,3
1996,1,Yarmouth,3
1996,2,Yarmouth,3
1996,3,Yarmouth,3
1996,4,Yarmouth,3
1996,5,Yarmouth,3
1996,6,Yarmouth,3
1996,7,Yarmouth,3
1996,8,Yarmouth,3
1996,9,Yarmouth,3
1996,10,Yarmouth,3
1996,11,Yarmouth,3
1996,12,Yarmouth,3
1997,1,Yarmouth,3
1997,2,Yarmouth,3
1997,3,Yarmouth,3
1997,4,Yarmouth,3
1997,5,Yarmouth,3
1997,6,Yarmouth,3
1997,7,Yarmouth,3
1997,8,Yarmouth,3
1997,9,Yarmouth,3
1997,10,Yarmouth,3
1997,11,Yarmouth,3
1997,12,Yarmouth,3
1998,1,Yarmouth,3
1998,2,Yarmouth,3
1998,3,Yarmouth,3
1998,4,Yarmouth,3
1998,5,Yarmouth,3
1998,6,Yarmouth,3
1998,7,Yarmouth,3
1998,8,Yarmouth,3
1998,9,Yarmouth,3
1998,10,Yarmouth,3
1998,11,Yarmouth,3
1998,12,Yarmouth,3
1999,1,Yarmouth,3
1999,2,Yarmouth,3
1999,3,Yarmouth,3
1999,4,Yarmouth,3
1999,5,Yarmouth,3
1999,6,Yarmouth,3
1999,7,Yarmouth,3
1999,8,Yarmouth,3
1999,9,Yarmouth,3
1999,10,Yarmouth,3
1999,11,Yarmouth,3
1999,12,Yarmouth,3
2000,1,Yarmouth,3
2000,2,Yarmouth,3
2000,3,Yarmouth,3
2000,4,Yarmouth,3
2000,5,Yarmouth,3
2000,6,Yarmouth,3
2000,7,Yarmouth,3
2000,8,Yarmouth,3
2000,9,Yarmouth,3
2000,10,Yarmouth,3
2000,11,Yarmouth,3
2000,12,Yarmouth,3
2001,1,Yarmouth,3
2001,2,Yarmouth,3
2001,3,Yarmouth,3
2001,4,Yarmouth,3
2001,5,Yarmouth,3
2001,6,Yarmouth,3
2001,7,Yarmouth,3
2001,8,Yarmouth,3
2001,9,Yarmouth,3
2001,10,Yarmouth,3
2001,11,Yarmouth,3
2001,12,Yarmouth,3
2002,1,Yarmouth,3
2002,2,Yarmouth,3
2002,3,Yarmouth,3
2002,4,Yarmouth,3
2002,5,Yarmouth,3
2002,6,Yarmouth,3
2002,7,Yarmouth,3
2002,8,Yarmouth,3
2002,9,Yarmouth,3
2002,10,Yarmouth,3
2002,11,Yarmouth,3
2002,12,Yarmouth,3
2003,1,Yarmouth,3
2003,2,Yarmouth,3
2003,3,Yarmouth,3
2003,4,Yarmouth,3
2003,5,Yarmouth,3
2003,7,Yarmouth,3
2003,8,Yarmouth,3
2003,9,Yarmouth,3
2003,10,Yarmouth,3
2003,11,Yarmouth,3
2003,12,Yarmouth,3
2004,1,Yarmouth,3
2004,2,Yarmouth,3
2004,3,Yarmouth,3
2004,4,Yarmouth,3
2004,5,Yarmouth,3
2004,6,Yarmouth,3
2004,7,Yarmouth,3
2004,8,Yarmouth,3
2004,9,Yarmouth,3
2004,10,Yarmouth,3
2004,11,Yarmouth,3
2004,12,Yarmouth,3
2005,1,Yarmouth,3
2005,2,Yarmouth,3
2005,3,Yarmouth,3
2005,4,Yarmouth,3
2005,5,Yarmouth,3
2005,8,Yarmouth,3
2005,9,Yarmouth,3
2005,10,Yarmouth,3
2005,11,Yarmouth,3
2005,12,Yarmouth,2
2006,1,Yarmouth,3
2006,2,Yarmouth,3
2006,3,Yarmouth,3
2006,4,Yarmouth,2
2006,5,Yarmouth,3
2006,9,Yarmouth,3
2006,12,Yarmouth,3
2007,1,Yarmouth,3
2007,2,Yarmouth,3
2007,3,Yarmouth,3
2007,4,Yarmouth,3
2007,5,Yarmouth,3
2007,6,Yarmouth,3
2007,7,Yarmouth,3
2007,8,Yarmouth,3
2007,9,Yarmouth,3
2007,10,Yarmouth,3
2007,11,Yarmouth,3
2007,12,Yarmouth,3
2008,1,Yarmouth,3
2008,2,Yarmouth,3
2008,3,Yarmouth,3
2008,4,Yarmouth,3
2008,5,Yarmouth,3
2008,6,Yarmouth,3
2008,7,Yarmouth,3
2008,8,Yarmouth,3
2008,9,Yarmouth,3
2008,10,Yarmouth,3
2008,11,Yarmouth,3
2008,12,Yarmouth,3
2009,1,Yarmouth,3
2009,2,Yarmouth,3
2009,3,Yarmouth,3
2009,4,Yarmouth,3
2009,5,Yarmouth,3
2009,6,Yarmouth,3
2009,7,Yarmouth,3
2009,8,Yarmouth,3
2009,9,Yarmouth,3
2009,10,Yarmouth,3
2009,11,Yarmouth,3
2009,12,Yarmouth,3
2010,1,Yarmouth,3
2010,2,Yarmouth,3
2010,3,Yarmouth,3
2010,4,Yarmouth,3
2010,5,Yarmouth,3
2010,6,Yarmouth,3
2010,7,Yarmouth,3
2010,8,Yarmouth,3
2010,9,Yarmouth,3
2010,10,Yarmouth,3
2010,11,Yarmouth,3
2010,12,Yarmouth,3
2011,1,Yarmouth,3
2011,2,Yarmouth,3
2011,3,Yarmouth,3
2011,4,Yarmouth,3
2011,5,Yarmouth,3
2011,6,Yarmouth,3
2011,7,Yarmouth,3
2011,8,Yarmouth,3
2011,9,Yarmouth,3
2011,10,Yarmouth,3
2011,11,Yarmouth,3
2011,12,Yarmouth,3
2012,1,Yarmouth,3
2012,2,Yarmouth,3
2012,3,Yarmouth,3
2012,4,Yarmouth,3
2012,5,Yarmouth,3
2012,6,Yarmouth,3
2012,7,Yarmouth,3
2012,8,Yarmouth,3
2012,9,Yarmouth,3
2012,10,Yarmouth,3
2012,11,Yarmouth,3
2012,12,Yarmouth,3
2013,1,Yarmouth,3
2013,2,Yarmouth,3
2013,3,Yarmouth,3
2013,4,Yarmouth,3
2013,5,Yarmouth,3
2013,6,Yarmouth,3
2013,7,Yarmouth,3
2013,8,Yarmouth,3
2013,9,Yarmouth,3
2013,10,Yarmouth,3
2013,11,Yarmouth,3
2013,12,Yarmouth,3
2014,1,Yarmouth,3
2014,2,Yarmouth,3
2014,3,Yarmouth,3
2014,4,Yarmouth,3
2014,5,Yarmouth,3
2014,6,Yarmouth,3
2014,7,Yarmouth,3
2014,8,Yarmouth,3
2014,9,Yarmouth,3
2014,10,Yarmouth,3
2014,11,Yarmouth,3
2014,12,Yarmouth,3
2015,1,Yarmouth,3
2015,2,Yarmouth,3
2015,3,Yarmouth,3
2015,4,Yarmouth,3
2015,5,Yarmouth,3
2015,6,Yarmouth,3
2015,7,Yarmouth,3
2015,8,Yarmouth,3
2015,9,Yarmouth,3
2015,10,Yarmouth,3
2015,11,Yarmouth,3
2015,12,Yarmouth,3
2016,1,Yarmouth,3
2016,2,Yarmouth,3
2016,3,Yarmouth,3
2016,4,Yarmouth,3
2016,5,Yarmouth,3
2016,6,Yarmouth,3
2016,7,Yarmouth,3
2016,8,Yarmouth,3
2016,9,Yarmouth,3
2016,10,Yarmouth,3
2016,11,Yarmouth,3
2016,12,Yarmouth,3
2017,1,Yarmouth,3
2017,2,Yarmouth,3
2017,3,Yarmouth,3
2017,4,Yarmouth,3
2017,5,Yarmouth,3
2017,6,Yarmouth,3
2017,7,Yarmouth,3
2017,8,Yarmouth,3
2017,9,Yarmouth,3
2017,10,Yarmouth,3
2017,11,Yarmouth,3
2017,12,Yarmouth,3
2018,1,Yarmouth,3
2018,2,Yarmouth,3
2018,3,Yarmouth,3
2018,4,Yarmouth,3
2018,5,Yarmouth,3
2018,6,Yarmouth,3
2018,7,Yarmouth,3
2018,8,Yarmouth,3
2018,9,Yarmouth,3
2018,10,Yarmouth,3
2018,11,Yarmouth,3
2018,12,Yarmouth,3
2019,1,Yarmouth,3
2019,2,Yarmouth,3
2019,3,Yarmouth,3
2019,4,Yarmouth,3
2019,5,Yarmouth,3
2019,6,Yarmouth,3
2019,7,Yarmouth,3
2019,8,Yarmouth,3
2019,9,Yarmouth,3
2019,10,Yarmouth,3
2019,11,Yarmouth,3
