variable_name,variable_definition,time_scale,regional_scale,category,file_name,citation
sea_temperature_at_sea_floor_july,"Temperature at sea floor during the month of July, averaged over NAFO areas 4X, 4W and 4V.",annual,broadscale,physical,Derived_Annual_Broadscale,"Hebert, D., Pettipas, R., and Brickman, D. 2020. Physical Oceanographic Conditions on the Scotian Shelf and in the Gulf of Maine during 2018. DFO Can. Sci. Advis. Sec. Res. Doc. 2020/036 iv + 52 p."
sea_surface_temperature,"Temperature at sea surface averaged over NAFO regions 4V, 4X and 4W as well as regional areas (Bay of Fundy + Gulf of Maine)",annual,broadscale,physical,Derived_Annual_Broadscale,"Hebert, D., Pettipas, R., and Brickman, D. 2020. Physical Oceanographic Conditions on the Scotian Shelf and in the Gulf of Maine during 2018. DFO Can. Sci. Advis. Sec. Res. Doc. 2020/036 iv + 52 p."
north_atlantic_oscillation,"North Atlantic Oscillation Index (NAO), calculated using sea level pressure difference between subtropical high and subpolar low",annual,broadscale,physical,Derived_Annual_Broadscale,"Hebert, D., Pettipas, R., and Brickman, D. 2020. Physical Oceanographic Conditions on the Scotian Shelf and in the Gulf of Maine during 2018. DFO Can. Sci. Advis. Sec. Res. Doc. 2020/036 iv + 52 p."
atlantic_multidecadal_oscillation,"Atlantic Multidecadal Oscillation Index (AMO), based on anomalies of sea surface temperatures in North Atlantic basin. ",annual,broadscale,physical,Derived_Annual_Broadscale,"Hebert, D., Pettipas, R., and Brickman, D. 2020. Physical Oceanographic Conditions on the Scotian Shelf and in the Gulf of Maine during 2018. DFO Can. Sci. Advis. Sec. Res. Doc. 2020/036 iv + 52 p."
river_flux,A measure of the flux exiting from the St. Lawrence river into the Gulf of St. Lawrence. ,annual,broadscale,physical,Derived_Annual_Broadscale,"Hebert, D., Pettipas, R., and Brickman, D. 2020. Physical Oceanographic Conditions on the Scotian Shelf and in the Gulf of Maine during 2018. DFO Can. Sci. Advis. Sec. Res. Doc. 2020/036 iv + 52 p."
cold_intermediate_layer_volume,A measure of the volume of the cold intermediate layer throughout the Gulf of St. Lawrence,annual,broadscale,physical,Derived_Annual_Broadscale,"Hebert, D., Pettipas, R., and Brickman, D. 2020. Physical Oceanographic Conditions on the Scotian Shelf and in the Gulf of Maine during 2018. DFO Can. Sci. Advis. Sec. Res. Doc. 2020/036 iv + 52 p."
sea_ice_volume,"Average ice volume for January - March in the Gulf of St. Lawrence, can be reasonably used as a proxy to represent sea ice volume on the Scotian Shelf. ",annual,broadscale,physical,Derived_Annual_Broadscale,"Hebert, D., Pettipas, R., and Brickman, D. 2020. Physical Oceanographic Conditions on the Scotian Shelf and in the Gulf of Maine during 2018. DFO Can. Sci. Advis. Sec. Res. Doc. 2020/036 iv + 52 p."
density_gradient_0_50,"An index of stratification, measured as the density difference between 0 and 50 metres",occupations,stations,biochemical,Derived_Occupations_Stations,"Hebert, D., Pettipas, R., and Brickman, D. 2020. Physical Oceanographic Conditions on the Scotian Shelf and in the Gulf of Maine during 2018. DFO Can. Sci. Advis. Sec. Res. Doc. 2020/036 iv + 52 p."
density_gradient_0_50,"An index of stratification, measured as the density difference between 0 and 50 metres",annual,broadscale,physical,Derived_Annual_Broadscale,"Hebert, D., Pettipas, R., and Brickman, D. 2020. Physical Oceanographic Conditions on the Scotian Shelf and in the Gulf of Maine during 2018. DFO Can. Sci. Advis. Sec. Res. Doc. 2020/036 iv + 52 p."
temperature_in_air,Average air temperatures over annual scales at specific stations including Sable Island,annual,stations,physical,Derived_Annual_Stations,"Hebert, D., Pettipas, R., and Brickman, D. 2020. Physical Oceanographic Conditions on the Scotian Shelf and in the Gulf of Maine during 2018. DFO Can. Sci. Advis. Sec. Res. Doc. 2020/036 iv + 52 p."
temperature_at_sea_floor,"Averaged water temperatures at sea floor, over NAFO areas 4X, 4V and 4W",annual,broadscale,physical,Derived_Annual_Broadscale,"Hebert, D., Pettipas, R., and Brickman, D. 2020. Physical Oceanographic Conditions on the Scotian Shelf and in the Gulf of Maine during 2018. DFO Can. Sci. Advis. Sec. Res. Doc. 2020/036 iv + 52 p."
minimum_temperature_in_cold_intermediate_layer,Minimum temperature in the cold intermediate layer within the Gulf of St. Lawrence ,annual,broadscale,physical,Derived_Annual_Broadscale,"Hebert, D., Pettipas, R., and Brickman, D. 2020. Physical Oceanographic Conditions on the Scotian Shelf and in the Gulf of Maine during 2018. DFO Can. Sci. Advis. Sec. Res. Doc. 2020/036 iv + 52 p."
temperature_at_sea_floor,"Averages of water temperatures at sea floor over specific regional areas. Temperatures measured at Cabot Strait 200-300m, Misaine Bank 100m, Emerald Basin 250m, Lurcher Shoal 50m, Georges Basin 200m, Eastern Georges Bank 50m",annual,broadscale,physical,Derived_Annual_Broadscale,"Hebert, D., Pettipas, R., and Brickman, D. 2020. Physical Oceanographic Conditions on the Scotian Shelf and in the Gulf of Maine during 2018. DFO Can. Sci. Advis. Sec. Res. Doc. 2020/036 iv + 52 p."
integrated_density_0_50,"Averages of density measurements, integrated between 0 and 50 metres",annual,stations,physical,Derived_Annual_Stations,"Hebert, D., Pettipas, R., and Brickman, D. 2020. Physical Oceanographic Conditions on the Scotian Shelf and in the Gulf of Maine during 2018. DFO Can. Sci. Advis. Sec. Res. Doc. 2020/036 iv + 52 p."
 integrated_salinity_0_50,"Averages of salinity measurements, integrated between 0 and 50 metres",annual,stations,physical,Derived_Annual_Stations,"Hebert, D., Pettipas, R., and Brickman, D. 2020. Physical Oceanographic Conditions on the Scotian Shelf and in the Gulf of Maine during 2018. DFO Can. Sci. Advis. Sec. Res. Doc. 2020/036 iv + 52 p."
integrated_sea_temperature_0_50,"Averages of temperature measurements, integrated between 0 and 50 metres",annual,stations,physical,Derived_Annual_Stations,"Hebert, D., Pettipas, R., and Brickman, D. 2020. Physical Oceanographic Conditions on the Scotian Shelf and in the Gulf of Maine during 2018. DFO Can. Sci. Advis. Sec. Res. Doc. 2020/036 iv + 52 p."
temperature_90,Averages for temperature at 90 metres at Prince 5 (P5) and Halifax 2 (HL2) stations,annual,stations,physical,Derived_Annual_Stations,"Hebert, D., Pettipas, R., and Brickman, D. 2020. Physical Oceanographic Conditions on the Scotian Shelf and in the Gulf of Maine during 2018. DFO Can. Sci. Advis. Sec. Res. Doc. 2020/036 iv + 52 p."
temperature_0,Averages for temperature at 0 metres at Prince 5 (P5) and Halifax 2 (HL2) stations,annual,stations,physical,Derived_Annual_Stations,"Hebert, D., Pettipas, R., and Brickman, D. 2020. Physical Oceanographic Conditions on the Scotian Shelf and in the Gulf of Maine during 2018. DFO Can. Sci. Advis. Sec. Res. Doc. 2020/036 iv + 52 p."
sea_temperature,Discrete sea temperature measurements over a range of depths,occupations,sections,physical,Discrete_Occupations_Sections,"Hebert, D., Pettipas, R., and Brickman, D. 2020. Physical Oceanographic Conditions on the Scotian Shelf and in the Gulf of Maine during 2018. DFO Can. Sci. Advis. Sec. Res. Doc. 2020/036 iv + 52 p."
sea_temperature,Discrete sea temperature measurements over a range of depths,occupations,stations,physical,Discrete_Occupations_Stations,"Hebert, D., Pettipas, R., and Brickman, D. 2020. Physical Oceanographic Conditions on the Scotian Shelf and in the Gulf of Maine during 2018. DFO Can. Sci. Advis. Sec. Res. Doc. 2020/036 iv + 52 p."
sea_temperature,Discrete sea temperature measurements over a range of depths,annual,sections,physical,Discrete_Annual_Sections,"Hebert, D., Pettipas, R., and Brickman, D. 2020. Physical Oceanographic Conditions on the Scotian Shelf and in the Gulf of Maine during 2018. DFO Can. Sci. Advis. Sec. Res. Doc. 2020/036 iv + 52 p."
sea_temperature,Discrete sea temperature measurements over a range of depths,annual,stations,physical,Discrete_Annual_Stations,"Hebert, D., Pettipas, R., and Brickman, D. 2020. Physical Oceanographic Conditions on the Scotian Shelf and in the Gulf of Maine during 2018. DFO Can. Sci. Advis. Sec. Res. Doc. 2020/036 iv + 52 p."
sea_temperature,Discrete sea temperature measurements over a range of depths,annual,broadscale,physical,Discrete_Annual_Broadscale,"Hebert, D., Pettipas, R., and Brickman, D. 2020. Physical Oceanographic Conditions on the Scotian Shelf and in the Gulf of Maine during 2018. DFO Can. Sci. Advis. Sec. Res. Doc. 2020/036 iv + 52 p."
salinity,Discrete salinity measurements over a range of depths,occupations,sections,physical,Discrete_Occupations_Sections,"Hebert, D., Pettipas, R., and Brickman, D. 2020. Physical Oceanographic Conditions on the Scotian Shelf and in the Gulf of Maine during 2018. DFO Can. Sci. Advis. Sec. Res. Doc. 2020/036 iv + 52 p."
salinity,Discrete salinity measurements over a range of depths,occupations,stations,physical,Discrete_Occupations_Stations,"Hebert, D., Pettipas, R., and Brickman, D. 2020. Physical Oceanographic Conditions on the Scotian Shelf and in the Gulf of Maine during 2018. DFO Can. Sci. Advis. Sec. Res. Doc. 2020/036 iv + 52 p."
salinity,Discrete salinity measurements over a range of depths,annual,sections,physical,Discrete_Annual_Sections,"Hebert, D., Pettipas, R., and Brickman, D. 2020. Physical Oceanographic Conditions on the Scotian Shelf and in the Gulf of Maine during 2018. DFO Can. Sci. Advis. Sec. Res. Doc. 2020/036 iv + 52 p."
salinity,Discrete salinity measurements over a range of depths,annual,stations,physical,Discrete_Annual_Stations,"Hebert, D., Pettipas, R., and Brickman, D. 2020. Physical Oceanographic Conditions on the Scotian Shelf and in the Gulf of Maine during 2018. DFO Can. Sci. Advis. Sec. Res. Doc. 2020/036 iv + 52 p."
salinity,Discrete salinity measurements over a range of depths,annual,broadscale,physical,Discrete_Annual_Broadscale,"Hebert, D., Pettipas, R., and Brickman, D. 2020. Physical Oceanographic Conditions on the Scotian Shelf and in the Gulf of Maine during 2018. DFO Can. Sci. Advis. Sec. Res. Doc. 2020/036 iv + 52 p."
density,Discrete density measurements over a range of depths,occupations,sections,physical,Discrete_Occupations_Sections,"Hebert, D., Pettipas, R., and Brickman, D. 2020. Physical Oceanographic Conditions on the Scotian Shelf and in the Gulf of Maine during 2018. DFO Can. Sci. Advis. Sec. Res. Doc. 2020/036 iv + 52 p."
density,Discrete density measurements over a range of depths,occupations,stations,physical,Discrete_Occupations_Stations,"Hebert, D., Pettipas, R., and Brickman, D. 2020. Physical Oceanographic Conditions on the Scotian Shelf and in the Gulf of Maine during 2018. DFO Can. Sci. Advis. Sec. Res. Doc. 2020/036 iv + 52 p."
density,Discrete density measurements over a range of depths,annual,sections,physical,Discrete_Annual_Sections,"Hebert, D., Pettipas, R., and Brickman, D. 2020. Physical Oceanographic Conditions on the Scotian Shelf and in the Gulf of Maine during 2018. DFO Can. Sci. Advis. Sec. Res. Doc. 2020/036 iv + 52 p."
density,Discrete density measurements over a range of depths,annual,stations,physical,Discrete_Annual_Stations,"Hebert, D., Pettipas, R., and Brickman, D. 2020. Physical Oceanographic Conditions on the Scotian Shelf and in the Gulf of Maine during 2018. DFO Can. Sci. Advis. Sec. Res. Doc. 2020/036 iv + 52 p."
sea_surface_temperature_from_satellite,Averages of sea surface temperatures infered from remote sensing (satellite) measurements,monthly,broadscale,physical,Derived_Monthly_Broadscale,"Hebert, D., Pettipas, R., and Brickman, D. 2020. Physical Oceanographic Conditions on the Scotian Shelf and in the Gulf of Maine during 2018. DFO Can. Sci. Advis. Sec. Res. Doc. 2020/036 iv + 52 p."
sea_surface_temperature_from_moorings,"Averages of sea surface temperatures recorded by mooring at Halifax, NS and St. Andrews, NB",annual,stations,physical,Derived_Annual_Stations,"Hebert, D., Pettipas, R., and Brickman, D. 2020. Physical Oceanographic Conditions on the Scotian Shelf and in the Gulf of Maine during 2018. DFO Can. Sci. Advis. Sec. Res. Doc. 2020/036 iv + 52 p."
sea_surface_height,Average of sea surface height at Yarmouth and Halifax NS,monthly,stations,physical,Derived_Monthly_Stations,"Hebert, D., Pettipas, R., and Brickman, D. 2020. Physical Oceanographic Conditions on the Scotian Shelf and in the Gulf of Maine during 2018. DFO Can. Sci. Advis. Sec. Res. Doc. 2020/036 iv + 52 p."
sea_surface_height,Average of sea surface height at Yarmouth and Halifax NS,annual,stations,physical,Derived_Annual_Stations,"Hebert, D., Pettipas, R., and Brickman, D. 2020. Physical Oceanographic Conditions on the Scotian Shelf and in the Gulf of Maine during 2018. DFO Can. Sci. Advis. Sec. Res. Doc. 2020/036 iv + 52 p."
sea_surface_height,Average of sea surface height at Yarmouth and Halifax NS,occupations,stations,physical,Derived_Occupations_Stations,"Hebert, D., Pettipas, R., and Brickman, D. 2020. Physical Oceanographic Conditions on the Scotian Shelf and in the Gulf of Maine during 2018. DFO Can. Sci. Advis. Sec. Res. Doc. 2020/036 iv + 52 p."
sea_ice_area,"Average  of sea ice area, seaward of Cabot Strait",annual,broadscale,phenology,Derived_Annual_Broadscale,"Hebert, D., Pettipas, R., and Brickman, D. 2020. Physical Oceanographic Conditions on the Scotian Shelf and in the Gulf of Maine during 2018. DFO Can. Sci. Advis. Sec. Res. Doc. 2020/036 iv + 52 p."
sea_ice_area,"Average  of sea ice area, seaward of Cabot Strait",monthly,broadscale,physical,Derived_Monthly_Broadscale,"Hebert, D., Pettipas, R., and Brickman, D. 2020. Physical Oceanographic Conditions on the Scotian Shelf and in the Gulf of Maine during 2018. DFO Can. Sci. Advis. Sec. Res. Doc. 2020/036 iv + 52 p."
calanus_finmarchicus_log10,Abundance of calanus finmarchicus with a log 10 transform ,annual,sections,zooplankton,Zooplankton_Annual_Sections,"Casault, B., Johnson, C., Devred, E., Head, E., Cogswell, A., and Spry, J. 2020. Optical, Chemical, and Biological Oceanographic Conditions on the Scotian Shelf and in the Eastern Gulf of Maine during 2018. DFO Can. Sci. Advis. Sec. Res. Doc. 2020/037. v + 66 p."
calanus_finmarchicus_log10,Abundance of calanus finmarchicus with a log 10 transform ,annual,stations,zooplankton,Zooplankton_Annual_Stations,"Casault, B., Johnson, C., Devred, E., Head, E., Cogswell, A., and Spry, J. 2020. Optical, Chemical, and Biological Oceanographic Conditions on the Scotian Shelf and in the Eastern Gulf of Maine during 2018. DFO Can. Sci. Advis. Sec. Res. Doc. 2020/037. v + 66 p."
calanus_finmarchicus_log10,Abundance of calanus finmarchicus with a log 10 transform ,seasonal,broadscale,zooplankton,Zooplankton_Seasonal_Broadscale,"Casault, B., Johnson, C., Devred, E., Head, E., Cogswell, A., and Spry, J. 2020. Optical, Chemical, and Biological Oceanographic Conditions on the Scotian Shelf and in the Eastern Gulf of Maine during 2018. DFO Can. Sci. Advis. Sec. Res. Doc. 2020/037. v + 66 p."
calanus_finmarchicus_log10,Abundance of calanus finmarchicus with a log 10 transform ,seasonal,sections,zooplankton,Zooplankton_Seasonal_Sections,"Casault, B., Johnson, C., Devred, E., Head, E., Cogswell, A., and Spry, J. 2020. Optical, Chemical, and Biological Oceanographic Conditions on the Scotian Shelf and in the Eastern Gulf of Maine during 2018. DFO Can. Sci. Advis. Sec. Res. Doc. 2020/037. v + 66 p."
calanus_finmarchicus_abundance,Abundance of calanus finmarchicus ,occupations,sections,zooplankton,Zooplankton_Occupations_Sections,"Casault, B., Johnson, C., Devred, E., Head, E., Cogswell, A., and Spry, J. 2020. Optical, Chemical, and Biological Oceanographic Conditions on the Scotian Shelf and in the Eastern Gulf of Maine during 2018. DFO Can. Sci. Advis. Sec. Res. Doc. 2020/037. v + 66 p."
calanus_finmarchicus_abundance,Abundance of calanus finmarchicus ,occupations,broadscale,zooplankton,Zooplankton_Occupations_Broadscale,"Casault, B., Johnson, C., Devred, E., Head, E., Cogswell, A., and Spry, J. 2020. Optical, Chemical, and Biological Oceanographic Conditions on the Scotian Shelf and in the Eastern Gulf of Maine during 2018. DFO Can. Sci. Advis. Sec. Res. Doc. 2020/037. v + 66 p."
calanus_finmarchicus_abundance,Abundance of calanus finmarchicus ,occupations,stations,zooplankton,Zooplankton_Occupations_Stations,"Casault, B., Johnson, C., Devred, E., Head, E., Cogswell, A., and Spry, J. 2020. Optical, Chemical, and Biological Oceanographic Conditions on the Scotian Shelf and in the Eastern Gulf of Maine during 2018. DFO Can. Sci. Advis. Sec. Res. Doc. 2020/037. v + 66 p."
calanus_hyperboreus_log10,Abundance of calanus hyperboreus with a log 10 transform ,annual,sections,zooplankton,Zooplankton_Annual_Sections,"Casault, B., Johnson, C., Devred, E., Head, E., Cogswell, A., and Spry, J. 2020. Optical, Chemical, and Biological Oceanographic Conditions on the Scotian Shelf and in the Eastern Gulf of Maine during 2018. DFO Can. Sci. Advis. Sec. Res. Doc. 2020/037. v + 66 p."
calanus_hyperboreus_log10,Abundance of calanus hyperboreus with a log 10 transform ,annual,stations,zooplankton,Zooplankton_Annual_Stations,"Casault, B., Johnson, C., Devred, E., Head, E., Cogswell, A., and Spry, J. 2020. Optical, Chemical, and Biological Oceanographic Conditions on the Scotian Shelf and in the Eastern Gulf of Maine during 2018. DFO Can. Sci. Advis. Sec. Res. Doc. 2020/037. v + 66 p."
calanus_hyperboreus_abundance,Abundance of calanus hyperboreus ,occupations,sections,zooplankton,Zooplankton_Occupations_Sections,"Casault, B., Johnson, C., Devred, E., Head, E., Cogswell, A., and Spry, J. 2020. Optical, Chemical, and Biological Oceanographic Conditions on the Scotian Shelf and in the Eastern Gulf of Maine during 2018. DFO Can. Sci. Advis. Sec. Res. Doc. 2020/037. v + 66 p."
calanus_hyperboreus_abundance,Abundance of calanus hyperboreus ,occupations,stations,zooplankton,Zooplankton_Occupations_Stations,"Casault, B., Johnson, C., Devred, E., Head, E., Cogswell, A., and Spry, J. 2020. Optical, Chemical, and Biological Oceanographic Conditions on the Scotian Shelf and in the Eastern Gulf of Maine during 2018. DFO Can. Sci. Advis. Sec. Res. Doc. 2020/037. v + 66 p."
calanus_glacialis_log10,Abundance of calanus glacialis with a log 10 transform ,annual,sections,zooplankton,Zooplankton_Annual_Sections,"Casault, B., Johnson, C., Devred, E., Head, E., Cogswell, A., and Spry, J. 2020. Optical, Chemical, and Biological Oceanographic Conditions on the Scotian Shelf and in the Eastern Gulf of Maine during 2018. DFO Can. Sci. Advis. Sec. Res. Doc. 2020/037. v + 66 p."
calanus_glacialis_log10,Abundance of calanus glacialis with a log 10 transform ,annual,stations,zooplankton,Zooplankton_Annual_Stations,"Casault, B., Johnson, C., Devred, E., Head, E., Cogswell, A., and Spry, J. 2020. Optical, Chemical, and Biological Oceanographic Conditions on the Scotian Shelf and in the Eastern Gulf of Maine during 2018. DFO Can. Sci. Advis. Sec. Res. Doc. 2020/037. v + 66 p."
calanus_glacialis_abundance,Abundance of calanus glacialis ,occupations,sections,zooplankton,Zooplankton_Occupations_Sections,"Casault, B., Johnson, C., Devred, E., Head, E., Cogswell, A., and Spry, J. 2020. Optical, Chemical, and Biological Oceanographic Conditions on the Scotian Shelf and in the Eastern Gulf of Maine during 2018. DFO Can. Sci. Advis. Sec. Res. Doc. 2020/037. v + 66 p."
calanus_glacialis_abundance,Abundance of calanus glacialis ,occupations,stations,zooplankton,Zooplankton_Occupations_Stations,"Casault, B., Johnson, C., Devred, E., Head, E., Cogswell, A., and Spry, J. 2020. Optical, Chemical, and Biological Oceanographic Conditions on the Scotian Shelf and in the Eastern Gulf of Maine during 2018. DFO Can. Sci. Advis. Sec. Res. Doc. 2020/037. v + 66 p."
pseudocalanus_log10,Abundance of pseudocalanus  with a log 10 transform ,annual,sections,zooplankton,Zooplankton_Annual_Sections,"Casault, B., Johnson, C., Devred, E., Head, E., Cogswell, A., and Spry, J. 2020. Optical, Chemical, and Biological Oceanographic Conditions on the Scotian Shelf and in the Eastern Gulf of Maine during 2018. DFO Can. Sci. Advis. Sec. Res. Doc. 2020/037. v + 66 p."
pseudocalanus_log10,Abundance of pseudocalanus  with a log 10 transform ,annual,stations,zooplankton,Zooplankton_Annual_Stations,"Casault, B., Johnson, C., Devred, E., Head, E., Cogswell, A., and Spry, J. 2020. Optical, Chemical, and Biological Oceanographic Conditions on the Scotian Shelf and in the Eastern Gulf of Maine during 2018. DFO Can. Sci. Advis. Sec. Res. Doc. 2020/037. v + 66 p."
pseudocalanus_abundance,Abundance of pseudocalanus  ,occupations,sections,zooplankton,Zooplankton_Occupations_Sections,"Casault, B., Johnson, C., Devred, E., Head, E., Cogswell, A., and Spry, J. 2020. Optical, Chemical, and Biological Oceanographic Conditions on the Scotian Shelf and in the Eastern Gulf of Maine during 2018. DFO Can. Sci. Advis. Sec. Res. Doc. 2020/037. v + 66 p."
pseudocalanus_abundance,Abundance of pseudocalanus  ,occupations,stations,zooplankton,Zooplankton_Occupations_Stations,"Casault, B., Johnson, C., Devred, E., Head, E., Cogswell, A., and Spry, J. 2020. Optical, Chemical, and Biological Oceanographic Conditions on the Scotian Shelf and in the Eastern Gulf of Maine during 2018. DFO Can. Sci. Advis. Sec. Res. Doc. 2020/037. v + 66 p."
metridia_longa_log10,Abundance of metridia longa  with a log 10 transform ,annual,sections,zooplankton,Zooplankton_Annual_Sections,"Casault, B., Johnson, C., Devred, E., Head, E., Cogswell, A., and Spry, J. 2020. Optical, Chemical, and Biological Oceanographic Conditions on the Scotian Shelf and in the Eastern Gulf of Maine during 2018. DFO Can. Sci. Advis. Sec. Res. Doc. 2020/037. v + 66 p."
metridia_longa_log10,Abundance of metridia longa  with a log 10 transform ,annual,stations,zooplankton,Zooplankton_Annual_Stations,"Casault, B., Johnson, C., Devred, E., Head, E., Cogswell, A., and Spry, J. 2020. Optical, Chemical, and Biological Oceanographic Conditions on the Scotian Shelf and in the Eastern Gulf of Maine during 2018. DFO Can. Sci. Advis. Sec. Res. Doc. 2020/037. v + 66 p."
metridia_longa_abundance,Abundance of metridia longa  ,occupations,sections,zooplankton,Zooplankton_Occupations_Sections,"Casault, B., Johnson, C., Devred, E., Head, E., Cogswell, A., and Spry, J. 2020. Optical, Chemical, and Biological Oceanographic Conditions on the Scotian Shelf and in the Eastern Gulf of Maine during 2018. DFO Can. Sci. Advis. Sec. Res. Doc. 2020/037. v + 66 p."
metridia_longa_abundance,Abundance of metridia longa  ,occupations,stations,zooplankton,Zooplankton_Occupations_Stations,"Casault, B., Johnson, C., Devred, E., Head, E., Cogswell, A., and Spry, J. 2020. Optical, Chemical, and Biological Oceanographic Conditions on the Scotian Shelf and in the Eastern Gulf of Maine during 2018. DFO Can. Sci. Advis. Sec. Res. Doc. 2020/037. v + 66 p."
metridia_lucens_log10,Abundance of metridia lucens  with a log 10 transform ,annual,sections,zooplankton,Zooplankton_Annual_Sections,"Casault, B., Johnson, C., Devred, E., Head, E., Cogswell, A., and Spry, J. 2020. Optical, Chemical, and Biological Oceanographic Conditions on the Scotian Shelf and in the Eastern Gulf of Maine during 2018. DFO Can. Sci. Advis. Sec. Res. Doc. 2020/037. v + 66 p."
metridia_lucens_log10,Abundance of metridia lucens  with a log 10 transform ,annual,stations,zooplankton,Zooplankton_Annual_Stations,"Casault, B., Johnson, C., Devred, E., Head, E., Cogswell, A., and Spry, J. 2020. Optical, Chemical, and Biological Oceanographic Conditions on the Scotian Shelf and in the Eastern Gulf of Maine during 2018. DFO Can. Sci. Advis. Sec. Res. Doc. 2020/037. v + 66 p."
metridia_lucens_abundance,Abundance of metridia lucens  ,occupations,sections,zooplankton,Zooplankton_Occupations_Sections,"Casault, B., Johnson, C., Devred, E., Head, E., Cogswell, A., and Spry, J. 2020. Optical, Chemical, and Biological Oceanographic Conditions on the Scotian Shelf and in the Eastern Gulf of Maine during 2018. DFO Can. Sci. Advis. Sec. Res. Doc. 2020/037. v + 66 p."
metridia_lucens_abundance,Abundance of metridia lucens  ,occupations,stations,zooplankton,Zooplankton_Occupations_Stations,"Casault, B., Johnson, C., Devred, E., Head, E., Cogswell, A., and Spry, J. 2020. Optical, Chemical, and Biological Oceanographic Conditions on the Scotian Shelf and in the Eastern Gulf of Maine during 2018. DFO Can. Sci. Advis. Sec. Res. Doc. 2020/037. v + 66 p."
metridia_spp_log10,Abundance of metridia spp  with a log 10 transform ,annual,sections,zooplankton,Zooplankton_Annual_Sections,"Casault, B., Johnson, C., Devred, E., Head, E., Cogswell, A., and Spry, J. 2020. Optical, Chemical, and Biological Oceanographic Conditions on the Scotian Shelf and in the Eastern Gulf of Maine during 2018. DFO Can. Sci. Advis. Sec. Res. Doc. 2020/037. v + 66 p."
metridia_spp_log10,Abundance of metridia spp  with a log 10 transform ,annual,stations,zooplankton,Zooplankton_Annual_Stations,"Casault, B., Johnson, C., Devred, E., Head, E., Cogswell, A., and Spry, J. 2020. Optical, Chemical, and Biological Oceanographic Conditions on the Scotian Shelf and in the Eastern Gulf of Maine during 2018. DFO Can. Sci. Advis. Sec. Res. Doc. 2020/037. v + 66 p."
metridia_spp_abundance,Abundance of metridia spp  ,occupations,sections,zooplankton,Zooplankton_Occupations_Sections,"Casault, B., Johnson, C., Devred, E., Head, E., Cogswell, A., and Spry, J. 2020. Optical, Chemical, and Biological Oceanographic Conditions on the Scotian Shelf and in the Eastern Gulf of Maine during 2018. DFO Can. Sci. Advis. Sec. Res. Doc. 2020/037. v + 66 p."
metridia_spp_abundance,Abundance of metridia spp  ,occupations,stations,zooplankton,Zooplankton_Occupations_Stations,"Casault, B., Johnson, C., Devred, E., Head, E., Cogswell, A., and Spry, J. 2020. Optical, Chemical, and Biological Oceanographic Conditions on the Scotian Shelf and in the Eastern Gulf of Maine during 2018. DFO Can. Sci. Advis. Sec. Res. Doc. 2020/037. v + 66 p."
temora_spp_log10,Abundance of temora spp  with a log 10 transform ,annual,sections,zooplankton,Zooplankton_Annual_Sections,"Casault, B., Johnson, C., Devred, E., Head, E., Cogswell, A., and Spry, J. 2020. Optical, Chemical, and Biological Oceanographic Conditions on the Scotian Shelf and in the Eastern Gulf of Maine during 2018. DFO Can. Sci. Advis. Sec. Res. Doc. 2020/037. v + 66 p."
temora_spp_log10,Abundance of temora spp  with a log 10 transform ,annual,stations,zooplankton,Zooplankton_Annual_Stations,"Casault, B., Johnson, C., Devred, E., Head, E., Cogswell, A., and Spry, J. 2020. Optical, Chemical, and Biological Oceanographic Conditions on the Scotian Shelf and in the Eastern Gulf of Maine during 2018. DFO Can. Sci. Advis. Sec. Res. Doc. 2020/037. v + 66 p."
temora_spp_abundance,Abundance of temora spp  ,occupations,sections,zooplankton,Zooplankton_Occupations_Sections,"Casault, B., Johnson, C., Devred, E., Head, E., Cogswell, A., and Spry, J. 2020. Optical, Chemical, and Biological Oceanographic Conditions on the Scotian Shelf and in the Eastern Gulf of Maine during 2018. DFO Can. Sci. Advis. Sec. Res. Doc. 2020/037. v + 66 p."
temora_spp_abundance,Abundance of temora spp  ,occupations,stations,zooplankton,Zooplankton_Occupations_Stations,"Casault, B., Johnson, C., Devred, E., Head, E., Cogswell, A., and Spry, J. 2020. Optical, Chemical, and Biological Oceanographic Conditions on the Scotian Shelf and in the Eastern Gulf of Maine during 2018. DFO Can. Sci. Advis. Sec. Res. Doc. 2020/037. v + 66 p."
microcalanus_spp_log10,Abundance of microcalanus  with a log 10 transform ,annual,sections,zooplankton,Zooplankton_Annual_Sections,"Casault, B., Johnson, C., Devred, E., Head, E., Cogswell, A., and Spry, J. 2020. Optical, Chemical, and Biological Oceanographic Conditions on the Scotian Shelf and in the Eastern Gulf of Maine during 2018. DFO Can. Sci. Advis. Sec. Res. Doc. 2020/037. v + 66 p."
microcalanus_spp_log10,Abundance of microcalanus  with a log 10 transform ,annual,stations,zooplankton,Zooplankton_Annual_Stations,"Casault, B., Johnson, C., Devred, E., Head, E., Cogswell, A., and Spry, J. 2020. Optical, Chemical, and Biological Oceanographic Conditions on the Scotian Shelf and in the Eastern Gulf of Maine during 2018. DFO Can. Sci. Advis. Sec. Res. Doc. 2020/037. v + 66 p."
microcalanus_spp_abundance,Abundance of microcalanus  ,occupations,sections,zooplankton,Zooplankton_Occupations_Sections,"Casault, B., Johnson, C., Devred, E., Head, E., Cogswell, A., and Spry, J. 2020. Optical, Chemical, and Biological Oceanographic Conditions on the Scotian Shelf and in the Eastern Gulf of Maine during 2018. DFO Can. Sci. Advis. Sec. Res. Doc. 2020/037. v + 66 p."
microcalanus_spp_abundance,Abundance of microcalanus  ,occupations,stations,zooplankton,Zooplankton_Occupations_Stations,"Casault, B., Johnson, C., Devred, E., Head, E., Cogswell, A., and Spry, J. 2020. Optical, Chemical, and Biological Oceanographic Conditions on the Scotian Shelf and in the Eastern Gulf of Maine during 2018. DFO Can. Sci. Advis. Sec. Res. Doc. 2020/037. v + 66 p."
oithona_spp_log10,Abundance of oithona species  with a log 10 transform ,annual,sections,zooplankton,Zooplankton_Annual_Sections,"Casault, B., Johnson, C., Devred, E., Head, E., Cogswell, A., and Spry, J. 2020. Optical, Chemical, and Biological Oceanographic Conditions on the Scotian Shelf and in the Eastern Gulf of Maine during 2018. DFO Can. Sci. Advis. Sec. Res. Doc. 2020/037. v + 66 p."
oithona_spp_log10,Abundance of oithona species  with a log 10 transform ,annual,stations,zooplankton,Zooplankton_Annual_Stations,"Casault, B., Johnson, C., Devred, E., Head, E., Cogswell, A., and Spry, J. 2020. Optical, Chemical, and Biological Oceanographic Conditions on the Scotian Shelf and in the Eastern Gulf of Maine during 2018. DFO Can. Sci. Advis. Sec. Res. Doc. 2020/037. v + 66 p."
oithona_spp_abundance,Abundance of oithona species  ,occupations,sections,zooplankton,Zooplankton_Occupations_Sections,"Casault, B., Johnson, C., Devred, E., Head, E., Cogswell, A., and Spry, J. 2020. Optical, Chemical, and Biological Oceanographic Conditions on the Scotian Shelf and in the Eastern Gulf of Maine during 2018. DFO Can. Sci. Advis. Sec. Res. Doc. 2020/037. v + 66 p."
oithona_spp_abundance,Abundance of oithona species  ,occupations,stations,zooplankton,Zooplankton_Occupations_Stations,"Casault, B., Johnson, C., Devred, E., Head, E., Cogswell, A., and Spry, J. 2020. Optical, Chemical, and Biological Oceanographic Conditions on the Scotian Shelf and in the Eastern Gulf of Maine during 2018. DFO Can. Sci. Advis. Sec. Res. Doc. 2020/037. v + 66 p."
oithona_similis_log10,Abundance of oithona similis  with a log 10 transform ,annual,sections,zooplankton,Zooplankton_Annual_Sections,"Casault, B., Johnson, C., Devred, E., Head, E., Cogswell, A., and Spry, J. 2020. Optical, Chemical, and Biological Oceanographic Conditions on the Scotian Shelf and in the Eastern Gulf of Maine during 2018. DFO Can. Sci. Advis. Sec. Res. Doc. 2020/037. v + 66 p."
oithona_similis_log10,Abundance of oithona similis  with a log 10 transform ,annual,stations,zooplankton,Zooplankton_Annual_Stations,"Casault, B., Johnson, C., Devred, E., Head, E., Cogswell, A., and Spry, J. 2020. Optical, Chemical, and Biological Oceanographic Conditions on the Scotian Shelf and in the Eastern Gulf of Maine during 2018. DFO Can. Sci. Advis. Sec. Res. Doc. 2020/037. v + 66 p."
oithona_similis_abundance,Abundance of oithona similis,occupations,sections,zooplankton,Zooplankton_Occupations_Sections,"Casault, B., Johnson, C., Devred, E., Head, E., Cogswell, A., and Spry, J. 2020. Optical, Chemical, and Biological Oceanographic Conditions on the Scotian Shelf and in the Eastern Gulf of Maine during 2018. DFO Can. Sci. Advis. Sec. Res. Doc. 2020/037. v + 66 p."
oithona_similis_abundance,Abundance of oithona similis,occupations,stations,zooplankton,Zooplankton_Occupations_Stations,"Casault, B., Johnson, C., Devred, E., Head, E., Cogswell, A., and Spry, J. 2020. Optical, Chemical, and Biological Oceanographic Conditions on the Scotian Shelf and in the Eastern Gulf of Maine during 2018. DFO Can. Sci. Advis. Sec. Res. Doc. 2020/037. v + 66 p."
oithona_atlantica_log10,Abundance of oithona atlantica  with a log 10 transform ,annual,sections,zooplankton,Zooplankton_Annual_Sections,"Casault, B., Johnson, C., Devred, E., Head, E., Cogswell, A., and Spry, J. 2020. Optical, Chemical, and Biological Oceanographic Conditions on the Scotian Shelf and in the Eastern Gulf of Maine during 2018. DFO Can. Sci. Advis. Sec. Res. Doc. 2020/037. v + 66 p."
oithona_atlantica_log10,Abundance of oithona atlantica  with a log 10 transform ,annual,stations,zooplankton,Zooplankton_Annual_Stations,"Casault, B., Johnson, C., Devred, E., Head, E., Cogswell, A., and Spry, J. 2020. Optical, Chemical, and Biological Oceanographic Conditions on the Scotian Shelf and in the Eastern Gulf of Maine during 2018. DFO Can. Sci. Advis. Sec. Res. Doc. 2020/037. v + 66 p."
oithona_atlantica_abundance,Abundance of oithona atlantica,occupations,sections,zooplankton,Zooplankton_Occupations_Sections,"Casault, B., Johnson, C., Devred, E., Head, E., Cogswell, A., and Spry, J. 2020. Optical, Chemical, and Biological Oceanographic Conditions on the Scotian Shelf and in the Eastern Gulf of Maine during 2018. DFO Can. Sci. Advis. Sec. Res. Doc. 2020/037. v + 66 p."
oithona_atlantica_abundance,Abundance of oithona atlantica,occupations,stations,zooplankton,Zooplankton_Occupations_Stations,"Casault, B., Johnson, C., Devred, E., Head, E., Cogswell, A., and Spry, J. 2020. Optical, Chemical, and Biological Oceanographic Conditions on the Scotian Shelf and in the Eastern Gulf of Maine during 2018. DFO Can. Sci. Advis. Sec. Res. Doc. 2020/037. v + 66 p."
paracalanus_spp_log10,Abundance of paracalanus  with a log 10 transform ,annual,sections,zooplankton,Zooplankton_Annual_Sections,"Casault, B., Johnson, C., Devred, E., Head, E., Cogswell, A., and Spry, J. 2020. Optical, Chemical, and Biological Oceanographic Conditions on the Scotian Shelf and in the Eastern Gulf of Maine during 2018. DFO Can. Sci. Advis. Sec. Res. Doc. 2020/037. v + 66 p."
paracalanus_spp_log10,Abundance of paracalanus  with a log 10 transform ,annual,stations,zooplankton,Zooplankton_Annual_Stations,"Casault, B., Johnson, C., Devred, E., Head, E., Cogswell, A., and Spry, J. 2020. Optical, Chemical, and Biological Oceanographic Conditions on the Scotian Shelf and in the Eastern Gulf of Maine during 2018. DFO Can. Sci. Advis. Sec. Res. Doc. 2020/037. v + 66 p."
paracalanus_spp_abundance,Abundance of paracalanus  ,occupations,sections,zooplankton,Zooplankton_Occupations_Sections,"Casault, B., Johnson, C., Devred, E., Head, E., Cogswell, A., and Spry, J. 2020. Optical, Chemical, and Biological Oceanographic Conditions on the Scotian Shelf and in the Eastern Gulf of Maine during 2018. DFO Can. Sci. Advis. Sec. Res. Doc. 2020/037. v + 66 p."
paracalanus_spp_abundance,Abundance of paracalanus  ,occupations,stations,zooplankton,Zooplankton_Occupations_Stations,"Casault, B., Johnson, C., Devred, E., Head, E., Cogswell, A., and Spry, J. 2020. Optical, Chemical, and Biological Oceanographic Conditions on the Scotian Shelf and in the Eastern Gulf of Maine during 2018. DFO Can. Sci. Advis. Sec. Res. Doc. 2020/037. v + 66 p."
centropages_typicus_log10,Abundance of centropages typicus  with a log 10 transform ,annual,sections,zooplankton,Zooplankton_Annual_Sections,"Casault, B., Johnson, C., Devred, E., Head, E., Cogswell, A., and Spry, J. 2020. Optical, Chemical, and Biological Oceanographic Conditions on the Scotian Shelf and in the Eastern Gulf of Maine during 2018. DFO Can. Sci. Advis. Sec. Res. Doc. 2020/037. v + 66 p."
centropages_typicus_log10,Abundance of centropages typicus  with a log 10 transform ,annual,stations,zooplankton,Zooplankton_Annual_Stations,"Casault, B., Johnson, C., Devred, E., Head, E., Cogswell, A., and Spry, J. 2020. Optical, Chemical, and Biological Oceanographic Conditions on the Scotian Shelf and in the Eastern Gulf of Maine during 2018. DFO Can. Sci. Advis. Sec. Res. Doc. 2020/037. v + 66 p."
centropages_typicus_abundance,Abundance of centropages typicus  ,occupations,sections,zooplankton,Zooplankton_Occupations_Sections,"Casault, B., Johnson, C., Devred, E., Head, E., Cogswell, A., and Spry, J. 2020. Optical, Chemical, and Biological Oceanographic Conditions on the Scotian Shelf and in the Eastern Gulf of Maine during 2018. DFO Can. Sci. Advis. Sec. Res. Doc. 2020/037. v + 66 p."
centropages_typicus_abundance,Abundance of centropages typicus  ,occupations,stations,zooplankton,Zooplankton_Occupations_Stations,"Casault, B., Johnson, C., Devred, E., Head, E., Cogswell, A., and Spry, J. 2020. Optical, Chemical, and Biological Oceanographic Conditions on the Scotian Shelf and in the Eastern Gulf of Maine during 2018. DFO Can. Sci. Advis. Sec. Res. Doc. 2020/037. v + 66 p."
centropages_spp_log10,Abundance of centropages species  with a log 10 transform ,annual,sections,zooplankton,Zooplankton_Annual_Sections,"Casault, B., Johnson, C., Devred, E., Head, E., Cogswell, A., and Spry, J. 2020. Optical, Chemical, and Biological Oceanographic Conditions on the Scotian Shelf and in the Eastern Gulf of Maine during 2018. DFO Can. Sci. Advis. Sec. Res. Doc. 2020/037. v + 66 p."
centropages_spp_log10,Abundance of centropages species  with a log 10 transform ,annual,stations,zooplankton,Zooplankton_Annual_Stations,"Casault, B., Johnson, C., Devred, E., Head, E., Cogswell, A., and Spry, J. 2020. Optical, Chemical, and Biological Oceanographic Conditions on the Scotian Shelf and in the Eastern Gulf of Maine during 2018. DFO Can. Sci. Advis. Sec. Res. Doc. 2020/037. v + 66 p."
centropages_spp_abundance,Abundance of centropages species  ,occupations,sections,zooplankton,Zooplankton_Occupations_Sections,"Casault, B., Johnson, C., Devred, E., Head, E., Cogswell, A., and Spry, J. 2020. Optical, Chemical, and Biological Oceanographic Conditions on the Scotian Shelf and in the Eastern Gulf of Maine during 2018. DFO Can. Sci. Advis. Sec. Res. Doc. 2020/037. v + 66 p."
centropages_spp_abundance,Abundance of centropages species  ,occupations,stations,zooplankton,Zooplankton_Occupations_Stations,"Casault, B., Johnson, C., Devred, E., Head, E., Cogswell, A., and Spry, J. 2020. Optical, Chemical, and Biological Oceanographic Conditions on the Scotian Shelf and in the Eastern Gulf of Maine during 2018. DFO Can. Sci. Advis. Sec. Res. Doc. 2020/037. v + 66 p."
scolecithricella_minor_log10,Abundance of scolecithricella minor  with a log 10 transform ,annual,sections,zooplankton,Zooplankton_Annual_Sections,"Casault, B., Johnson, C., Devred, E., Head, E., Cogswell, A., and Spry, J. 2020. Optical, Chemical, and Biological Oceanographic Conditions on the Scotian Shelf and in the Eastern Gulf of Maine during 2018. DFO Can. Sci. Advis. Sec. Res. Doc. 2020/037. v + 66 p."
scolecithricella_minor_log10,Abundance of scolecithricella minor  with a log 10 transform ,annual,stations,zooplankton,Zooplankton_Annual_Stations,"Casault, B., Johnson, C., Devred, E., Head, E., Cogswell, A., and Spry, J. 2020. Optical, Chemical, and Biological Oceanographic Conditions on the Scotian Shelf and in the Eastern Gulf of Maine during 2018. DFO Can. Sci. Advis. Sec. Res. Doc. 2020/037. v + 66 p."
scolecithricella_minor_abundance,Abundance of scolecithricella minor  ,occupations,sections,zooplankton,Zooplankton_Occupations_Sections,"Casault, B., Johnson, C., Devred, E., Head, E., Cogswell, A., and Spry, J. 2020. Optical, Chemical, and Biological Oceanographic Conditions on the Scotian Shelf and in the Eastern Gulf of Maine during 2018. DFO Can. Sci. Advis. Sec. Res. Doc. 2020/037. v + 66 p."
scolecithricella_minor_abundance,Abundance of scolecithricella minor  ,occupations,stations,zooplankton,Zooplankton_Occupations_Stations,"Casault, B., Johnson, C., Devred, E., Head, E., Cogswell, A., and Spry, J. 2020. Optical, Chemical, and Biological Oceanographic Conditions on the Scotian Shelf and in the Eastern Gulf of Maine during 2018. DFO Can. Sci. Advis. Sec. Res. Doc. 2020/037. v + 66 p."
larvacae_log10,Abundance of larvacae group  with a log 10 transform ,annual,sections,zooplankton,Zooplankton_Annual_Sections,"Casault, B., Johnson, C., Devred, E., Head, E., Cogswell, A., and Spry, J. 2020. Optical, Chemical, and Biological Oceanographic Conditions on the Scotian Shelf and in the Eastern Gulf of Maine during 2018. DFO Can. Sci. Advis. Sec. Res. Doc. 2020/037. v + 66 p."
larvacae_log10,Abundance of larvacae group  with a log 10 transform ,annual,stations,zooplankton,Zooplankton_Annual_Stations,"Casault, B., Johnson, C., Devred, E., Head, E., Cogswell, A., and Spry, J. 2020. Optical, Chemical, and Biological Oceanographic Conditions on the Scotian Shelf and in the Eastern Gulf of Maine during 2018. DFO Can. Sci. Advis. Sec. Res. Doc. 2020/037. v + 66 p."
larvacae_abundance,Abundance of larvacae group,occupations,sections,zooplankton,Zooplankton_Occupations_Sections,"Casault, B., Johnson, C., Devred, E., Head, E., Cogswell, A., and Spry, J. 2020. Optical, Chemical, and Biological Oceanographic Conditions on the Scotian Shelf and in the Eastern Gulf of Maine during 2018. DFO Can. Sci. Advis. Sec. Res. Doc. 2020/037. v + 66 p."
larvacae_abundance,Abundance of larvacae group,occupations,stations,zooplankton,Zooplankton_Occupations_Stations,"Casault, B., Johnson, C., Devred, E., Head, E., Cogswell, A., and Spry, J. 2020. Optical, Chemical, and Biological Oceanographic Conditions on the Scotian Shelf and in the Eastern Gulf of Maine during 2018. DFO Can. Sci. Advis. Sec. Res. Doc. 2020/037. v + 66 p."
gastropoda_log10,Abundance of gastropoda group  with a log 10 transform ,annual,sections,zooplankton,Zooplankton_Annual_Sections,"Casault, B., Johnson, C., Devred, E., Head, E., Cogswell, A., and Spry, J. 2020. Optical, Chemical, and Biological Oceanographic Conditions on the Scotian Shelf and in the Eastern Gulf of Maine during 2018. DFO Can. Sci. Advis. Sec. Res. Doc. 2020/037. v + 66 p."
gastropoda_log10,Abundance of gastropoda group  with a log 10 transform ,annual,stations,zooplankton,Zooplankton_Annual_Stations,"Casault, B., Johnson, C., Devred, E., Head, E., Cogswell, A., and Spry, J. 2020. Optical, Chemical, and Biological Oceanographic Conditions on the Scotian Shelf and in the Eastern Gulf of Maine during 2018. DFO Can. Sci. Advis. Sec. Res. Doc. 2020/037. v + 66 p."
gastropoda_abundance,Abundance of gastropoda group,occupations,sections,zooplankton,Zooplankton_Occupations_Sections,"Casault, B., Johnson, C., Devred, E., Head, E., Cogswell, A., and Spry, J. 2020. Optical, Chemical, and Biological Oceanographic Conditions on the Scotian Shelf and in the Eastern Gulf of Maine during 2018. DFO Can. Sci. Advis. Sec. Res. Doc. 2020/037. v + 66 p."
gastropoda_abundance,Abundance of gastropoda group,occupations,stations,zooplankton,Zooplankton_Occupations_Stations,"Casault, B., Johnson, C., Devred, E., Head, E., Cogswell, A., and Spry, J. 2020. Optical, Chemical, and Biological Oceanographic Conditions on the Scotian Shelf and in the Eastern Gulf of Maine during 2018. DFO Can. Sci. Advis. Sec. Res. Doc. 2020/037. v + 66 p."
bivalvia_log10,Abundance of bivalvia group  with a log 10 transform ,annual,sections,zooplankton,Zooplankton_Annual_Sections,"Casault, B., Johnson, C., Devred, E., Head, E., Cogswell, A., and Spry, J. 2020. Optical, Chemical, and Biological Oceanographic Conditions on the Scotian Shelf and in the Eastern Gulf of Maine during 2018. DFO Can. Sci. Advis. Sec. Res. Doc. 2020/037. v + 66 p."
bivalvia_log10,Abundance of bivalvia group  with a log 10 transform ,annual,stations,zooplankton,Zooplankton_Annual_Stations,"Casault, B., Johnson, C., Devred, E., Head, E., Cogswell, A., and Spry, J. 2020. Optical, Chemical, and Biological Oceanographic Conditions on the Scotian Shelf and in the Eastern Gulf of Maine during 2018. DFO Can. Sci. Advis. Sec. Res. Doc. 2020/037. v + 66 p."
bivalvia_abundance,Abundance of bivalvia group,occupations,sections,zooplankton,Zooplankton_Occupations_Sections,"Casault, B., Johnson, C., Devred, E., Head, E., Cogswell, A., and Spry, J. 2020. Optical, Chemical, and Biological Oceanographic Conditions on the Scotian Shelf and in the Eastern Gulf of Maine during 2018. DFO Can. Sci. Advis. Sec. Res. Doc. 2020/037. v + 66 p."
bivalvia_abundance,Abundance of bivalvia group,occupations,stations,zooplankton,Zooplankton_Occupations_Stations,"Casault, B., Johnson, C., Devred, E., Head, E., Cogswell, A., and Spry, J. 2020. Optical, Chemical, and Biological Oceanographic Conditions on the Scotian Shelf and in the Eastern Gulf of Maine during 2018. DFO Can. Sci. Advis. Sec. Res. Doc. 2020/037. v + 66 p."
euphasiacea_log10,Abundance of euphasiacea group  with a log 10 transform ,annual,sections,zooplankton,Zooplankton_Annual_Sections,"Casault, B., Johnson, C., Devred, E., Head, E., Cogswell, A., and Spry, J. 2020. Optical, Chemical, and Biological Oceanographic Conditions on the Scotian Shelf and in the Eastern Gulf of Maine during 2018. DFO Can. Sci. Advis. Sec. Res. Doc. 2020/037. v + 66 p."
euphasiacea_log10,Abundance of euphasiacea group  with a log 10 transform ,annual,stations,zooplankton,Zooplankton_Annual_Stations,"Casault, B., Johnson, C., Devred, E., Head, E., Cogswell, A., and Spry, J. 2020. Optical, Chemical, and Biological Oceanographic Conditions on the Scotian Shelf and in the Eastern Gulf of Maine during 2018. DFO Can. Sci. Advis. Sec. Res. Doc. 2020/037. v + 66 p."
euphasiacea_abundance,Abundance of euphasiacea group,occupations,sections,zooplankton,Zooplankton_Occupations_Sections,"Casault, B., Johnson, C., Devred, E., Head, E., Cogswell, A., and Spry, J. 2020. Optical, Chemical, and Biological Oceanographic Conditions on the Scotian Shelf and in the Eastern Gulf of Maine during 2018. DFO Can. Sci. Advis. Sec. Res. Doc. 2020/037. v + 66 p."
euphasiacea_abundance,Abundance of euphasiacea group,occupations,stations,zooplankton,Zooplankton_Occupations_Stations,"Casault, B., Johnson, C., Devred, E., Head, E., Cogswell, A., and Spry, J. 2020. Optical, Chemical, and Biological Oceanographic Conditions on the Scotian Shelf and in the Eastern Gulf of Maine during 2018. DFO Can. Sci. Advis. Sec. Res. Doc. 2020/037. v + 66 p."
sea_surface_temperature_warming,Derived metric calculating the warming of sea surface temperature averages over the Scotian Shelf,annual,broadscale,phenology,Derived_Annual_Broadscale,"Casault, B., Johnson, C., Devred, E., Head, E., Cogswell, A., and Spry, J. 2020. Optical, Chemical, and Biological Oceanographic Conditions on the Scotian Shelf and in the Eastern Gulf of Maine during 2018. DFO Can. Sci. Advis. Sec. Res. Doc. 2020/037. v + 66 p."
final_day_of_sea_ice,The final day of sea ice observed in the Gulf of St. Lawrence. Note that this metric can be used as a reasonable proxy for the Scotian Shelf,annual,broadscale,phenology,Derived_Annual_Broadscale,"Casault, B., Johnson, C., Devred, E., Head, E., Cogswell, A., and Spry, J. 2020. Optical, Chemical, and Biological Oceanographic Conditions on the Scotian Shelf and in the Eastern Gulf of Maine during 2018. DFO Can. Sci. Advis. Sec. Res. Doc. 2020/037. v + 66 p."
amplitude_of_phytoplankton_bloom,An average measure of the amplitude of the phytoplankton bloom on the Scotian Shelf,annual,broadscale,phenology,Derived_Annual_Broadscale,"Casault, B., Johnson, C., Devred, E., Head, E., Cogswell, A., and Spry, J. 2020. Optical, Chemical, and Biological Oceanographic Conditions on the Scotian Shelf and in the Eastern Gulf of Maine during 2018. DFO Can. Sci. Advis. Sec. Res. Doc. 2020/037. v + 66 p."
magnitude_of_phytoplankton_bloom,An average measure of the magnitude of the phytoplankton bloom on the Scotian Shelf,annual,broadscale,phenology,Derived_Annual_Broadscale,"Casault, B., Johnson, C., Devred, E., Head, E., Cogswell, A., and Spry, J. 2020. Optical, Chemical, and Biological Oceanographic Conditions on the Scotian Shelf and in the Eastern Gulf of Maine during 2018. DFO Can. Sci. Advis. Sec. Res. Doc. 2020/037. v + 66 p."
start_of_phytoplankton_bloom,The timing (start) of the phytoplankton bloom on the Scotian Shelf,annual,broadscale,phenology,Derived_Annual_Broadscale,"Casault, B., Johnson, C., Devred, E., Head, E., Cogswell, A., and Spry, J. 2020. Optical, Chemical, and Biological Oceanographic Conditions on the Scotian Shelf and in the Eastern Gulf of Maine during 2018. DFO Can. Sci. Advis. Sec. Res. Doc. 2020/037. v + 66 p."
duration_of_phytoplankton_bloom,The duration of the Scotian Shelf phytoplankton bloom,annual,broadscale,phenology,Derived_Annual_Broadscale,"Casault, B., Johnson, C., Devred, E., Head, E., Cogswell, A., and Spry, J. 2020. Optical, Chemical, and Biological Oceanographic Conditions on the Scotian Shelf and in the Eastern Gulf of Maine during 2018. DFO Can. Sci. Advis. Sec. Res. Doc. 2020/037. v + 66 p."
mixed_layer_depth,The depth of the well mixed surface layer at fixed stations,occupations,stations,biochemical,Derived_Occupations_Stations,"Casault, B., Johnson, C., Devred, E., Head, E., Cogswell, A., and Spry, J. 2020. Optical, Chemical, and Biological Oceanographic Conditions on the Scotian Shelf and in the Eastern Gulf of Maine during 2018. DFO Can. Sci. Advis. Sec. Res. Doc. 2020/037. v + 66 p."
euphotic_depth,The depth of the euphotic zone measured at fixed stations,occupations,stations,biochemical,Derived_Occupations_Stations,"Casault, B., Johnson, C., Devred, E., Head, E., Cogswell, A., and Spry, J. 2020. Optical, Chemical, and Biological Oceanographic Conditions on the Scotian Shelf and in the Eastern Gulf of Maine during 2018. DFO Can. Sci. Advis. Sec. Res. Doc. 2020/037. v + 66 p."
silicate,Discrete measurements of silicate concentration in the water column at a range of depths ,occupations,sections,biochemical,Discrete_Occupations_Sections,"Casault, B., Johnson, C., Devred, E., Head, E., Cogswell, A., and Spry, J. 2020. Optical, Chemical, and Biological Oceanographic Conditions on the Scotian Shelf and in the Eastern Gulf of Maine during 2018. DFO Can. Sci. Advis. Sec. Res. Doc. 2020/037. v + 66 p."
silicate,Discrete measurements of silicate concentration in the water column at a range of depths ,occupations,stations,biochemical,Discrete_Occupations_Stations,"Casault, B., Johnson, C., Devred, E., Head, E., Cogswell, A., and Spry, J. 2020. Optical, Chemical, and Biological Oceanographic Conditions on the Scotian Shelf and in the Eastern Gulf of Maine during 2018. DFO Can. Sci. Advis. Sec. Res. Doc. 2020/037. v + 66 p."
phosphate,Discrete measurements of phosphate concentration in the water column at a range of depths ,occupations,sections,biochemical,Discrete_Occupations_Sections,"Casault, B., Johnson, C., Devred, E., Head, E., Cogswell, A., and Spry, J. 2020. Optical, Chemical, and Biological Oceanographic Conditions on the Scotian Shelf and in the Eastern Gulf of Maine during 2018. DFO Can. Sci. Advis. Sec. Res. Doc. 2020/037. v + 66 p."
phosphate,Discrete measurements of phosphate concentration in the water column at a range of depths ,occupations,stations,biochemical,Discrete_Occupations_Stations,"Casault, B., Johnson, C., Devred, E., Head, E., Cogswell, A., and Spry, J. 2020. Optical, Chemical, and Biological Oceanographic Conditions on the Scotian Shelf and in the Eastern Gulf of Maine during 2018. DFO Can. Sci. Advis. Sec. Res. Doc. 2020/037. v + 66 p."
nitrate,Discrete measurements of nitrate concentration in the water column at a range of depths ,occupations,sections,biochemical,Discrete_Occupations_Sections,"Casault, B., Johnson, C., Devred, E., Head, E., Cogswell, A., and Spry, J. 2020. Optical, Chemical, and Biological Oceanographic Conditions on the Scotian Shelf and in the Eastern Gulf of Maine during 2018. DFO Can. Sci. Advis. Sec. Res. Doc. 2020/037. v + 66 p."
nitrate,Discrete measurements of nitrate concentration in the water column at a range of depths ,occupations,stations,biochemical,Discrete_Occupations_Stations,"Casault, B., Johnson, C., Devred, E., Head, E., Cogswell, A., and Spry, J. 2020. Optical, Chemical, and Biological Oceanographic Conditions on the Scotian Shelf and in the Eastern Gulf of Maine during 2018. DFO Can. Sci. Advis. Sec. Res. Doc. 2020/037. v + 66 p."
integrated_nitrate_50_150,Nitrate concentrations integrated between 50 and 150 metres,annual,sections,biochemical,Derived_Annual_Sections,"Casault, B., Johnson, C., Devred, E., Head, E., Cogswell, A., and Spry, J. 2020. Optical, Chemical, and Biological Oceanographic Conditions on the Scotian Shelf and in the Eastern Gulf of Maine during 2018. DFO Can. Sci. Advis. Sec. Res. Doc. 2020/037. v + 66 p."
integrated_nitrate_50_150,Nitrate concentrations integrated between 50 and 150 metres,annual,stations,biochemical,Derived_Annual_Stations,"Casault, B., Johnson, C., Devred, E., Head, E., Cogswell, A., and Spry, J. 2020. Optical, Chemical, and Biological Oceanographic Conditions on the Scotian Shelf and in the Eastern Gulf of Maine during 2018. DFO Can. Sci. Advis. Sec. Res. Doc. 2020/037. v + 66 p."
integrated_nitrate_50_150,Nitrate concentrations integrated between 50 and 150 metres,occupations,sections,biochemical,Derived_Occupations_Sections,"Casault, B., Johnson, C., Devred, E., Head, E., Cogswell, A., and Spry, J. 2020. Optical, Chemical, and Biological Oceanographic Conditions on the Scotian Shelf and in the Eastern Gulf of Maine during 2018. DFO Can. Sci. Advis. Sec. Res. Doc. 2020/037. v + 66 p."
integrated_nitrate_50_150,Nitrate concentrations integrated between 50 and 150 metres,occupations,stations,biochemical,Derived_Occupations_Stations,"Casault, B., Johnson, C., Devred, E., Head, E., Cogswell, A., and Spry, J. 2020. Optical, Chemical, and Biological Oceanographic Conditions on the Scotian Shelf and in the Eastern Gulf of Maine during 2018. DFO Can. Sci. Advis. Sec. Res. Doc. 2020/037. v + 66 p."
integrated_nitrate_0_50,Nitrate concentrations integrated between 0 and 50 metres,annual,sections,biochemical,Derived_Annual_Sections,"Casault, B., Johnson, C., Devred, E., Head, E., Cogswell, A., and Spry, J. 2020. Optical, Chemical, and Biological Oceanographic Conditions on the Scotian Shelf and in the Eastern Gulf of Maine during 2018. DFO Can. Sci. Advis. Sec. Res. Doc. 2020/037. v + 66 p."
integrated_nitrate_0_50,Nitrate concentrations integrated between 0 and 50 metres,annual,stations,biochemical,Derived_Annual_Stations,"Casault, B., Johnson, C., Devred, E., Head, E., Cogswell, A., and Spry, J. 2020. Optical, Chemical, and Biological Oceanographic Conditions on the Scotian Shelf and in the Eastern Gulf of Maine during 2018. DFO Can. Sci. Advis. Sec. Res. Doc. 2020/037. v + 66 p."
integrated_nitrate_0_50,Nitrate concentrations integrated between 0 and 50 metres,occupations,sections,biochemical,Derived_Occupations_Sections,"Casault, B., Johnson, C., Devred, E., Head, E., Cogswell, A., and Spry, J. 2020. Optical, Chemical, and Biological Oceanographic Conditions on the Scotian Shelf and in the Eastern Gulf of Maine during 2018. DFO Can. Sci. Advis. Sec. Res. Doc. 2020/037. v + 66 p."
integrated_nitrate_0_50,Nitrate concentrations integrated between 0 and 50 metres,occupations,stations,biochemical,Derived_Occupations_Stations,"Casault, B., Johnson, C., Devred, E., Head, E., Cogswell, A., and Spry, J. 2020. Optical, Chemical, and Biological Oceanographic Conditions on the Scotian Shelf and in the Eastern Gulf of Maine during 2018. DFO Can. Sci. Advis. Sec. Res. Doc. 2020/037. v + 66 p."
integrated_silicate_0_50,Silicate concentrations integrated between 0 and 50 metres,annual,sections,biochemical,Derived_Annual_Sections,"Casault, B., Johnson, C., Devred, E., Head, E., Cogswell, A., and Spry, J. 2020. Optical, Chemical, and Biological Oceanographic Conditions on the Scotian Shelf and in the Eastern Gulf of Maine during 2018. DFO Can. Sci. Advis. Sec. Res. Doc. 2020/037. v + 66 p."
integrated_silicate_0_50,Silicate concentrations integrated between 0 and 50 metres,annual,stations,biochemical,Derived_Annual_Stations,"Casault, B., Johnson, C., Devred, E., Head, E., Cogswell, A., and Spry, J. 2020. Optical, Chemical, and Biological Oceanographic Conditions on the Scotian Shelf and in the Eastern Gulf of Maine during 2018. DFO Can. Sci. Advis. Sec. Res. Doc. 2020/037. v + 66 p."
integrated_silicate_0_50,Silicate concentrations integrated between 0 and 50 metres,occupations,sections,biochemical,Derived_Occupations_Sections,"Casault, B., Johnson, C., Devred, E., Head, E., Cogswell, A., and Spry, J. 2020. Optical, Chemical, and Biological Oceanographic Conditions on the Scotian Shelf and in the Eastern Gulf of Maine during 2018. DFO Can. Sci. Advis. Sec. Res. Doc. 2020/037. v + 66 p."
integrated_silicate_0_50,Silicate concentrations integrated between 0 and 50 metres,occupations,stations,biochemical,Derived_Occupations_Stations,"Casault, B., Johnson, C., Devred, E., Head, E., Cogswell, A., and Spry, J. 2020. Optical, Chemical, and Biological Oceanographic Conditions on the Scotian Shelf and in the Eastern Gulf of Maine during 2018. DFO Can. Sci. Advis. Sec. Res. Doc. 2020/037. v + 66 p."
integrated_silicate_50_150,Silicate concentrations integrated between 50 and 150 metres,annual,sections,biochemical,Derived_Annual_Sections,"Casault, B., Johnson, C., Devred, E., Head, E., Cogswell, A., and Spry, J. 2020. Optical, Chemical, and Biological Oceanographic Conditions on the Scotian Shelf and in the Eastern Gulf of Maine during 2018. DFO Can. Sci. Advis. Sec. Res. Doc. 2020/037. v + 66 p."
integrated_silicate_50_150,Silicate concentrations integrated between 50 and 150 metres,annual,stations,biochemical,Derived_Annual_Stations,"Casault, B., Johnson, C., Devred, E., Head, E., Cogswell, A., and Spry, J. 2020. Optical, Chemical, and Biological Oceanographic Conditions on the Scotian Shelf and in the Eastern Gulf of Maine during 2018. DFO Can. Sci. Advis. Sec. Res. Doc. 2020/037. v + 66 p."
integrated_silicate_50_150,Silicate concentrations integrated between 50 and 150 metres,occupations,sections,biochemical,Derived_Occupations_Sections,"Casault, B., Johnson, C., Devred, E., Head, E., Cogswell, A., and Spry, J. 2020. Optical, Chemical, and Biological Oceanographic Conditions on the Scotian Shelf and in the Eastern Gulf of Maine during 2018. DFO Can. Sci. Advis. Sec. Res. Doc. 2020/037. v + 66 p."
integrated_silicate_50_150,Silicate concentrations integrated between 50 and 150 metres,occupations,stations,biochemical,Derived_Occupations_Stations,"Casault, B., Johnson, C., Devred, E., Head, E., Cogswell, A., and Spry, J. 2020. Optical, Chemical, and Biological Oceanographic Conditions on the Scotian Shelf and in the Eastern Gulf of Maine during 2018. DFO Can. Sci. Advis. Sec. Res. Doc. 2020/037. v + 66 p."
integrated_phosphate_0_50,Phosphate concentrations integrated between 0 and 50 metres,annual,sections,biochemical,Derived_Annual_Sections,"Casault, B., Johnson, C., Devred, E., Head, E., Cogswell, A., and Spry, J. 2020. Optical, Chemical, and Biological Oceanographic Conditions on the Scotian Shelf and in the Eastern Gulf of Maine during 2018. DFO Can. Sci. Advis. Sec. Res. Doc. 2020/037. v + 66 p."
integrated_phosphate_0_50,Phosphate concentrations integrated between 0 and 50 metres,annual,stations,biochemical,Derived_Annual_Stations,"Casault, B., Johnson, C., Devred, E., Head, E., Cogswell, A., and Spry, J. 2020. Optical, Chemical, and Biological Oceanographic Conditions on the Scotian Shelf and in the Eastern Gulf of Maine during 2018. DFO Can. Sci. Advis. Sec. Res. Doc. 2020/037. v + 66 p."
integrated_phosphate_0_50,Phosphate concentrations integrated between 0 and 50 metres,occupations,sections,biochemical,Derived_Occupations_Sections,"Casault, B., Johnson, C., Devred, E., Head, E., Cogswell, A., and Spry, J. 2020. Optical, Chemical, and Biological Oceanographic Conditions on the Scotian Shelf and in the Eastern Gulf of Maine during 2018. DFO Can. Sci. Advis. Sec. Res. Doc. 2020/037. v + 66 p."
integrated_phosphate_0_50,Phosphate concentrations integrated between 0 and 50 metres,occupations,stations,biochemical,Derived_Occupations_Stations,"Casault, B., Johnson, C., Devred, E., Head, E., Cogswell, A., and Spry, J. 2020. Optical, Chemical, and Biological Oceanographic Conditions on the Scotian Shelf and in the Eastern Gulf of Maine during 2018. DFO Can. Sci. Advis. Sec. Res. Doc. 2020/037. v + 66 p."
integrated_phosphate_50_150,Phosphate concentrations integrated between 50 and 150 metres,annual,sections,biochemical,Derived_Annual_Sections,"Casault, B., Johnson, C., Devred, E., Head, E., Cogswell, A., and Spry, J. 2020. Optical, Chemical, and Biological Oceanographic Conditions on the Scotian Shelf and in the Eastern Gulf of Maine during 2018. DFO Can. Sci. Advis. Sec. Res. Doc. 2020/037. v + 66 p."
integrated_phosphate_50_150,Phosphate concentrations integrated between 50 and 150 metres,annual,stations,biochemical,Derived_Annual_Stations,"Casault, B., Johnson, C., Devred, E., Head, E., Cogswell, A., and Spry, J. 2020. Optical, Chemical, and Biological Oceanographic Conditions on the Scotian Shelf and in the Eastern Gulf of Maine during 2018. DFO Can. Sci. Advis. Sec. Res. Doc. 2020/037. v + 66 p."
integrated_phosphate_50_150,Phosphate concentrations integrated between 50 and 150 metres,occupations,sections,biochemical,Derived_Occupations_Sections,"Casault, B., Johnson, C., Devred, E., Head, E., Cogswell, A., and Spry, J. 2020. Optical, Chemical, and Biological Oceanographic Conditions on the Scotian Shelf and in the Eastern Gulf of Maine during 2018. DFO Can. Sci. Advis. Sec. Res. Doc. 2020/037. v + 66 p."
integrated_phosphate_50_150,Phosphate concentrations integrated between 50 and 150 metres,occupations,stations,biochemical,Derived_Occupations_Stations,"Casault, B., Johnson, C., Devred, E., Head, E., Cogswell, A., and Spry, J. 2020. Optical, Chemical, and Biological Oceanographic Conditions on the Scotian Shelf and in the Eastern Gulf of Maine during 2018. DFO Can. Sci. Advis. Sec. Res. Doc. 2020/037. v + 66 p."
integrated_chlorophyll_0_100,Chlorophyll concentrations integrated between 0 and 100 metres,annual,sections,biochemical,Derived_Annual_Sections,"Casault, B., Johnson, C., Devred, E., Head, E., Cogswell, A., and Spry, J. 2020. Optical, Chemical, and Biological Oceanographic Conditions on the Scotian Shelf and in the Eastern Gulf of Maine during 2018. DFO Can. Sci. Advis. Sec. Res. Doc. 2020/037. v + 66 p."
integrated_chlorophyll_0_100,Chlorophyll concentrations integrated between 0 and 100 metres,annual,stations,biochemical,Derived_Annual_Stations,"Casault, B., Johnson, C., Devred, E., Head, E., Cogswell, A., and Spry, J. 2020. Optical, Chemical, and Biological Oceanographic Conditions on the Scotian Shelf and in the Eastern Gulf of Maine during 2018. DFO Can. Sci. Advis. Sec. Res. Doc. 2020/037. v + 66 p."
integrated_chlorophyll_0_100,Chlorophyll concentrations integrated between 0 and 100 metres,occupations,sections,biochemical,Derived_Occupations_Sections,"Casault, B., Johnson, C., Devred, E., Head, E., Cogswell, A., and Spry, J. 2020. Optical, Chemical, and Biological Oceanographic Conditions on the Scotian Shelf and in the Eastern Gulf of Maine during 2018. DFO Can. Sci. Advis. Sec. Res. Doc. 2020/037. v + 66 p."
integrated_chlorophyll_0_100,Chlorophyll concentrations integrated between 0 and 100 metres,occupations,stations,biochemical,Derived_Occupations_Stations,"Casault, B., Johnson, C., Devred, E., Head, E., Cogswell, A., and Spry, J. 2020. Optical, Chemical, and Biological Oceanographic Conditions on the Scotian Shelf and in the Eastern Gulf of Maine during 2018. DFO Can. Sci. Advis. Sec. Res. Doc. 2020/037. v + 66 p."
chlorophyll,Discrete measurements of chlorophyll concentration in the water column at a range of depths ,occupations,sections,biochemical,Derived_Occupations_Sections,"Casault, B., Johnson, C., Devred, E., Head, E., Cogswell, A., and Spry, J. 2020. Optical, Chemical, and Biological Oceanographic Conditions on the Scotian Shelf and in the Eastern Gulf of Maine during 2018. DFO Can. Sci. Advis. Sec. Res. Doc. 2020/037. v + 66 p."
chlorophyll,Discrete measurements of chlorophyll concentration in the water column at a range of depths ,occupations,stations,biochemical,Derived_Occupations_Stations,"Casault, B., Johnson, C., Devred, E., Head, E., Cogswell, A., and Spry, J. 2020. Optical, Chemical, and Biological Oceanographic Conditions on the Scotian Shelf and in the Eastern Gulf of Maine during 2018. DFO Can. Sci. Advis. Sec. Res. Doc. 2020/037. v + 66 p."
microplankton_abundance,Abundance of microplankton at fixed stations,occupations,stations,biochemical,Phytoplankton_Occupations_Stations,"Casault, B., Johnson, C., Devred, E., Head, E., Cogswell, A., and Spry, J. 2020. Optical, Chemical, and Biological Oceanographic Conditions on the Scotian Shelf and in the Eastern Gulf of Maine during 2018. DFO Can. Sci. Advis. Sec. Res. Doc. 2020/037. v + 66 p."
microplankton_abundance_log10,Abundance of microplankton at fixed stations with a log 10 transform,annual,stations,biochemical,Phytoplankton_Annual_Stations,"Casault, B., Johnson, C., Devred, E., Head, E., Cogswell, A., and Spry, J. 2020. Optical, Chemical, and Biological Oceanographic Conditions on the Scotian Shelf and in the Eastern Gulf of Maine during 2018. DFO Can. Sci. Advis. Sec. Res. Doc. 2020/037. v + 66 p."
zooplankton_abundance,Abundance of zooplankton at fixed stations,occupations,sections,biochemical,Zooplankton_Occupations_Sections,"Casault, B., Johnson, C., Devred, E., Head, E., Cogswell, A., and Spry, J. 2020. Optical, Chemical, and Biological Oceanographic Conditions on the Scotian Shelf and in the Eastern Gulf of Maine during 2018. DFO Can. Sci. Advis. Sec. Res. Doc. 2020/037. v + 66 p."
zooplankton_abundance,Abundance of zooplankton at fixed stations,occupations,stations,biochemical,Zooplankton_Occupations_Stations,"Casault, B., Johnson, C., Devred, E., Head, E., Cogswell, A., and Spry, J. 2020. Optical, Chemical, and Biological Oceanographic Conditions on the Scotian Shelf and in the Eastern Gulf of Maine during 2018. DFO Can. Sci. Advis. Sec. Res. Doc. 2020/037. v + 66 p."
zooplankton_abundance_log10,Abundance of zooplankton at fixed stations with a log 10 transform,annual,sections,biochemical,Zooplankton_Annual_Sections,"Casault, B., Johnson, C., Devred, E., Head, E., Cogswell, A., and Spry, J. 2020. Optical, Chemical, and Biological Oceanographic Conditions on the Scotian Shelf and in the Eastern Gulf of Maine during 2018. DFO Can. Sci. Advis. Sec. Res. Doc. 2020/037. v + 66 p."
zooplankton_abundance_log10,Abundance of zooplankton at fixed stations with a log 10 transform,annual,stations,biochemical,Zooplankton_Annual_Stations,"Casault, B., Johnson, C., Devred, E., Head, E., Cogswell, A., and Spry, J. 2020. Optical, Chemical, and Biological Oceanographic Conditions on the Scotian Shelf and in the Eastern Gulf of Maine during 2018. DFO Can. Sci. Advis. Sec. Res. Doc. 2020/037. v + 66 p."
zooplankton_meso_wet_weight,Wet weight of meso zooplankton,annual,sections,biochemical,Zooplankton_Annual_Sections,"Casault, B., Johnson, C., Devred, E., Head, E., Cogswell, A., and Spry, J. 2020. Optical, Chemical, and Biological Oceanographic Conditions on the Scotian Shelf and in the Eastern Gulf of Maine during 2018. DFO Can. Sci. Advis. Sec. Res. Doc. 2020/037. v + 66 p."
zooplankton_meso_wet_weight,Wet weight of meso zooplankton,annual,stations,biochemical,Zooplankton_Annual_Stations,"Casault, B., Johnson, C., Devred, E., Head, E., Cogswell, A., and Spry, J. 2020. Optical, Chemical, and Biological Oceanographic Conditions on the Scotian Shelf and in the Eastern Gulf of Maine during 2018. DFO Can. Sci. Advis. Sec. Res. Doc. 2020/037. v + 66 p."
zooplankton_meso_wet_weight,Wet weight of meso zooplankton,occupations,sections,biochemical,Zooplankton_Occupations_Sections,"Casault, B., Johnson, C., Devred, E., Head, E., Cogswell, A., and Spry, J. 2020. Optical, Chemical, and Biological Oceanographic Conditions on the Scotian Shelf and in the Eastern Gulf of Maine during 2018. DFO Can. Sci. Advis. Sec. Res. Doc. 2020/037. v + 66 p."
zooplankton_meso_wet_weight,Wet weight of meso zooplankton,occupations,stations,biochemical,Zooplankton_Occupations_Stations,"Casault, B., Johnson, C., Devred, E., Head, E., Cogswell, A., and Spry, J. 2020. Optical, Chemical, and Biological Oceanographic Conditions on the Scotian Shelf and in the Eastern Gulf of Maine during 2018. DFO Can. Sci. Advis. Sec. Res. Doc. 2020/037. v + 66 p."
zooplankton_macro_wet_weight,Wet weight of macro zooplankton,annual,sections,biochemical,Zooplankton_Annual_Sections,"Casault, B., Johnson, C., Devred, E., Head, E., Cogswell, A., and Spry, J. 2020. Optical, Chemical, and Biological Oceanographic Conditions on the Scotian Shelf and in the Eastern Gulf of Maine during 2018. DFO Can. Sci. Advis. Sec. Res. Doc. 2020/037. v + 66 p."
zooplankton_macro_wet_weight,Wet weight of macro zooplankton,annual,stations,biochemical,Zooplankton_Annual_Stations,"Casault, B., Johnson, C., Devred, E., Head, E., Cogswell, A., and Spry, J. 2020. Optical, Chemical, and Biological Oceanographic Conditions on the Scotian Shelf and in the Eastern Gulf of Maine during 2018. DFO Can. Sci. Advis. Sec. Res. Doc. 2020/037. v + 66 p."
zooplankton_macro_wet_weight,Wet weight of macro zooplankton,occupations,sections,biochemical,Zooplankton_Occupations_Sections,"Casault, B., Johnson, C., Devred, E., Head, E., Cogswell, A., and Spry, J. 2020. Optical, Chemical, and Biological Oceanographic Conditions on the Scotian Shelf and in the Eastern Gulf of Maine during 2018. DFO Can. Sci. Advis. Sec. Res. Doc. 2020/037. v + 66 p."
zooplankton_macro_wet_weight,Wet weight of macro zooplankton,occupations,stations,biochemical,Zooplankton_Occupations_Stations,"Casault, B., Johnson, C., Devred, E., Head, E., Cogswell, A., and Spry, J. 2020. Optical, Chemical, and Biological Oceanographic Conditions on the Scotian Shelf and in the Eastern Gulf of Maine during 2018. DFO Can. Sci. Advis. Sec. Res. Doc. 2020/037. v + 66 p."
zooplankton_total_wet_weight,Wet weight of all zooplankton from sampling,annual,sections,biochemical,Zooplankton_Annual_Sections,"Casault, B., Johnson, C., Devred, E., Head, E., Cogswell, A., and Spry, J. 2020. Optical, Chemical, and Biological Oceanographic Conditions on the Scotian Shelf and in the Eastern Gulf of Maine during 2018. DFO Can. Sci. Advis. Sec. Res. Doc. 2020/037. v + 66 p."
zooplankton_total_wet_weight,Wet weight of all zooplankton from sampling,annual,stations,biochemical,Zooplankton_Annual_Stations,"Casault, B., Johnson, C., Devred, E., Head, E., Cogswell, A., and Spry, J. 2020. Optical, Chemical, and Biological Oceanographic Conditions on the Scotian Shelf and in the Eastern Gulf of Maine during 2018. DFO Can. Sci. Advis. Sec. Res. Doc. 2020/037. v + 66 p."
zooplankton_total_wet_weight,Wet weight of all zooplankton from sampling,occupations,sections,biochemical,Zooplankton_Occupations_Sections,"Casault, B., Johnson, C., Devred, E., Head, E., Cogswell, A., and Spry, J. 2020. Optical, Chemical, and Biological Oceanographic Conditions on the Scotian Shelf and in the Eastern Gulf of Maine during 2018. DFO Can. Sci. Advis. Sec. Res. Doc. 2020/037. v + 66 p."
zooplankton_total_wet_weight,Wet weight of all zooplankton from sampling,occupations,stations,biochemical,Zooplankton_Occupations_Stations,"Casault, B., Johnson, C., Devred, E., Head, E., Cogswell, A., and Spry, J. 2020. Optical, Chemical, and Biological Oceanographic Conditions on the Scotian Shelf and in the Eastern Gulf of Maine during 2018. DFO Can. Sci. Advis. Sec. Res. Doc. 2020/037. v + 66 p."
zooplankton_total_wet_weight,Wet weight of all zooplankton from sampling,occupations,broadscale,biochemical,Zooplankton_Occupations_Broadscale,"Casault, B., Johnson, C., Devred, E., Head, E., Cogswell, A., and Spry, J. 2020. Optical, Chemical, and Biological Oceanographic Conditions on the Scotian Shelf and in the Eastern Gulf of Maine during 2018. DFO Can. Sci. Advis. Sec. Res. Doc. 2020/037. v + 66 p."
zooplankton_total_wet_weight,Wet weight of all zooplankton from sampling,seasonal,broadscale,biochemical,Zooplankton_Seasonal_Broadscale,"Casault, B., Johnson, C., Devred, E., Head, E., Cogswell, A., and Spry, J. 2020. Optical, Chemical, and Biological Oceanographic Conditions on the Scotian Shelf and in the Eastern Gulf of Maine during 2018. DFO Can. Sci. Advis. Sec. Res. Doc. 2020/037. v + 66 p."
zooplankton_total_wet_weight,Wet weight of all zooplankton from sampling,seasonal,sections,biochemical,Zooplankton_Seasonal_Sections,"Casault, B., Johnson, C., Devred, E., Head, E., Cogswell, A., and Spry, J. 2020. Optical, Chemical, and Biological Oceanographic Conditions on the Scotian Shelf and in the Eastern Gulf of Maine during 2018. DFO Can. Sci. Advis. Sec. Res. Doc. 2020/037. v + 66 p."
zooplankton_meso_dry_weight,Dry weight of meso zooplankton,annual,sections,biochemical,Zooplankton_Annual_Sections,"Casault, B., Johnson, C., Devred, E., Head, E., Cogswell, A., and Spry, J. 2020. Optical, Chemical, and Biological Oceanographic Conditions on the Scotian Shelf and in the Eastern Gulf of Maine during 2018. DFO Can. Sci. Advis. Sec. Res. Doc. 2020/037. v + 66 p."
zooplankton_meso_dry_weight,Dry weight of meso zooplankton,annual,stations,biochemical,Zooplankton_Annual_Stations,"Casault, B., Johnson, C., Devred, E., Head, E., Cogswell, A., and Spry, J. 2020. Optical, Chemical, and Biological Oceanographic Conditions on the Scotian Shelf and in the Eastern Gulf of Maine during 2018. DFO Can. Sci. Advis. Sec. Res. Doc. 2020/037. v + 66 p."
zooplankton_meso_dry_weight,Dry weight of meso zooplankton,occupations,sections,biochemical,Zooplankton_Occupations_Sections,"Casault, B., Johnson, C., Devred, E., Head, E., Cogswell, A., and Spry, J. 2020. Optical, Chemical, and Biological Oceanographic Conditions on the Scotian Shelf and in the Eastern Gulf of Maine during 2018. DFO Can. Sci. Advis. Sec. Res. Doc. 2020/037. v + 66 p."
zooplankton_meso_dry_weight,Dry weight of meso zooplankton,occupations,stations,biochemical,Zooplankton_Occupations_Stations,"Casault, B., Johnson, C., Devred, E., Head, E., Cogswell, A., and Spry, J. 2020. Optical, Chemical, and Biological Oceanographic Conditions on the Scotian Shelf and in the Eastern Gulf of Maine during 2018. DFO Can. Sci. Advis. Sec. Res. Doc. 2020/037. v + 66 p."
zooplankton_meso_dry_weight,Dry weight of meso zooplankton,occupations,broadscale,biochemical,Zooplankton_Occupations_Broadscale,"Casault, B., Johnson, C., Devred, E., Head, E., Cogswell, A., and Spry, J. 2020. Optical, Chemical, and Biological Oceanographic Conditions on the Scotian Shelf and in the Eastern Gulf of Maine during 2018. DFO Can. Sci. Advis. Sec. Res. Doc. 2020/037. v + 66 p."
zooplankton_meso_dry_weight,Dry weight of meso zooplankton,seasonal,broadscale,biochemical,Zooplankton_Seasonal_Broadscale,"Casault, B., Johnson, C., Devred, E., Head, E., Cogswell, A., and Spry, J. 2020. Optical, Chemical, and Biological Oceanographic Conditions on the Scotian Shelf and in the Eastern Gulf of Maine during 2018. DFO Can. Sci. Advis. Sec. Res. Doc. 2020/037. v + 66 p."
zooplankton_meso_dry_weight,Dry weight of meso zooplankton,seasonal,sections,biochemical,Zooplankton_Seasonal_Sections,"Casault, B., Johnson, C., Devred, E., Head, E., Cogswell, A., and Spry, J. 2020. Optical, Chemical, and Biological Oceanographic Conditions on the Scotian Shelf and in the Eastern Gulf of Maine during 2018. DFO Can. Sci. Advis. Sec. Res. Doc. 2020/037. v + 66 p."
nitrate_at_sea_floor,Nitrate concentrations at the bottom of the water column,annual,broadscale,biochemical,Derived_Annual_Broadscale,"Casault, B., Johnson, C., Devred, E., Head, E., Cogswell, A., and Spry, J. 2020. Optical, Chemical, and Biological Oceanographic Conditions on the Scotian Shelf and in the Eastern Gulf of Maine during 2018. DFO Can. Sci. Advis. Sec. Res. Doc. 2020/037. v + 66 p."
oxygen_at_sea_floor,Oxygen concentrations at the bottom of the water column,annual,broadscale,biochemical,Derived_Annual_Broadscale,"Casault, B., Johnson, C., Devred, E., Head, E., Cogswell, A., and Spry, J. 2020. Optical, Chemical, and Biological Oceanographic Conditions on the Scotian Shelf and in the Eastern Gulf of Maine during 2018. DFO Can. Sci. Advis. Sec. Res. Doc. 2020/037. v + 66 p."
calanus_abundance_stage_c1,Stage seperated calanus abundance (stage c1),occupations,sections,biochemical,Zooplankton_Occupations_Sections,"Casault, B., Johnson, C., Devred, E., Head, E., Cogswell, A., and Spry, J. 2020. Optical, Chemical, and Biological Oceanographic Conditions on the Scotian Shelf and in the Eastern Gulf of Maine during 2018. DFO Can. Sci. Advis. Sec. Res. Doc. 2020/037. v + 66 p."
calanus_abundance_stage_c1,Stage seperated calanus abundance (stage c1),occupations,stations,biochemical,Zooplankton_Occupations_Stations,"Casault, B., Johnson, C., Devred, E., Head, E., Cogswell, A., and Spry, J. 2020. Optical, Chemical, and Biological Oceanographic Conditions on the Scotian Shelf and in the Eastern Gulf of Maine during 2018. DFO Can. Sci. Advis. Sec. Res. Doc. 2020/037. v + 66 p."
calanus_abundance_stage_c2,Stage seperated calanus abundance (stage c2),occupations,sections,biochemical,Zooplankton_Occupations_Sections,"Casault, B., Johnson, C., Devred, E., Head, E., Cogswell, A., and Spry, J. 2020. Optical, Chemical, and Biological Oceanographic Conditions on the Scotian Shelf and in the Eastern Gulf of Maine during 2018. DFO Can. Sci. Advis. Sec. Res. Doc. 2020/037. v + 66 p."
calanus_abundance_stage_c2,Stage seperated calanus abundance (stage c2),occupations,stations,biochemical,Zooplankton_Occupations_Stations,"Casault, B., Johnson, C., Devred, E., Head, E., Cogswell, A., and Spry, J. 2020. Optical, Chemical, and Biological Oceanographic Conditions on the Scotian Shelf and in the Eastern Gulf of Maine during 2018. DFO Can. Sci. Advis. Sec. Res. Doc. 2020/037. v + 66 p."
calanus_abundance_stage_c3,Stage seperated calanus abundance (stage c3),occupations,sections,biochemical,Zooplankton_Occupations_Sections,"Casault, B., Johnson, C., Devred, E., Head, E., Cogswell, A., and Spry, J. 2020. Optical, Chemical, and Biological Oceanographic Conditions on the Scotian Shelf and in the Eastern Gulf of Maine during 2018. DFO Can. Sci. Advis. Sec. Res. Doc. 2020/037. v + 66 p."
calanus_abundance_stage_c3,Stage seperated calanus abundance (stage c3),occupations,stations,biochemical,Zooplankton_Occupations_Stations,"Casault, B., Johnson, C., Devred, E., Head, E., Cogswell, A., and Spry, J. 2020. Optical, Chemical, and Biological Oceanographic Conditions on the Scotian Shelf and in the Eastern Gulf of Maine during 2018. DFO Can. Sci. Advis. Sec. Res. Doc. 2020/037. v + 66 p."
 calanus_abundance_stage_c4,Stage seperated calanus abundance (stage c4),occupations,sections,biochemical,Zooplankton_Occupations_Sections,"Casault, B., Johnson, C., Devred, E., Head, E., Cogswell, A., and Spry, J. 2020. Optical, Chemical, and Biological Oceanographic Conditions on the Scotian Shelf and in the Eastern Gulf of Maine during 2018. DFO Can. Sci. Advis. Sec. Res. Doc. 2020/037. v + 66 p."
 calanus_abundance_stage_c4,Stage seperated calanus abundance (stage c4),occupations,stations,biochemical,Zooplankton_Occupations_Stations,"Casault, B., Johnson, C., Devred, E., Head, E., Cogswell, A., and Spry, J. 2020. Optical, Chemical, and Biological Oceanographic Conditions on the Scotian Shelf and in the Eastern Gulf of Maine during 2018. DFO Can. Sci. Advis. Sec. Res. Doc. 2020/037. v + 66 p."
calanus_abundance_stage_c5,Stage seperated calanus abundance (stage c5),occupations,sections,biochemical,Zooplankton_Occupations_Sections,"Casault, B., Johnson, C., Devred, E., Head, E., Cogswell, A., and Spry, J. 2020. Optical, Chemical, and Biological Oceanographic Conditions on the Scotian Shelf and in the Eastern Gulf of Maine during 2018. DFO Can. Sci. Advis. Sec. Res. Doc. 2020/037. v + 66 p."
calanus_abundance_stage_c5,Stage seperated calanus abundance (stage c5),occupations,stations,biochemical,Zooplankton_Occupations_Stations,"Casault, B., Johnson, C., Devred, E., Head, E., Cogswell, A., and Spry, J. 2020. Optical, Chemical, and Biological Oceanographic Conditions on the Scotian Shelf and in the Eastern Gulf of Maine during 2018. DFO Can. Sci. Advis. Sec. Res. Doc. 2020/037. v + 66 p."
calanus_abundance_stage_c6,Stage seperated calanus abundance (stage c6),occupations,sections,biochemical,Zooplankton_Occupations_Sections,"Casault, B., Johnson, C., Devred, E., Head, E., Cogswell, A., and Spry, J. 2020. Optical, Chemical, and Biological Oceanographic Conditions on the Scotian Shelf and in the Eastern Gulf of Maine during 2018. DFO Can. Sci. Advis. Sec. Res. Doc. 2020/037. v + 66 p."
calanus_abundance_stage_c6,Stage seperated calanus abundance (stage c6),occupations,stations,biochemical,Zooplankton_Occupations_Stations,"Casault, B., Johnson, C., Devred, E., Head, E., Cogswell, A., and Spry, J. 2020. Optical, Chemical, and Biological Oceanographic Conditions on the Scotian Shelf and in the Eastern Gulf of Maine during 2018. DFO Can. Sci. Advis. Sec. Res. Doc. 2020/037. v + 66 p."
surface_chlorophyll_log10,"Average surface chlorophyll as inferred from satellite (remote sensing) measurements, with a log 10 transform",annual,broadscale,remote sensing,RemoteSensing_Annual_Broadscale,
primary_production_from_satellite,Average primary production as inferred from satellite (remote sensing) measurements,annual,broadscale,biochemical,Derived_Annual_Broadscale,"Casault, B., Johnson, C., Devred, E., Head, E., Cogswell, A., and Spry, J. 2020. Optical, Chemical, and Biological Oceanographic Conditions on the Scotian Shelf and in the Eastern Gulf of Maine during 2018. DFO Can. Sci. Advis. Sec. Res. Doc. 2020/037. v + 66 p."
bloom_start,"Start of pythoplankton bloom, from satellite",annual,broadscale,remote sensing,RemoteSensing_Annual_Broadscale,
bloom_duration,"Length of phytoplankton bloom, from satellite",annual,broadscale,remote sensing,RemoteSensing_Annual_Broadscale,
bloom_amplitude,"Amplitude of phytoplankton bloom, from satellite",annual,broadscale,remote sensing,RemoteSensing_Annual_Broadscale,
bloom_magnitude,"Magnitude of phytoplankton bloom, from satellite",annual,broadscale,remote sensing,RemoteSensing_Annual_Broadscale,
surface_chlorophyll,Average surface chlorophyll as inferred from satellite (remote sensing) measurements,weekly,broadscale,remote sensing,RemoteSensing_Weekly_Broadscale,
